
FREERTOS_SHELL.elf:     file format elf32-avr

Sections:
Idx Name          Size      VMA       LMA       File off  Algn
  0 .text         00004d9c  00000000  00000000  00000094  2**1
                  CONTENTS, ALLOC, LOAD, READONLY, CODE
  1 .data         000000f6  00802000  00004d9c  00004e30  2**0
                  CONTENTS, ALLOC, LOAD, DATA
  2 .bss          00001c74  008020f6  008020f6  00004f26  2**0
                  ALLOC
  3 .comment      00000030  00000000  00000000  00004f26  2**0
                  CONTENTS, READONLY
  4 .note.gnu.avr.deviceinfo 00000040  00000000  00000000  00004f58  2**2
                  CONTENTS, READONLY
  5 .debug_aranges 00000248  00000000  00000000  00004f98  2**0
                  CONTENTS, READONLY, DEBUGGING
  6 .debug_info   00005177  00000000  00000000  000051e0  2**0
                  CONTENTS, READONLY, DEBUGGING
  7 .debug_abbrev 00002eea  00000000  00000000  0000a357  2**0
                  CONTENTS, READONLY, DEBUGGING
  8 .debug_line   00001bad  00000000  00000000  0000d241  2**0
                  CONTENTS, READONLY, DEBUGGING
  9 .debug_frame  00000700  00000000  00000000  0000edf0  2**2
                  CONTENTS, READONLY, DEBUGGING
 10 .debug_str    0000292e  00000000  00000000  0000f4f0  2**0
                  CONTENTS, READONLY, DEBUGGING
 11 .debug_loc    00002548  00000000  00000000  00011e1e  2**0
                  CONTENTS, READONLY, DEBUGGING
 12 .debug_ranges 00000228  00000000  00000000  00014366  2**0
                  CONTENTS, READONLY, DEBUGGING

Disassembly of section .text:

00000000 <__vectors>:
       0:	0c 94 a8 03 	jmp	0x750	; 0x750 <__ctors_end>
       4:	0c 94 de 03 	jmp	0x7bc	; 0x7bc <__bad_interrupt>
       8:	0c 94 de 03 	jmp	0x7bc	; 0x7bc <__bad_interrupt>
       c:	0c 94 de 03 	jmp	0x7bc	; 0x7bc <__bad_interrupt>
      10:	0c 94 de 03 	jmp	0x7bc	; 0x7bc <__bad_interrupt>
      14:	0c 94 de 03 	jmp	0x7bc	; 0x7bc <__bad_interrupt>
      18:	0c 94 de 03 	jmp	0x7bc	; 0x7bc <__bad_interrupt>
      1c:	0c 94 de 03 	jmp	0x7bc	; 0x7bc <__bad_interrupt>
      20:	0c 94 de 03 	jmp	0x7bc	; 0x7bc <__bad_interrupt>
      24:	0c 94 de 03 	jmp	0x7bc	; 0x7bc <__bad_interrupt>
      28:	0c 94 de 03 	jmp	0x7bc	; 0x7bc <__bad_interrupt>
      2c:	0c 94 de 03 	jmp	0x7bc	; 0x7bc <__bad_interrupt>
      30:	0c 94 de 03 	jmp	0x7bc	; 0x7bc <__bad_interrupt>
      34:	0c 94 de 03 	jmp	0x7bc	; 0x7bc <__bad_interrupt>
      38:	0c 94 de 03 	jmp	0x7bc	; 0x7bc <__bad_interrupt>
      3c:	0c 94 de 03 	jmp	0x7bc	; 0x7bc <__bad_interrupt>
      40:	0c 94 de 03 	jmp	0x7bc	; 0x7bc <__bad_interrupt>
      44:	0c 94 de 03 	jmp	0x7bc	; 0x7bc <__bad_interrupt>
      48:	0c 94 de 03 	jmp	0x7bc	; 0x7bc <__bad_interrupt>
      4c:	0c 94 de 03 	jmp	0x7bc	; 0x7bc <__bad_interrupt>
      50:	0c 94 de 03 	jmp	0x7bc	; 0x7bc <__bad_interrupt>
      54:	0c 94 de 03 	jmp	0x7bc	; 0x7bc <__bad_interrupt>
      58:	0c 94 de 03 	jmp	0x7bc	; 0x7bc <__bad_interrupt>
      5c:	0c 94 de 03 	jmp	0x7bc	; 0x7bc <__bad_interrupt>
      60:	0c 94 de 03 	jmp	0x7bc	; 0x7bc <__bad_interrupt>
      64:	0c 94 d9 12 	jmp	0x25b2	; 0x25b2 <__vector_25>
      68:	0c 94 de 03 	jmp	0x7bc	; 0x7bc <__bad_interrupt>
      6c:	0c 94 de 03 	jmp	0x7bc	; 0x7bc <__bad_interrupt>
      70:	0c 94 7b 12 	jmp	0x24f6	; 0x24f6 <__vector_28>
      74:	0c 94 de 03 	jmp	0x7bc	; 0x7bc <__bad_interrupt>
      78:	0c 94 de 03 	jmp	0x7bc	; 0x7bc <__bad_interrupt>
      7c:	0c 94 de 03 	jmp	0x7bc	; 0x7bc <__bad_interrupt>
      80:	0c 94 de 03 	jmp	0x7bc	; 0x7bc <__bad_interrupt>
      84:	0c 94 de 03 	jmp	0x7bc	; 0x7bc <__bad_interrupt>
      88:	0c 94 de 03 	jmp	0x7bc	; 0x7bc <__bad_interrupt>
      8c:	0c 94 de 03 	jmp	0x7bc	; 0x7bc <__bad_interrupt>
      90:	0c 94 de 03 	jmp	0x7bc	; 0x7bc <__bad_interrupt>
      94:	0c 94 de 03 	jmp	0x7bc	; 0x7bc <__bad_interrupt>
      98:	0c 94 de 03 	jmp	0x7bc	; 0x7bc <__bad_interrupt>
      9c:	0c 94 de 03 	jmp	0x7bc	; 0x7bc <__bad_interrupt>
      a0:	0c 94 de 03 	jmp	0x7bc	; 0x7bc <__bad_interrupt>
      a4:	0c 94 de 03 	jmp	0x7bc	; 0x7bc <__bad_interrupt>
      a8:	0c 94 de 03 	jmp	0x7bc	; 0x7bc <__bad_interrupt>
      ac:	0c 94 de 03 	jmp	0x7bc	; 0x7bc <__bad_interrupt>
      b0:	0c 94 de 03 	jmp	0x7bc	; 0x7bc <__bad_interrupt>
      b4:	0c 94 de 03 	jmp	0x7bc	; 0x7bc <__bad_interrupt>
      b8:	0c 94 de 03 	jmp	0x7bc	; 0x7bc <__bad_interrupt>
      bc:	0c 94 de 03 	jmp	0x7bc	; 0x7bc <__bad_interrupt>
      c0:	0c 94 de 03 	jmp	0x7bc	; 0x7bc <__bad_interrupt>
      c4:	0c 94 43 1b 	jmp	0x3686	; 0x3686 <__vector_49>
      c8:	0c 94 de 03 	jmp	0x7bc	; 0x7bc <__bad_interrupt>
      cc:	0c 94 de 03 	jmp	0x7bc	; 0x7bc <__bad_interrupt>
      d0:	0c 94 de 03 	jmp	0x7bc	; 0x7bc <__bad_interrupt>
      d4:	0c 94 de 03 	jmp	0x7bc	; 0x7bc <__bad_interrupt>
      d8:	0c 94 de 03 	jmp	0x7bc	; 0x7bc <__bad_interrupt>
      dc:	0c 94 de 03 	jmp	0x7bc	; 0x7bc <__bad_interrupt>
      e0:	0c 94 de 03 	jmp	0x7bc	; 0x7bc <__bad_interrupt>
      e4:	0c 94 de 03 	jmp	0x7bc	; 0x7bc <__bad_interrupt>
      e8:	0c 94 61 11 	jmp	0x22c2	; 0x22c2 <__vector_58>
      ec:	0c 94 de 03 	jmp	0x7bc	; 0x7bc <__bad_interrupt>
      f0:	0c 94 de 03 	jmp	0x7bc	; 0x7bc <__bad_interrupt>
      f4:	0c 94 de 03 	jmp	0x7bc	; 0x7bc <__bad_interrupt>
      f8:	0c 94 de 03 	jmp	0x7bc	; 0x7bc <__bad_interrupt>
      fc:	0c 94 de 03 	jmp	0x7bc	; 0x7bc <__bad_interrupt>
     100:	0c 94 de 03 	jmp	0x7bc	; 0x7bc <__bad_interrupt>
     104:	0c 94 de 03 	jmp	0x7bc	; 0x7bc <__bad_interrupt>
     108:	0c 94 de 03 	jmp	0x7bc	; 0x7bc <__bad_interrupt>
     10c:	0c 94 de 03 	jmp	0x7bc	; 0x7bc <__bad_interrupt>
     110:	0c 94 de 03 	jmp	0x7bc	; 0x7bc <__bad_interrupt>
     114:	0c 94 de 03 	jmp	0x7bc	; 0x7bc <__bad_interrupt>
     118:	0c 94 de 03 	jmp	0x7bc	; 0x7bc <__bad_interrupt>
     11c:	0c 94 de 03 	jmp	0x7bc	; 0x7bc <__bad_interrupt>
     120:	0c 94 de 03 	jmp	0x7bc	; 0x7bc <__bad_interrupt>
     124:	0c 94 de 03 	jmp	0x7bc	; 0x7bc <__bad_interrupt>
     128:	0c 94 de 03 	jmp	0x7bc	; 0x7bc <__bad_interrupt>
     12c:	0c 94 de 03 	jmp	0x7bc	; 0x7bc <__bad_interrupt>
     130:	0c 94 de 03 	jmp	0x7bc	; 0x7bc <__bad_interrupt>
     134:	0c 94 de 03 	jmp	0x7bc	; 0x7bc <__bad_interrupt>
     138:	0c 94 de 03 	jmp	0x7bc	; 0x7bc <__bad_interrupt>
     13c:	0c 94 de 03 	jmp	0x7bc	; 0x7bc <__bad_interrupt>
     140:	0c 94 de 03 	jmp	0x7bc	; 0x7bc <__bad_interrupt>
     144:	0c 94 de 03 	jmp	0x7bc	; 0x7bc <__bad_interrupt>
     148:	0c 94 de 03 	jmp	0x7bc	; 0x7bc <__bad_interrupt>
     14c:	0c 94 de 03 	jmp	0x7bc	; 0x7bc <__bad_interrupt>
     150:	0c 94 de 03 	jmp	0x7bc	; 0x7bc <__bad_interrupt>
     154:	0c 94 de 03 	jmp	0x7bc	; 0x7bc <__bad_interrupt>
     158:	0c 94 de 03 	jmp	0x7bc	; 0x7bc <__bad_interrupt>
     15c:	0c 94 de 03 	jmp	0x7bc	; 0x7bc <__bad_interrupt>
     160:	0c 94 1d 12 	jmp	0x243a	; 0x243a <__vector_88>
     164:	0c 94 de 03 	jmp	0x7bc	; 0x7bc <__bad_interrupt>
     168:	0c 94 de 03 	jmp	0x7bc	; 0x7bc <__bad_interrupt>
     16c:	0c 94 bf 11 	jmp	0x237e	; 0x237e <__vector_91>
     170:	0c 94 de 03 	jmp	0x7bc	; 0x7bc <__bad_interrupt>
     174:	0c 94 de 03 	jmp	0x7bc	; 0x7bc <__bad_interrupt>
     178:	0c 94 de 03 	jmp	0x7bc	; 0x7bc <__bad_interrupt>
     17c:	0c 94 de 03 	jmp	0x7bc	; 0x7bc <__bad_interrupt>
     180:	0c 94 de 03 	jmp	0x7bc	; 0x7bc <__bad_interrupt>
     184:	0c 94 de 03 	jmp	0x7bc	; 0x7bc <__bad_interrupt>
     188:	0c 94 de 03 	jmp	0x7bc	; 0x7bc <__bad_interrupt>
     18c:	0c 94 de 03 	jmp	0x7bc	; 0x7bc <__bad_interrupt>
     190:	0c 94 de 03 	jmp	0x7bc	; 0x7bc <__bad_interrupt>
     194:	0c 94 de 03 	jmp	0x7bc	; 0x7bc <__bad_interrupt>
     198:	0c 94 de 03 	jmp	0x7bc	; 0x7bc <__bad_interrupt>
     19c:	0c 94 de 03 	jmp	0x7bc	; 0x7bc <__bad_interrupt>
     1a0:	0c 94 de 03 	jmp	0x7bc	; 0x7bc <__bad_interrupt>
     1a4:	0c 94 de 03 	jmp	0x7bc	; 0x7bc <__bad_interrupt>
     1a8:	0c 94 de 03 	jmp	0x7bc	; 0x7bc <__bad_interrupt>
     1ac:	0c 94 de 03 	jmp	0x7bc	; 0x7bc <__bad_interrupt>
     1b0:	0c 94 de 03 	jmp	0x7bc	; 0x7bc <__bad_interrupt>
     1b4:	0c 94 de 03 	jmp	0x7bc	; 0x7bc <__bad_interrupt>
     1b8:	0c 94 de 03 	jmp	0x7bc	; 0x7bc <__bad_interrupt>
     1bc:	0c 94 de 03 	jmp	0x7bc	; 0x7bc <__bad_interrupt>
     1c0:	0c 94 de 03 	jmp	0x7bc	; 0x7bc <__bad_interrupt>
     1c4:	0c 94 de 03 	jmp	0x7bc	; 0x7bc <__bad_interrupt>
     1c8:	0c 94 de 03 	jmp	0x7bc	; 0x7bc <__bad_interrupt>
     1cc:	0c 94 de 03 	jmp	0x7bc	; 0x7bc <__bad_interrupt>
     1d0:	0c 94 de 03 	jmp	0x7bc	; 0x7bc <__bad_interrupt>
     1d4:	0c 94 de 03 	jmp	0x7bc	; 0x7bc <__bad_interrupt>
     1d8:	0c 94 de 03 	jmp	0x7bc	; 0x7bc <__bad_interrupt>
     1dc:	0c 94 de 03 	jmp	0x7bc	; 0x7bc <__bad_interrupt>
     1e0:	0c 94 de 03 	jmp	0x7bc	; 0x7bc <__bad_interrupt>
     1e4:	0c 94 de 03 	jmp	0x7bc	; 0x7bc <__bad_interrupt>
     1e8:	0c 94 de 03 	jmp	0x7bc	; 0x7bc <__bad_interrupt>
     1ec:	0c 94 de 03 	jmp	0x7bc	; 0x7bc <__bad_interrupt>
     1f0:	0c 94 de 03 	jmp	0x7bc	; 0x7bc <__bad_interrupt>
     1f4:	0c 94 de 03 	jmp	0x7bc	; 0x7bc <__bad_interrupt>
     1f8:	0c 94 de 03 	jmp	0x7bc	; 0x7bc <__bad_interrupt>
     1fc:	c2 06       	cpc	r12, r18
     1fe:	09 08       	sbc	r0, r9
     200:	09 08       	sbc	r0, r9
     202:	09 08       	sbc	r0, r9
     204:	09 08       	sbc	r0, r9
     206:	09 08       	sbc	r0, r9
     208:	09 08       	sbc	r0, r9
     20a:	09 08       	sbc	r0, r9
     20c:	09 08       	sbc	r0, r9
     20e:	09 08       	sbc	r0, r9
     210:	09 08       	sbc	r0, r9
     212:	09 08       	sbc	r0, r9
     214:	09 08       	sbc	r0, r9
     216:	09 08       	sbc	r0, r9
     218:	09 08       	sbc	r0, r9
     21a:	09 08       	sbc	r0, r9
     21c:	09 08       	sbc	r0, r9
     21e:	09 08       	sbc	r0, r9
     220:	09 08       	sbc	r0, r9
     222:	09 08       	sbc	r0, r9
     224:	09 08       	sbc	r0, r9
     226:	09 08       	sbc	r0, r9
     228:	09 08       	sbc	r0, r9
     22a:	09 08       	sbc	r0, r9
     22c:	09 08       	sbc	r0, r9
     22e:	09 08       	sbc	r0, r9
     230:	09 08       	sbc	r0, r9
     232:	09 08       	sbc	r0, r9
     234:	09 08       	sbc	r0, r9
     236:	09 08       	sbc	r0, r9
     238:	09 08       	sbc	r0, r9
     23a:	09 08       	sbc	r0, r9
     23c:	09 08       	sbc	r0, r9
     23e:	09 08       	sbc	r0, r9
     240:	09 08       	sbc	r0, r9
     242:	09 08       	sbc	r0, r9
     244:	09 08       	sbc	r0, r9
     246:	09 08       	sbc	r0, r9
     248:	09 08       	sbc	r0, r9
     24a:	09 08       	sbc	r0, r9
     24c:	09 08       	sbc	r0, r9
     24e:	09 08       	sbc	r0, r9
     250:	09 08       	sbc	r0, r9
     252:	09 08       	sbc	r0, r9
     254:	09 08       	sbc	r0, r9
     256:	09 08       	sbc	r0, r9
     258:	09 08       	sbc	r0, r9
     25a:	09 08       	sbc	r0, r9
     25c:	09 08       	sbc	r0, r9
     25e:	09 08       	sbc	r0, r9
     260:	09 08       	sbc	r0, r9
     262:	09 08       	sbc	r0, r9
     264:	09 08       	sbc	r0, r9
     266:	09 08       	sbc	r0, r9
     268:	09 08       	sbc	r0, r9
     26a:	09 08       	sbc	r0, r9
     26c:	09 08       	sbc	r0, r9
     26e:	09 08       	sbc	r0, r9
     270:	09 08       	sbc	r0, r9
     272:	09 08       	sbc	r0, r9
     274:	09 08       	sbc	r0, r9
     276:	09 08       	sbc	r0, r9
     278:	09 08       	sbc	r0, r9
     27a:	09 08       	sbc	r0, r9
     27c:	09 08       	sbc	r0, r9
     27e:	09 08       	sbc	r0, r9
     280:	09 08       	sbc	r0, r9
     282:	09 08       	sbc	r0, r9
     284:	09 08       	sbc	r0, r9
     286:	09 08       	sbc	r0, r9
     288:	09 08       	sbc	r0, r9
     28a:	d8 06       	cpc	r13, r24
     28c:	09 08       	sbc	r0, r9
     28e:	0e 07       	cpc	r16, r30
     290:	c2 06       	cpc	r12, r18
     292:	09 08       	sbc	r0, r9
     294:	f2 06       	cpc	r15, r18
     296:	be 06       	cpc	r11, r30
     298:	09 08       	sbc	r0, r9
     29a:	09 08       	sbc	r0, r9
     29c:	09 08       	sbc	r0, r9
     29e:	09 08       	sbc	r0, r9
     2a0:	09 08       	sbc	r0, r9
     2a2:	7b 05       	cpc	r23, r11
     2a4:	09 08       	sbc	r0, r9
     2a6:	09 08       	sbc	r0, r9
     2a8:	09 08       	sbc	r0, r9
     2aa:	28 07       	cpc	r18, r24
     2ac:	82 06       	cpc	r8, r18
     2ae:	44 07       	cpc	r20, r20
     2b0:	09 08       	sbc	r0, r9
     2b2:	89 05       	cpc	r24, r9
     2b4:	26 14       	cp	r2, r6
     2b6:	29 14       	cp	r2, r9
     2b8:	2c 14       	cp	r2, r12
     2ba:	2f 14       	cp	r2, r15
     2bc:	32 14       	cp	r3, r2
     2be:	35 14       	cp	r3, r5
     2c0:	37 14       	cp	r3, r7
     2c2:	48 14       	cp	r4, r8
     2c4:	50 14       	cp	r5, r0
     2c6:	5a 14       	cp	r5, r10
     2c8:	58 14       	cp	r5, r8

000002ca <__trampolines_start>:
     2ca:	0c 94 4a 0d 	jmp	0x1a94	; 0x1a94 <_ZN18task_motor_encoder3runEv>
     2ce:	0c 94 f2 06 	jmp	0xde4	; 0xde4 <_ZN9task_user3runEv+0x448>
     2d2:	0c 94 ef 0e 	jmp	0x1dde	; 0x1dde <_ZN5rs23214check_for_charEv>
     2d6:	0c 94 2f 14 	jmp	0x285e	; 0x285e <_ZN8emstreamlsE15ser_manipulator+0x30>
     2da:	0c 94 c1 13 	jmp	0x2782	; 0x2782 <_ZN14frt_text_queue7getcharEv>
     2de:	0c 94 ce 04 	jmp	0x99c	; 0x99c <_ZN9task_user3runEv>
     2e2:	0c 94 37 14 	jmp	0x286e	; 0x286e <_ZN8emstreamlsE15ser_manipulator+0x40>
     2e6:	0c 94 be 13 	jmp	0x277c	; 0x277c <_ZN8emstream13ready_to_sendEv>
     2ea:	0c 94 b8 13 	jmp	0x2770	; 0x2770 <_ZN8emstream12transmit_nowEv>
     2ee:	0c 94 7b 05 	jmp	0xaf6	; 0xaf6 <_ZN9task_user3runEv+0x15a>
     2f2:	0c 94 be 06 	jmp	0xd7c	; 0xd7c <_ZN9task_user3runEv+0x3e0>
     2f6:	0c 94 09 08 	jmp	0x1012	; 0x1012 <_ZN9task_user3runEv+0x676>
     2fa:	0c 94 2c 14 	jmp	0x2858	; 0x2858 <_ZN8emstreamlsE15ser_manipulator+0x2a>
     2fe:	0c 94 f7 0b 	jmp	0x17ee	; 0x17ee <_ZN21task_pendulum_encoder3runEv>
     302:	0c 94 89 05 	jmp	0xb12	; 0xb12 <_ZN9task_user3runEv+0x176>
     306:	0c 94 5f 08 	jmp	0x10be	; 0x10be <_ZN22task_system_controller3runEv>
     30a:	0c 94 28 07 	jmp	0xe50	; 0xe50 <_ZN9task_user3runEv+0x4b4>
     30e:	0c 94 48 14 	jmp	0x2890	; 0x2890 <_ZN8emstreamlsE15ser_manipulator+0x62>
     312:	0c 94 28 0f 	jmp	0x1e50	; 0x1e50 <_ZN5rs2327putcharEc>
     316:	0c 94 44 07 	jmp	0xe88	; 0xe88 <_ZN9task_user3runEv+0x4ec>
     31a:	0c 94 0d 0e 	jmp	0x1c1a	; 0x1c1a <_ZN18task_motor_command3runEv>
     31e:	0c 94 c0 13 	jmp	0x2780	; 0x2780 <__cxa_pure_virtual>
     322:	0c 94 82 06 	jmp	0xd04	; 0xd04 <_ZN9task_user3runEv+0x368>
     326:	0c 94 e6 0e 	jmp	0x1dcc	; 0x1dcc <_ZN5rs23212clear_screenEv>
     32a:	0c 94 35 14 	jmp	0x286a	; 0x286a <_ZN8emstreamlsE15ser_manipulator+0x3c>
     32e:	0c 94 58 14 	jmp	0x28b0	; 0x28b0 <_ZN8emstreamlsE15ser_manipulator+0x82>
     332:	0c 94 b9 13 	jmp	0x2772	; 0x2772 <_ZN8emstream14check_for_charEv>
     336:	0c 94 0e 07 	jmp	0xe1c	; 0xe1c <_ZN9task_user3runEv+0x480>
     33a:	0c 94 4c 0f 	jmp	0x1e98	; 0x1e98 <_GLOBAL__sub_I_counter>
     33e:	0c 94 33 15 	jmp	0x2a66	; 0x2a66 <_ZN8frt_task12print_statusER8emstream>
     342:	0c 94 ea 13 	jmp	0x27d4	; 0x27d4 <_ZN14frt_text_queue7putcharEc>
     346:	0c 94 26 14 	jmp	0x284c	; 0x284c <_ZN8emstreamlsE15ser_manipulator+0x1e>
     34a:	0c 94 df 13 	jmp	0x27be	; 0x27be <_ZN14frt_text_queue14check_for_charEv>
     34e:	0c 94 6e 0e 	jmp	0x1cdc	; 0x1cdc <_ZN17task_limit_switch3runEv>
     352:	0c 94 02 0f 	jmp	0x1e04	; 0x1e04 <_ZN5rs2327getcharEv>
     356:	0c 94 c2 06 	jmp	0xd84	; 0xd84 <_ZN9task_user3runEv+0x3e8>
     35a:	0c 94 b7 13 	jmp	0x276e	; 0x276e <_ZN8emstream12clear_screenEv>
     35e:	0c 94 c7 1d 	jmp	0x3b8e	; 0x3b8e <prvIdleTask>
     362:	0c 94 29 14 	jmp	0x2852	; 0x2852 <_ZN8emstreamlsE15ser_manipulator+0x24>
     366:	0c 94 bb 13 	jmp	0x2776	; 0x2776 <_ZN8emstream7getcharEv>
     36a:	0c 94 50 14 	jmp	0x28a0	; 0x28a0 <_ZN8emstreamlsE15ser_manipulator+0x72>
     36e:	0c 94 32 14 	jmp	0x2864	; 0x2864 <_ZN8emstreamlsE15ser_manipulator+0x36>
     372:	0c 94 d8 06 	jmp	0xdb0	; 0xdb0 <_ZN9task_user3runEv+0x414>
     376:	0c 94 08 14 	jmp	0x2810	; 0x2810 <_call_static_run_method>
     37a:	0c 94 5a 14 	jmp	0x28b4	; 0x28b4 <_ZN8emstreamlsE15ser_manipulator+0x86>

0000037e <__trampolines_end>:
     37e:	09 09       	sbc	r16, r9
	...

00000381 <_ZZ15print_task_listP8emstreamE3__c_8>:
     381:	2f 00                                               /.

00000383 <_ZZ15print_task_listP8emstreamE3__c_7>:
     383:	49 44 4c 45 09 09 30 09 2d 09 00                    IDLE..0.-..

0000038e <_ZZ15print_task_listP8emstreamE3__c_6>:
     38e:	09 2d 2d 2d 2d 00                                   .----.

00000394 <_ZZ15print_task_listP8emstreamE3__c_5>:
     394:	09 2d 2d 2d 2d 2d 2d 2d 2d 2d 2d 00                 .----------.

000003a0 <_ZZ15print_task_listP8emstreamE3__c_4>:
     3a0:	2d 2d 2d 2d 09 09 2d 2d 2d 2d 09 2d 2d 2d 2d 2d     ----..----.-----
	...

000003b1 <_ZZ15print_task_listP8emstreamE3__c_3>:
     3b1:	09 52 75 6e 73 00                                   .Runs.

000003b7 <_ZZ15print_task_listP8emstreamE3__c_2>:
     3b7:	09 46 72 65 65 2f 54 6f 74 61 6c 00                 .Free/Total.

000003c3 <_ZZ15print_task_listP8emstreamE3__c_1>:
     3c3:	4e 61 6d 65 09 09 50 72 69 2e 09 53 74 61 74 65     Name..Pri..State
	...

000003d4 <_ZZ15print_task_listP8emstreamE3__c_0>:
     3d4:	09 53 74 61 63 6b 00                                .Stack.

000003db <_ZZ15print_task_listP8emstreamE3__c>:
     3db:	54 61 73 6b 09 09 20 20 09 20 00                    Task..  . .

000003e6 <_ZZN9task_user11show_statusEvE3__c_4>:
     3e6:	2c 20 54 43 43 30 43 43 41 3d 00                    , TCC0CCA=.

000003f1 <_ZZN9task_user11show_statusEvE3__c_3>:
     3f1:	2f 00                                               /.

000003f3 <_ZZN9task_user11show_statusEvE3__c_2>:
     3f3:	2c 20 48 65 61 70 20 66 72 65 65 3a 20 00           , Heap free: .

00000401 <_ZZN9task_user11show_statusEvE3__c_1>:
     401:	54 69 6d 65 3a 20 00                                Time: .

00000408 <_ZZN9task_user11show_statusEvE3__c_0>:
     408:	53 65 70 20 31 35 20 32 30 32 36 00                 Sep 15 2026.

00000414 <_ZZN9task_user11show_statusEvE3__c>:
     414:	4d 45 34 30 35 20 62 61 73 65 20 72 61 64 69 6f     ME405 base radio
     424:	20 70 72 6f 67 72 61 6d 20 56 30 2e 34 20 00         program V0.4 .

00000433 <_ZZ17print_task_stacksP8emstreamE3__c_1>:
     433:	1b 5b 32 32 6d 00                                   .[22m.

00000439 <_ZZ17print_task_stacksP8emstreamE3__c_0>:
     439:	54 61 73 6b 3a 20 49 44 4c 45 00                    Task: IDLE.

00000444 <_ZZ17print_task_stacksP8emstreamE3__c>:
     444:	1b 5b 31 6d 00                                      .[1m.

00000449 <_ZZN9task_user3runEvE3__c_9>:
     449:	49 6c 6c 65 67 61 6c 20 73 74 61 74 65 21 20 52     Illegal state! R
     459:	65 73 65 74 74 69 6e 67 20 41 56 52 00              esetting AVR.

00000466 <_ZZN9task_user3runEvE3__c_8>:
     466:	3a 57 54 46 3f 00                                   :WTF?.

0000046c <_ZZN9task_user3runEvE3__c_7>:
     46c:	54 65 6c 65 6d 65 74 72 79 20 64 75 6d 70 20 63     Telemetry dump c
     47c:	6f 6d 70 6c 65 74 65 00                             omplete.

00000484 <_ZZN9task_user3runEvE3__c_6>:
     484:	74 69 6d 65 73 74 61 6d 70 5f 6d 73 2c 72 61 77     timestamp_ms,raw
     494:	5f 63 6f 75 6e 74 2c 64 63 6f 75 6e 74 5f 73 69     _count,dcount_si
     4a4:	67 6e 65 64 2c 63 6f 75 6e 74 5f 75 6e 77 72 61     gned,count_unwra
     4b4:	70 70 65 64 2c 74 68 65 74 61 5f 65 33 2c 6f 6d     pped,theta_e3,om
     4c4:	65 67 61 5f 65 33 00                                ega_e3.

000004cb <_ZZN9task_user3runEvE3__c_5>:
     4cb:	52 65 73 65 74 2c 20 74 72 79 20 48 6f 6d 69 6e     Reset, try Homin
     4db:	67 20 61 67 61 69 6e 20 62 79 20 70 72 65 73 73     g again by press
     4eb:	69 6e 67 20 27 62 27 00                             ing 'b'.

000004f3 <_ZZN9task_user3runEvE3__c_4>:
     4f3:	45 4d 45 52 47 45 4e 43 59 20 53 54 4f 50 00        EMERGENCY STOP.

00000502 <_ZZN9task_user3runEvE3__c_3>:
     502:	43 6f 6d 6d 65 6e 63 65 20 42 61 6c 61 6e 63 65     Commence Balance
	...

00000513 <_ZZN9task_user3runEvE3__c_2>:
     513:	42 65 67 69 6e 20 48 6f 6d 69 6e 67 00              Begin Homing.

00000520 <_ZZN9task_user3runEvE3__c_1>:
     520:	45 78 69 74 20 63 6f 6d 6d 61 6e 64 20 6d 6f 64     Exit command mod
     530:	65 00                                               e.

00000532 <_ZZN9task_user3runEvE3__c_0>:
     532:	52 65 73 65 74 74 69 6e 67 20 41 56 52 00           Resetting AVR.

00000540 <_ZZN9task_user3runEvE3__c>:
     540:	50 72 65 73 73 20 43 74 72 6c 2d 41 20 66 6f 72     Press Ctrl-A for
     550:	20 63 6f 6d 6d 61 6e 64 20 6d 6f 64 65 00            command mode.

0000055e <_ZZN9task_user18print_help_messageEvE3__c_15>:
     55e:	20 20 20 20 68 3a 20 20 20 48 41 4c 50 21 00            h:   HALP!.

0000056d <_ZZN9task_user18print_help_messageEvE3__c_14>:
     56d:	20 20 20 20 74 3a 20 20 20 44 75 6d 70 20 65 6e         t:   Dump en
     57d:	63 6f 64 65 72 20 74 65 6c 65 6d 65 74 72 79 00     coder telemetry.

0000058d <_ZZN9task_user18print_help_messageEvE3__c_13>:
     58d:	20 20 20 20 72 3a 20 20 20 52 65 73 65 74 20 74         r:   Reset t
     59d:	6f 20 49 64 6c 65 00                                o Idle.

000005a4 <_ZZN9task_user18print_help_messageEvE3__c_12>:
     5a4:	20 20 20 20 64 3a 20 20 20 45 6d 65 72 67 65 6e         d:   Emergen
     5b4:	63 79 20 53 74 6f 70 00                             cy Stop.

000005bc <_ZZN9task_user18print_help_messageEvE3__c_11>:
     5bc:	20 20 20 20 67 3a 20 20 20 53 74 61 72 74 20 42         g:   Start B
     5cc:	61 6c 61 6e 63 65 21 00                             alance!.

000005d4 <_ZZN9task_user18print_help_messageEvE3__c_10>:
     5d4:	20 20 20 20 62 3a 20 20 20 42 65 67 69 6e 20 43         b:   Begin C
     5e4:	61 6c 69 62 72 61 74 69 6f 6e 00                    alibration.

000005ef <_ZZN9task_user18print_help_messageEvE3__c_9>:
     5ef:	20 20 20 20 65 3a 20 20 20 45 78 69 74 20 63 6f         e:   Exit co
     5ff:	6d 6d 61 6e 64 20 6d 6f 64 65 00                    mmand mode.

0000060a <_ZZN9task_user18print_help_messageEvE3__c_8>:
     60a:	20 20 20 20 73 3a 20 20 20 53 74 61 63 6b 20 64         s:   Stack d
     61a:	75 6d 70 20 66 6f 72 20 74 61 73 6b 73 00           ump for tasks.

00000628 <_ZZN9task_user18print_help_messageEvE3__c_7>:
     628:	20 20 20 20 76 3a 20 20 20 56 65 72 73 69 6f 6e         v:   Version
     638:	20 61 6e 64 20 73 65 74 75 70 20 69 6e 66 6f 72      and setup infor
     648:	6d 61 74 69 6f 6e 00                                mation.

0000064f <_ZZN9task_user18print_help_messageEvE3__c_6>:
     64f:	20 20 20 20 6e 3a 20 20 20 53 68 6f 77 20 74 68         n:   Show th
     65f:	65 20 74 69 6d 65 20 72 69 67 68 74 20 6e 6f 77     e time right now
	...

00000670 <_ZZN9task_user18print_help_messageEvE3__c_5>:
     670:	20 20 49 6e 20 63 6f 6d 6d 61 6e 64 20 6d 6f 64       In command mod
     680:	65 20 6f 6e 6c 79 3a 00                             e only:.

00000688 <_ZZN9task_user18print_help_messageEvE3__c_4>:
     688:	20 20 43 74 6c 2d 41 3a 20 45 6e 74 65 72 20 63       Ctl-A: Enter c
     698:	6f 6d 6d 61 6e 64 20 6d 6f 64 65 00                 ommand mode.

000006a4 <_ZZN9task_user18print_help_messageEvE3__c_3>:
     6a4:	20 20 43 74 6c 2d 43 3a 20 52 65 73 65 74 20 74       Ctl-C: Reset t
     6b4:	68 65 20 41 56 52 00                                he AVR.

000006bb <_ZZN9task_user18print_help_messageEvE3__c_2>:
     6bb:	20 68 65 6c 70 00                                    help.

000006c1 <_ZZN9task_user18print_help_messageEvE3__c_1>:
     6c1:	4d 45 34 30 35 20 62 61 73 65 20 72 61 64 69 6f     ME405 base radio
     6d1:	20 70 72 6f 67 72 61 6d 20 56 30 2e 34 20 00         program V0.4 .

000006e0 <_ZZN9task_user18print_help_messageEvE3__c_0>:
     6e0:	1b 5b 33 30 6d 00                                   .[30m.

000006e6 <_ZZN9task_user18print_help_messageEvE3__c>:
     6e6:	1b 5b 34 36 6d 00                                   .[46m.

000006ec <_ZZN8frt_taskC4EPKchjP8emstreamE3__c_2>:
     6ec:	45 52 52 4f 52 20 63 72 65 61 74 69 6e 67 20 74     ERROR creating t
     6fc:	61 73 6b 20 00                                      ask .

00000701 <_ZZN8frt_taskC4EPKchjP8emstreamE3__c_1>:
     701:	2c 20 73 74 61 63 6b 20 61 74 20 30 78 00           , stack at 0x.

0000070f <_ZZN8frt_taskC4EPKchjP8emstreamE3__c_0>:
     70f:	20 63 72 65 61 74 65 64 00                           created.

00000718 <_ZZN8frt_taskC4EPKchjP8emstreamE3__c>:
     718:	54 61 73 6b 20 00                                   Task .

0000071e <_ZZN8frt_task19print_stack_in_listEP8emstreamE3__c_1>:
     71e:	1b 5b 32 32 6d 00                                   .[22m.

00000724 <_ZZN8frt_task19print_stack_in_listEP8emstreamE3__c_0>:
     724:	54 61 73 6b 3a 20 00                                Task: .

0000072b <_ZZN8frt_task19print_stack_in_listEP8emstreamE3__c>:
     72b:	1b 5b 31 6d 00                                      .[1m.

00000730 <_ZZN8frt_task12print_statusER8emstreamE3__c_3>:
     730:	09 00                                               ..

00000732 <_ZZN8frt_task12print_statusER8emstreamE3__c_2>:
     732:	09 00                                               ..

00000734 <_ZZN8frt_task12print_statusER8emstreamE3__c_1>:
     734:	2f 00                                               /.

00000736 <_ZZN8frt_task12print_statusER8emstreamE3__c_0>:
     736:	09 00                                               ..

00000738 <_ZZN8frt_task12print_statusER8emstreamE3__c>:
     738:	09 00                                               ..

0000073a <_ZZ15hex_dump_memoryPhS_P8emstreambhE3__c_2>:
     73a:	1b 5b 32 32 6d 00                                   .[22m.

00000740 <_ZZ15hex_dump_memoryPhS_P8emstreambhE3__c_1>:
     740:	1b 5b 31 6d 00                                      .[1m.

00000745 <_ZZ15hex_dump_memoryPhS_P8emstreambhE3__c_0>:
     745:	1b 5b 31 6d 00                                      .[1m.

0000074a <_ZZ15hex_dump_memoryPhS_P8emstreambhE3__c>:
     74a:	20 20 00 00                                           ..

0000074e <__ctors_start>:
     74e:	4c 0f       	add	r20, r28

00000750 <__ctors_end>:
     750:	11 24       	eor	r1, r1
     752:	1f be       	out	0x3f, r1	; 63
     754:	cf ef       	ldi	r28, 0xFF	; 255
     756:	cd bf       	out	0x3d, r28	; 61
     758:	df e3       	ldi	r29, 0x3F	; 63
     75a:	de bf       	out	0x3e, r29	; 62
     75c:	00 e0       	ldi	r16, 0x00	; 0
     75e:	0c bf       	out	0x3c, r16	; 60
     760:	18 be       	out	0x38, r1	; 56
     762:	19 be       	out	0x39, r1	; 57
     764:	1a be       	out	0x3a, r1	; 58
     766:	1b be       	out	0x3b, r1	; 59

00000768 <__do_copy_data>:
     768:	10 e2       	ldi	r17, 0x20	; 32
     76a:	a0 e0       	ldi	r26, 0x00	; 0
     76c:	b0 e2       	ldi	r27, 0x20	; 32
     76e:	ec e9       	ldi	r30, 0x9C	; 156
     770:	fd e4       	ldi	r31, 0x4D	; 77
     772:	00 e0       	ldi	r16, 0x00	; 0
     774:	0b bf       	out	0x3b, r16	; 59
     776:	02 c0       	rjmp	.+4      	; 0x77c <__do_copy_data+0x14>
     778:	07 90       	elpm	r0, Z+
     77a:	0d 92       	st	X+, r0
     77c:	a6 3f       	cpi	r26, 0xF6	; 246
     77e:	b1 07       	cpc	r27, r17
     780:	d9 f7       	brne	.-10     	; 0x778 <__do_copy_data+0x10>
     782:	1b be       	out	0x3b, r1	; 59

00000784 <__do_clear_bss>:
     784:	2d e3       	ldi	r18, 0x3D	; 61
     786:	a6 ef       	ldi	r26, 0xF6	; 246
     788:	b0 e2       	ldi	r27, 0x20	; 32
     78a:	01 c0       	rjmp	.+2      	; 0x78e <.do_clear_bss_start>

0000078c <.do_clear_bss_loop>:
     78c:	1d 92       	st	X+, r1

0000078e <.do_clear_bss_start>:
     78e:	aa 36       	cpi	r26, 0x6A	; 106
     790:	b2 07       	cpc	r27, r18
     792:	e1 f7       	brne	.-8      	; 0x78c <.do_clear_bss_loop>

00000794 <__do_global_ctors>:
     794:	13 e0       	ldi	r17, 0x03	; 3
     796:	c8 ea       	ldi	r28, 0xA8	; 168
     798:	d3 e0       	ldi	r29, 0x03	; 3
     79a:	00 e0       	ldi	r16, 0x00	; 0
     79c:	06 c0       	rjmp	.+12     	; 0x7aa <__do_global_ctors+0x16>
     79e:	21 97       	sbiw	r28, 0x01	; 1
     7a0:	01 09       	sbc	r16, r1
     7a2:	80 2f       	mov	r24, r16
     7a4:	fe 01       	movw	r30, r28
     7a6:	0e 94 a9 26 	call	0x4d52	; 0x4d52 <__tablejump2__>
     7aa:	c7 3a       	cpi	r28, 0xA7	; 167
     7ac:	d1 07       	cpc	r29, r17
     7ae:	80 e0       	ldi	r24, 0x00	; 0
     7b0:	08 07       	cpc	r16, r24
     7b2:	a9 f7       	brne	.-22     	; 0x79e <__do_global_ctors+0xa>
     7b4:	0e 94 70 0f 	call	0x1ee0	; 0x1ee0 <main>
     7b8:	0c 94 cc 26 	jmp	0x4d98	; 0x4d98 <_exit>

000007bc <__bad_interrupt>:
     7bc:	0c 94 00 00 	jmp	0	; 0x0 <__vectors>

000007c0 <_ZN9task_user18print_help_messageEv>:
     7c0:	0f 93       	push	r16
     7c2:	1f 93       	push	r17
     7c4:	cf 93       	push	r28
     7c6:	df 93       	push	r29
     7c8:	ec 01       	movw	r28, r24
     7ca:	6a e0       	ldi	r22, 0x0A	; 10
     7cc:	8e 81       	ldd	r24, Y+6	; 0x06
     7ce:	9f 81       	ldd	r25, Y+7	; 0x07
     7d0:	0e 94 17 14 	call	0x282e	; 0x282e <_ZN8emstreamlsE15ser_manipulator>
     7d4:	8c 01       	movw	r16, r24
     7d6:	66 ee       	ldi	r22, 0xE6	; 230
     7d8:	76 e0       	ldi	r23, 0x06	; 6
     7da:	0e 94 5e 14 	call	0x28bc	; 0x28bc <_ZN8emstream4putsEPKc>
     7de:	6a e0       	ldi	r22, 0x0A	; 10
     7e0:	c8 01       	movw	r24, r16
     7e2:	0e 94 17 14 	call	0x282e	; 0x282e <_ZN8emstreamlsE15ser_manipulator>
     7e6:	8c 01       	movw	r16, r24
     7e8:	60 ee       	ldi	r22, 0xE0	; 224
     7ea:	76 e0       	ldi	r23, 0x06	; 6
     7ec:	0e 94 5e 14 	call	0x28bc	; 0x28bc <_ZN8emstream4putsEPKc>
     7f0:	67 e0       	ldi	r22, 0x07	; 7
     7f2:	c8 01       	movw	r24, r16
     7f4:	0e 94 17 14 	call	0x282e	; 0x282e <_ZN8emstreamlsE15ser_manipulator>
     7f8:	6a e0       	ldi	r22, 0x0A	; 10
     7fa:	8e 81       	ldd	r24, Y+6	; 0x06
     7fc:	9f 81       	ldd	r25, Y+7	; 0x07
     7fe:	0e 94 17 14 	call	0x282e	; 0x282e <_ZN8emstreamlsE15ser_manipulator>
     802:	8c 01       	movw	r16, r24
     804:	61 ec       	ldi	r22, 0xC1	; 193
     806:	76 e0       	ldi	r23, 0x06	; 6
     808:	0e 94 5e 14 	call	0x28bc	; 0x28bc <_ZN8emstream4putsEPKc>
     80c:	6a e0       	ldi	r22, 0x0A	; 10
     80e:	c8 01       	movw	r24, r16
     810:	0e 94 17 14 	call	0x282e	; 0x282e <_ZN8emstreamlsE15ser_manipulator>
     814:	8c 01       	movw	r16, r24
     816:	6b eb       	ldi	r22, 0xBB	; 187
     818:	76 e0       	ldi	r23, 0x06	; 6
     81a:	0e 94 5e 14 	call	0x28bc	; 0x28bc <_ZN8emstream4putsEPKc>
     81e:	66 e0       	ldi	r22, 0x06	; 6
     820:	c8 01       	movw	r24, r16
     822:	0e 94 17 14 	call	0x282e	; 0x282e <_ZN8emstreamlsE15ser_manipulator>
     826:	6a e0       	ldi	r22, 0x0A	; 10
     828:	8e 81       	ldd	r24, Y+6	; 0x06
     82a:	9f 81       	ldd	r25, Y+7	; 0x07
     82c:	0e 94 17 14 	call	0x282e	; 0x282e <_ZN8emstreamlsE15ser_manipulator>
     830:	8c 01       	movw	r16, r24
     832:	64 ea       	ldi	r22, 0xA4	; 164
     834:	76 e0       	ldi	r23, 0x06	; 6
     836:	0e 94 5e 14 	call	0x28bc	; 0x28bc <_ZN8emstream4putsEPKc>
     83a:	66 e0       	ldi	r22, 0x06	; 6
     83c:	c8 01       	movw	r24, r16
     83e:	0e 94 17 14 	call	0x282e	; 0x282e <_ZN8emstreamlsE15ser_manipulator>
     842:	6a e0       	ldi	r22, 0x0A	; 10
     844:	8e 81       	ldd	r24, Y+6	; 0x06
     846:	9f 81       	ldd	r25, Y+7	; 0x07
     848:	0e 94 17 14 	call	0x282e	; 0x282e <_ZN8emstreamlsE15ser_manipulator>
     84c:	8c 01       	movw	r16, r24
     84e:	68 e8       	ldi	r22, 0x88	; 136
     850:	76 e0       	ldi	r23, 0x06	; 6
     852:	0e 94 5e 14 	call	0x28bc	; 0x28bc <_ZN8emstream4putsEPKc>
     856:	66 e0       	ldi	r22, 0x06	; 6
     858:	c8 01       	movw	r24, r16
     85a:	0e 94 17 14 	call	0x282e	; 0x282e <_ZN8emstreamlsE15ser_manipulator>
     85e:	6a e0       	ldi	r22, 0x0A	; 10
     860:	8e 81       	ldd	r24, Y+6	; 0x06
     862:	9f 81       	ldd	r25, Y+7	; 0x07
     864:	0e 94 17 14 	call	0x282e	; 0x282e <_ZN8emstreamlsE15ser_manipulator>
     868:	8c 01       	movw	r16, r24
     86a:	60 e7       	ldi	r22, 0x70	; 112
     86c:	76 e0       	ldi	r23, 0x06	; 6
     86e:	0e 94 5e 14 	call	0x28bc	; 0x28bc <_ZN8emstream4putsEPKc>
     872:	66 e0       	ldi	r22, 0x06	; 6
     874:	c8 01       	movw	r24, r16
     876:	0e 94 17 14 	call	0x282e	; 0x282e <_ZN8emstreamlsE15ser_manipulator>
     87a:	6a e0       	ldi	r22, 0x0A	; 10
     87c:	8e 81       	ldd	r24, Y+6	; 0x06
     87e:	9f 81       	ldd	r25, Y+7	; 0x07
     880:	0e 94 17 14 	call	0x282e	; 0x282e <_ZN8emstreamlsE15ser_manipulator>
     884:	8c 01       	movw	r16, r24
     886:	6f e4       	ldi	r22, 0x4F	; 79
     888:	76 e0       	ldi	r23, 0x06	; 6
     88a:	0e 94 5e 14 	call	0x28bc	; 0x28bc <_ZN8emstream4putsEPKc>
     88e:	66 e0       	ldi	r22, 0x06	; 6
     890:	c8 01       	movw	r24, r16
     892:	0e 94 17 14 	call	0x282e	; 0x282e <_ZN8emstreamlsE15ser_manipulator>
     896:	6a e0       	ldi	r22, 0x0A	; 10
     898:	8e 81       	ldd	r24, Y+6	; 0x06
     89a:	9f 81       	ldd	r25, Y+7	; 0x07
     89c:	0e 94 17 14 	call	0x282e	; 0x282e <_ZN8emstreamlsE15ser_manipulator>
     8a0:	8c 01       	movw	r16, r24
     8a2:	68 e2       	ldi	r22, 0x28	; 40
     8a4:	76 e0       	ldi	r23, 0x06	; 6
     8a6:	0e 94 5e 14 	call	0x28bc	; 0x28bc <_ZN8emstream4putsEPKc>
     8aa:	66 e0       	ldi	r22, 0x06	; 6
     8ac:	c8 01       	movw	r24, r16
     8ae:	0e 94 17 14 	call	0x282e	; 0x282e <_ZN8emstreamlsE15ser_manipulator>
     8b2:	6a e0       	ldi	r22, 0x0A	; 10
     8b4:	8e 81       	ldd	r24, Y+6	; 0x06
     8b6:	9f 81       	ldd	r25, Y+7	; 0x07
     8b8:	0e 94 17 14 	call	0x282e	; 0x282e <_ZN8emstreamlsE15ser_manipulator>
     8bc:	8c 01       	movw	r16, r24
     8be:	6a e0       	ldi	r22, 0x0A	; 10
     8c0:	76 e0       	ldi	r23, 0x06	; 6
     8c2:	0e 94 5e 14 	call	0x28bc	; 0x28bc <_ZN8emstream4putsEPKc>
     8c6:	66 e0       	ldi	r22, 0x06	; 6
     8c8:	c8 01       	movw	r24, r16
     8ca:	0e 94 17 14 	call	0x282e	; 0x282e <_ZN8emstreamlsE15ser_manipulator>
     8ce:	6a e0       	ldi	r22, 0x0A	; 10
     8d0:	8e 81       	ldd	r24, Y+6	; 0x06
     8d2:	9f 81       	ldd	r25, Y+7	; 0x07
     8d4:	0e 94 17 14 	call	0x282e	; 0x282e <_ZN8emstreamlsE15ser_manipulator>
     8d8:	8c 01       	movw	r16, r24
     8da:	6f ee       	ldi	r22, 0xEF	; 239
     8dc:	75 e0       	ldi	r23, 0x05	; 5
     8de:	0e 94 5e 14 	call	0x28bc	; 0x28bc <_ZN8emstream4putsEPKc>
     8e2:	66 e0       	ldi	r22, 0x06	; 6
     8e4:	c8 01       	movw	r24, r16
     8e6:	0e 94 17 14 	call	0x282e	; 0x282e <_ZN8emstreamlsE15ser_manipulator>
     8ea:	6a e0       	ldi	r22, 0x0A	; 10
     8ec:	8e 81       	ldd	r24, Y+6	; 0x06
     8ee:	9f 81       	ldd	r25, Y+7	; 0x07
     8f0:	0e 94 17 14 	call	0x282e	; 0x282e <_ZN8emstreamlsE15ser_manipulator>
     8f4:	8c 01       	movw	r16, r24
     8f6:	64 ed       	ldi	r22, 0xD4	; 212
     8f8:	75 e0       	ldi	r23, 0x05	; 5
     8fa:	0e 94 5e 14 	call	0x28bc	; 0x28bc <_ZN8emstream4putsEPKc>
     8fe:	66 e0       	ldi	r22, 0x06	; 6
     900:	c8 01       	movw	r24, r16
     902:	0e 94 17 14 	call	0x282e	; 0x282e <_ZN8emstreamlsE15ser_manipulator>
     906:	6a e0       	ldi	r22, 0x0A	; 10
     908:	8e 81       	ldd	r24, Y+6	; 0x06
     90a:	9f 81       	ldd	r25, Y+7	; 0x07
     90c:	0e 94 17 14 	call	0x282e	; 0x282e <_ZN8emstreamlsE15ser_manipulator>
     910:	8c 01       	movw	r16, r24
     912:	6c eb       	ldi	r22, 0xBC	; 188
     914:	75 e0       	ldi	r23, 0x05	; 5
     916:	0e 94 5e 14 	call	0x28bc	; 0x28bc <_ZN8emstream4putsEPKc>
     91a:	66 e0       	ldi	r22, 0x06	; 6
     91c:	c8 01       	movw	r24, r16
     91e:	0e 94 17 14 	call	0x282e	; 0x282e <_ZN8emstreamlsE15ser_manipulator>
     922:	6a e0       	ldi	r22, 0x0A	; 10
     924:	8e 81       	ldd	r24, Y+6	; 0x06
     926:	9f 81       	ldd	r25, Y+7	; 0x07
     928:	0e 94 17 14 	call	0x282e	; 0x282e <_ZN8emstreamlsE15ser_manipulator>
     92c:	8c 01       	movw	r16, r24
     92e:	64 ea       	ldi	r22, 0xA4	; 164
     930:	75 e0       	ldi	r23, 0x05	; 5
     932:	0e 94 5e 14 	call	0x28bc	; 0x28bc <_ZN8emstream4putsEPKc>
     936:	66 e0       	ldi	r22, 0x06	; 6
     938:	c8 01       	movw	r24, r16
     93a:	0e 94 17 14 	call	0x282e	; 0x282e <_ZN8emstreamlsE15ser_manipulator>
     93e:	6a e0       	ldi	r22, 0x0A	; 10
     940:	8e 81       	ldd	r24, Y+6	; 0x06
     942:	9f 81       	ldd	r25, Y+7	; 0x07
     944:	0e 94 17 14 	call	0x282e	; 0x282e <_ZN8emstreamlsE15ser_manipulator>
     948:	8c 01       	movw	r16, r24
     94a:	6d e8       	ldi	r22, 0x8D	; 141
     94c:	75 e0       	ldi	r23, 0x05	; 5
     94e:	0e 94 5e 14 	call	0x28bc	; 0x28bc <_ZN8emstream4putsEPKc>
     952:	66 e0       	ldi	r22, 0x06	; 6
     954:	c8 01       	movw	r24, r16
     956:	0e 94 17 14 	call	0x282e	; 0x282e <_ZN8emstreamlsE15ser_manipulator>
     95a:	6a e0       	ldi	r22, 0x0A	; 10
     95c:	8e 81       	ldd	r24, Y+6	; 0x06
     95e:	9f 81       	ldd	r25, Y+7	; 0x07
     960:	0e 94 17 14 	call	0x282e	; 0x282e <_ZN8emstreamlsE15ser_manipulator>
     964:	8c 01       	movw	r16, r24
     966:	6d e6       	ldi	r22, 0x6D	; 109
     968:	75 e0       	ldi	r23, 0x05	; 5
     96a:	0e 94 5e 14 	call	0x28bc	; 0x28bc <_ZN8emstream4putsEPKc>
     96e:	66 e0       	ldi	r22, 0x06	; 6
     970:	c8 01       	movw	r24, r16
     972:	0e 94 17 14 	call	0x282e	; 0x282e <_ZN8emstreamlsE15ser_manipulator>
     976:	6a e0       	ldi	r22, 0x0A	; 10
     978:	8e 81       	ldd	r24, Y+6	; 0x06
     97a:	9f 81       	ldd	r25, Y+7	; 0x07
     97c:	0e 94 17 14 	call	0x282e	; 0x282e <_ZN8emstreamlsE15ser_manipulator>
     980:	ec 01       	movw	r28, r24
     982:	6e e5       	ldi	r22, 0x5E	; 94
     984:	75 e0       	ldi	r23, 0x05	; 5
     986:	0e 94 5e 14 	call	0x28bc	; 0x28bc <_ZN8emstream4putsEPKc>
     98a:	66 e0       	ldi	r22, 0x06	; 6
     98c:	ce 01       	movw	r24, r28
     98e:	0e 94 17 14 	call	0x282e	; 0x282e <_ZN8emstreamlsE15ser_manipulator>
     992:	df 91       	pop	r29
     994:	cf 91       	pop	r28
     996:	1f 91       	pop	r17
     998:	0f 91       	pop	r16
     99a:	08 95       	ret

0000099c <_ZN9task_user3runEv>:
     99c:	cf 93       	push	r28
     99e:	df 93       	push	r29
     9a0:	cd b7       	in	r28, 0x3d	; 61
     9a2:	de b7       	in	r29, 0x3e	; 62
     9a4:	2c 97       	sbiw	r28, 0x0c	; 12
     9a6:	cd bf       	out	0x3d, r28	; 61
     9a8:	de bf       	out	0x3e, r29	; 62
     9aa:	7c 01       	movw	r14, r24
     9ac:	19 82       	std	Y+1, r1	; 0x01
     9ae:	1a 82       	std	Y+2, r1	; 0x02
     9b0:	1b 82       	std	Y+3, r1	; 0x03
     9b2:	1c 82       	std	Y+4, r1	; 0x04
     9b4:	1d 82       	std	Y+5, r1	; 0x05
     9b6:	1e 82       	std	Y+6, r1	; 0x06
     9b8:	6a e0       	ldi	r22, 0x0A	; 10
     9ba:	dc 01       	movw	r26, r24
     9bc:	16 96       	adiw	r26, 0x06	; 6
     9be:	8d 91       	ld	r24, X+
     9c0:	9c 91       	ld	r25, X
     9c2:	17 97       	sbiw	r26, 0x07	; 7
     9c4:	0e 94 17 14 	call	0x282e	; 0x282e <_ZN8emstreamlsE15ser_manipulator>
     9c8:	8c 01       	movw	r16, r24
     9ca:	60 e4       	ldi	r22, 0x40	; 64
     9cc:	75 e0       	ldi	r23, 0x05	; 5
     9ce:	0e 94 5e 14 	call	0x28bc	; 0x28bc <_ZN8emstream4putsEPKc>
     9d2:	66 e0       	ldi	r22, 0x06	; 6
     9d4:	c8 01       	movw	r24, r16
     9d6:	0e 94 17 14 	call	0x282e	; 0x282e <_ZN8emstreamlsE15ser_manipulator>
     9da:	33 24       	eor	r3, r3
     9dc:	33 94       	inc	r3
     9de:	21 2c       	mov	r2, r1
     9e0:	f7 01       	movw	r30, r14
     9e2:	84 85       	ldd	r24, Z+12	; 0x0c
     9e4:	88 23       	and	r24, r24
     9e6:	21 f0       	breq	.+8      	; 0x9f0 <_ZN9task_user3runEv+0x54>
     9e8:	81 30       	cpi	r24, 0x01	; 1
     9ea:	09 f4       	brne	.+2      	; 0x9ee <_ZN9task_user3runEv+0x52>
     9ec:	60 c0       	rjmp	.+192    	; 0xaae <_ZN9task_user3runEv+0x112>
     9ee:	2d c3       	rjmp	.+1626   	; 0x104a <_ZN9task_user3runEv+0x6ae>
     9f0:	86 81       	ldd	r24, Z+6	; 0x06
     9f2:	97 81       	ldd	r25, Z+7	; 0x07
     9f4:	dc 01       	movw	r26, r24
     9f6:	ed 91       	ld	r30, X+
     9f8:	fc 91       	ld	r31, X
     9fa:	04 80       	ldd	r0, Z+4	; 0x04
     9fc:	f5 81       	ldd	r31, Z+5	; 0x05
     9fe:	e0 2d       	mov	r30, r0
     a00:	19 95       	eicall
     a02:	88 23       	and	r24, r24
     a04:	09 f4       	brne	.+2      	; 0xa08 <_ZN9task_user3runEv+0x6c>
     a06:	37 c0       	rjmp	.+110    	; 0xa76 <_ZN9task_user3runEv+0xda>
     a08:	f7 01       	movw	r30, r14
     a0a:	86 81       	ldd	r24, Z+6	; 0x06
     a0c:	97 81       	ldd	r25, Z+7	; 0x07
     a0e:	dc 01       	movw	r26, r24
     a10:	ed 91       	ld	r30, X+
     a12:	fc 91       	ld	r31, X
     a14:	06 80       	ldd	r0, Z+6	; 0x06
     a16:	f7 81       	ldd	r31, Z+7	; 0x07
     a18:	e0 2d       	mov	r30, r0
     a1a:	19 95       	eicall
     a1c:	99 27       	eor	r25, r25
     a1e:	81 30       	cpi	r24, 0x01	; 1
     a20:	91 05       	cpc	r25, r1
     a22:	f9 f0       	breq	.+62     	; 0xa62 <_ZN9task_user3runEv+0xc6>
     a24:	03 97       	sbiw	r24, 0x03	; 3
     a26:	09 f0       	breq	.+2      	; 0xa2a <_ZN9task_user3runEv+0x8e>
     a28:	2b c3       	rjmp	.+1622   	; 0x1080 <_ZN9task_user3runEv+0x6e4>
     a2a:	6a e0       	ldi	r22, 0x0A	; 10
     a2c:	f7 01       	movw	r30, r14
     a2e:	86 81       	ldd	r24, Z+6	; 0x06
     a30:	97 81       	ldd	r25, Z+7	; 0x07
     a32:	0e 94 17 14 	call	0x282e	; 0x282e <_ZN8emstreamlsE15ser_manipulator>
     a36:	8c 01       	movw	r16, r24
     a38:	62 e3       	ldi	r22, 0x32	; 50
     a3a:	75 e0       	ldi	r23, 0x05	; 5
     a3c:	0e 94 5e 14 	call	0x28bc	; 0x28bc <_ZN8emstream4putsEPKc>
     a40:	66 e0       	ldi	r22, 0x06	; 6
     a42:	c8 01       	movw	r24, r16
     a44:	0e 94 17 14 	call	0x282e	; 0x282e <_ZN8emstreamlsE15ser_manipulator>
     a48:	93 e0       	ldi	r25, 0x03	; 3
     a4a:	88 ed       	ldi	r24, 0xD8	; 216
     a4c:	08 b6       	in	r0, 0x38	; 56
     a4e:	18 be       	out	0x38, r1	; 56
     a50:	84 bf       	out	0x34, r24	; 52
     a52:	90 93 80 00 	sts	0x0080, r25	; 0x800080 <__TEXT_REGION_LENGTH__+0x700080>
     a56:	80 91 82 00 	lds	r24, 0x0082	; 0x800082 <__TEXT_REGION_LENGTH__+0x700082>
     a5a:	81 fd       	sbrc	r24, 1
     a5c:	fc cf       	rjmp	.-8      	; 0xa56 <_ZN9task_user3runEv+0xba>
     a5e:	08 be       	out	0x38, r0	; 56
     a60:	ff cf       	rjmp	.-2      	; 0xa60 <_ZN9task_user3runEv+0xc4>
     a62:	c7 01       	movw	r24, r14
     a64:	0e 94 e0 03 	call	0x7c0	; 0x7c0 <_ZN9task_user18print_help_messageEv>
     a68:	d7 01       	movw	r26, r14
     a6a:	1c 96       	adiw	r26, 0x0c	; 12
     a6c:	3c 92       	st	X, r3
     a6e:	1c 97       	sbiw	r26, 0x0c	; 12
     a70:	1d 96       	adiw	r26, 0x0d	; 13
     a72:	3c 92       	st	X, r3
     a74:	05 c3       	rjmp	.+1546   	; 0x1080 <_ZN9task_user3runEv+0x6e4>
     a76:	8e ec       	ldi	r24, 0xCE	; 206
     a78:	9c e2       	ldi	r25, 0x2C	; 44
     a7a:	0e 94 df 13 	call	0x27be	; 0x27be <_ZN14frt_text_queue14check_for_charEv>
     a7e:	88 23       	and	r24, r24
     a80:	09 f4       	brne	.+2      	; 0xa84 <_ZN9task_user3runEv+0xe8>
     a82:	fe c2       	rjmp	.+1532   	; 0x1080 <_ZN9task_user3runEv+0x6e4>
     a84:	d7 01       	movw	r26, r14
     a86:	16 96       	adiw	r26, 0x06	; 6
     a88:	ed 91       	ld	r30, X+
     a8a:	fc 91       	ld	r31, X
     a8c:	17 97       	sbiw	r26, 0x07	; 7
     a8e:	01 90       	ld	r0, Z+
     a90:	f0 81       	ld	r31, Z
     a92:	e0 2d       	mov	r30, r0
     a94:	02 81       	ldd	r16, Z+2	; 0x02
     a96:	13 81       	ldd	r17, Z+3	; 0x03
     a98:	8e ec       	ldi	r24, 0xCE	; 206
     a9a:	9c e2       	ldi	r25, 0x2C	; 44
     a9c:	0e 94 c1 13 	call	0x2782	; 0x2782 <_ZN14frt_text_queue7getcharEv>
     aa0:	68 2f       	mov	r22, r24
     aa2:	f7 01       	movw	r30, r14
     aa4:	86 81       	ldd	r24, Z+6	; 0x06
     aa6:	97 81       	ldd	r25, Z+7	; 0x07
     aa8:	f8 01       	movw	r30, r16
     aaa:	19 95       	eicall
     aac:	e9 c2       	rjmp	.+1490   	; 0x1080 <_ZN9task_user3runEv+0x6e4>
     aae:	86 81       	ldd	r24, Z+6	; 0x06
     ab0:	97 81       	ldd	r25, Z+7	; 0x07
     ab2:	dc 01       	movw	r26, r24
     ab4:	ed 91       	ld	r30, X+
     ab6:	fc 91       	ld	r31, X
     ab8:	04 80       	ldd	r0, Z+4	; 0x04
     aba:	f5 81       	ldd	r31, Z+5	; 0x05
     abc:	e0 2d       	mov	r30, r0
     abe:	19 95       	eicall
     ac0:	88 23       	and	r24, r24
     ac2:	09 f4       	brne	.+2      	; 0xac6 <_ZN9task_user3runEv+0x12a>
     ac4:	dd c2       	rjmp	.+1466   	; 0x1080 <_ZN9task_user3runEv+0x6e4>
     ac6:	f7 01       	movw	r30, r14
     ac8:	86 81       	ldd	r24, Z+6	; 0x06
     aca:	97 81       	ldd	r25, Z+7	; 0x07
     acc:	dc 01       	movw	r26, r24
     ace:	ed 91       	ld	r30, X+
     ad0:	fc 91       	ld	r31, X
     ad2:	06 80       	ldd	r0, Z+6	; 0x06
     ad4:	f7 81       	ldd	r31, Z+7	; 0x07
     ad6:	e0 2d       	mov	r30, r0
     ad8:	19 95       	eicall
     ada:	bc 01       	movw	r22, r24
     adc:	fc 01       	movw	r30, r24
     ade:	ff 27       	eor	r31, r31
     ae0:	7b 97       	sbiw	r30, 0x1b	; 27
     ae2:	ec 35       	cpi	r30, 0x5C	; 92
     ae4:	f1 05       	cpc	r31, r1
     ae6:	08 f0       	brcs	.+2      	; 0xaea <_ZN9task_user3runEv+0x14e>
     ae8:	94 c2       	rjmp	.+1320   	; 0x1012 <_ZN9task_user3runEv+0x676>
     aea:	88 27       	eor	r24, r24
     aec:	e2 50       	subi	r30, 0x02	; 2
     aee:	ff 4f       	sbci	r31, 0xFF	; 255
     af0:	8f 4f       	sbci	r24, 0xFF	; 255
     af2:	0c 94 a9 26 	jmp	0x4d52	; 0x4d52 <__tablejump2__>
     af6:	ce 01       	movw	r24, r28
     af8:	01 96       	adiw	r24, 0x01	; 1
     afa:	0e 94 72 16 	call	0x2ce4	; 0x2ce4 <_ZN10time_stamp10set_to_nowEv>
     afe:	bc 01       	movw	r22, r24
     b00:	f7 01       	movw	r30, r14
     b02:	86 81       	ldd	r24, Z+6	; 0x06
     b04:	97 81       	ldd	r25, Z+7	; 0x07
     b06:	0e 94 8a 16 	call	0x2d14	; 0x2d14 <_ZlsR8emstreamR10time_stamp>
     b0a:	66 e0       	ldi	r22, 0x06	; 6
     b0c:	0e 94 17 14 	call	0x282e	; 0x282e <_ZN8emstreamlsE15ser_manipulator>
     b10:	b7 c2       	rjmp	.+1390   	; 0x1080 <_ZN9task_user3runEv+0x6e4>
     b12:	1f 82       	std	Y+7, r1	; 0x07
     b14:	18 86       	std	Y+8, r1	; 0x08
     b16:	19 86       	std	Y+9, r1	; 0x09
     b18:	1a 86       	std	Y+10, r1	; 0x0a
     b1a:	1b 86       	std	Y+11, r1	; 0x0b
     b1c:	1c 86       	std	Y+12, r1	; 0x0c
     b1e:	0e 94 19 19 	call	0x3232	; 0x3232 <xPortGetFreeHeapSize>
     b22:	6c 01       	movw	r12, r24
     b24:	ce 01       	movw	r24, r28
     b26:	07 96       	adiw	r24, 0x07	; 7
     b28:	0e 94 72 16 	call	0x2ce4	; 0x2ce4 <_ZN10time_stamp10set_to_nowEv>
     b2c:	5c 01       	movw	r10, r24
     b2e:	66 e0       	ldi	r22, 0x06	; 6
     b30:	d7 01       	movw	r26, r14
     b32:	16 96       	adiw	r26, 0x06	; 6
     b34:	8d 91       	ld	r24, X+
     b36:	9c 91       	ld	r25, X
     b38:	17 97       	sbiw	r26, 0x07	; 7
     b3a:	0e 94 17 14 	call	0x282e	; 0x282e <_ZN8emstreamlsE15ser_manipulator>
     b3e:	6a e0       	ldi	r22, 0x0A	; 10
     b40:	0e 94 17 14 	call	0x282e	; 0x282e <_ZN8emstreamlsE15ser_manipulator>
     b44:	8c 01       	movw	r16, r24
     b46:	64 e1       	ldi	r22, 0x14	; 20
     b48:	74 e0       	ldi	r23, 0x04	; 4
     b4a:	0e 94 5e 14 	call	0x28bc	; 0x28bc <_ZN8emstream4putsEPKc>
     b4e:	6a e0       	ldi	r22, 0x0A	; 10
     b50:	c8 01       	movw	r24, r16
     b52:	0e 94 17 14 	call	0x282e	; 0x282e <_ZN8emstreamlsE15ser_manipulator>
     b56:	8c 01       	movw	r16, r24
     b58:	68 e0       	ldi	r22, 0x08	; 8
     b5a:	74 e0       	ldi	r23, 0x04	; 4
     b5c:	0e 94 5e 14 	call	0x28bc	; 0x28bc <_ZN8emstream4putsEPKc>
     b60:	66 e0       	ldi	r22, 0x06	; 6
     b62:	c8 01       	movw	r24, r16
     b64:	0e 94 17 14 	call	0x282e	; 0x282e <_ZN8emstreamlsE15ser_manipulator>
     b68:	6a e0       	ldi	r22, 0x0A	; 10
     b6a:	0e 94 17 14 	call	0x282e	; 0x282e <_ZN8emstreamlsE15ser_manipulator>
     b6e:	8c 01       	movw	r16, r24
     b70:	61 e0       	ldi	r22, 0x01	; 1
     b72:	74 e0       	ldi	r23, 0x04	; 4
     b74:	0e 94 5e 14 	call	0x28bc	; 0x28bc <_ZN8emstream4putsEPKc>
     b78:	b5 01       	movw	r22, r10
     b7a:	c8 01       	movw	r24, r16
     b7c:	0e 94 8a 16 	call	0x2d14	; 0x2d14 <_ZlsR8emstreamR10time_stamp>
     b80:	6a e0       	ldi	r22, 0x0A	; 10
     b82:	0e 94 17 14 	call	0x282e	; 0x282e <_ZN8emstreamlsE15ser_manipulator>
     b86:	8c 01       	movw	r16, r24
     b88:	63 ef       	ldi	r22, 0xF3	; 243
     b8a:	73 e0       	ldi	r23, 0x03	; 3
     b8c:	0e 94 5e 14 	call	0x28bc	; 0x28bc <_ZN8emstream4putsEPKc>
     b90:	b6 01       	movw	r22, r12
     b92:	c8 01       	movw	r24, r16
     b94:	0e 94 d7 14 	call	0x29ae	; 0x29ae <_ZN8emstreamlsEj>
     b98:	6a e0       	ldi	r22, 0x0A	; 10
     b9a:	0e 94 17 14 	call	0x282e	; 0x282e <_ZN8emstreamlsE15ser_manipulator>
     b9e:	8c 01       	movw	r16, r24
     ba0:	61 ef       	ldi	r22, 0xF1	; 241
     ba2:	73 e0       	ldi	r23, 0x03	; 3
     ba4:	0e 94 5e 14 	call	0x28bc	; 0x28bc <_ZN8emstream4putsEPKc>
     ba8:	4f ef       	ldi	r20, 0xFF	; 255
     baa:	5f e0       	ldi	r21, 0x0F	; 15
     bac:	60 e0       	ldi	r22, 0x00	; 0
     bae:	70 e0       	ldi	r23, 0x00	; 0
     bb0:	c8 01       	movw	r24, r16
     bb2:	0e 94 95 14 	call	0x292a	; 0x292a <_ZN8emstreamlsEm>
     bb6:	c0 90 28 08 	lds	r12, 0x0828	; 0x800828 <__TEXT_REGION_LENGTH__+0x700828>
     bba:	d0 90 29 08 	lds	r13, 0x0829	; 0x800829 <__TEXT_REGION_LENGTH__+0x700829>
     bbe:	6a e0       	ldi	r22, 0x0A	; 10
     bc0:	f7 01       	movw	r30, r14
     bc2:	86 81       	ldd	r24, Z+6	; 0x06
     bc4:	97 81       	ldd	r25, Z+7	; 0x07
     bc6:	0e 94 17 14 	call	0x282e	; 0x282e <_ZN8emstreamlsE15ser_manipulator>
     bca:	8c 01       	movw	r16, r24
     bcc:	66 ee       	ldi	r22, 0xE6	; 230
     bce:	73 e0       	ldi	r23, 0x03	; 3
     bd0:	0e 94 5e 14 	call	0x28bc	; 0x28bc <_ZN8emstream4putsEPKc>
     bd4:	b6 01       	movw	r22, r12
     bd6:	c8 01       	movw	r24, r16
     bd8:	0e 94 d7 14 	call	0x29ae	; 0x29ae <_ZN8emstreamlsEj>
     bdc:	66 e0       	ldi	r22, 0x06	; 6
     bde:	0e 94 17 14 	call	0x282e	; 0x282e <_ZN8emstreamlsE15ser_manipulator>
     be2:	66 e0       	ldi	r22, 0x06	; 6
     be4:	0e 94 17 14 	call	0x282e	; 0x282e <_ZN8emstreamlsE15ser_manipulator>
     be8:	d7 01       	movw	r26, r14
     bea:	16 96       	adiw	r26, 0x06	; 6
     bec:	0d 91       	ld	r16, X+
     bee:	1c 91       	ld	r17, X
     bf0:	17 97       	sbiw	r26, 0x07	; 7
     bf2:	6a e0       	ldi	r22, 0x0A	; 10
     bf4:	c8 01       	movw	r24, r16
     bf6:	0e 94 17 14 	call	0x282e	; 0x282e <_ZN8emstreamlsE15ser_manipulator>
     bfa:	6c 01       	movw	r12, r24
     bfc:	6b ed       	ldi	r22, 0xDB	; 219
     bfe:	73 e0       	ldi	r23, 0x03	; 3
     c00:	0e 94 5e 14 	call	0x28bc	; 0x28bc <_ZN8emstream4putsEPKc>
     c04:	6a e0       	ldi	r22, 0x0A	; 10
     c06:	c6 01       	movw	r24, r12
     c08:	0e 94 17 14 	call	0x282e	; 0x282e <_ZN8emstreamlsE15ser_manipulator>
     c0c:	6c 01       	movw	r12, r24
     c0e:	64 ed       	ldi	r22, 0xD4	; 212
     c10:	73 e0       	ldi	r23, 0x03	; 3
     c12:	0e 94 5e 14 	call	0x28bc	; 0x28bc <_ZN8emstream4putsEPKc>
     c16:	66 e0       	ldi	r22, 0x06	; 6
     c18:	c6 01       	movw	r24, r12
     c1a:	0e 94 17 14 	call	0x282e	; 0x282e <_ZN8emstreamlsE15ser_manipulator>
     c1e:	6a e0       	ldi	r22, 0x0A	; 10
     c20:	c8 01       	movw	r24, r16
     c22:	0e 94 17 14 	call	0x282e	; 0x282e <_ZN8emstreamlsE15ser_manipulator>
     c26:	6c 01       	movw	r12, r24
     c28:	63 ec       	ldi	r22, 0xC3	; 195
     c2a:	73 e0       	ldi	r23, 0x03	; 3
     c2c:	0e 94 5e 14 	call	0x28bc	; 0x28bc <_ZN8emstream4putsEPKc>
     c30:	6a e0       	ldi	r22, 0x0A	; 10
     c32:	c6 01       	movw	r24, r12
     c34:	0e 94 17 14 	call	0x282e	; 0x282e <_ZN8emstreamlsE15ser_manipulator>
     c38:	6c 01       	movw	r12, r24
     c3a:	67 eb       	ldi	r22, 0xB7	; 183
     c3c:	73 e0       	ldi	r23, 0x03	; 3
     c3e:	0e 94 5e 14 	call	0x28bc	; 0x28bc <_ZN8emstream4putsEPKc>
     c42:	6a e0       	ldi	r22, 0x0A	; 10
     c44:	c6 01       	movw	r24, r12
     c46:	0e 94 17 14 	call	0x282e	; 0x282e <_ZN8emstreamlsE15ser_manipulator>
     c4a:	6c 01       	movw	r12, r24
     c4c:	61 eb       	ldi	r22, 0xB1	; 177
     c4e:	73 e0       	ldi	r23, 0x03	; 3
     c50:	0e 94 5e 14 	call	0x28bc	; 0x28bc <_ZN8emstream4putsEPKc>
     c54:	66 e0       	ldi	r22, 0x06	; 6
     c56:	c6 01       	movw	r24, r12
     c58:	0e 94 17 14 	call	0x282e	; 0x282e <_ZN8emstreamlsE15ser_manipulator>
     c5c:	6a e0       	ldi	r22, 0x0A	; 10
     c5e:	c8 01       	movw	r24, r16
     c60:	0e 94 17 14 	call	0x282e	; 0x282e <_ZN8emstreamlsE15ser_manipulator>
     c64:	6c 01       	movw	r12, r24
     c66:	60 ea       	ldi	r22, 0xA0	; 160
     c68:	73 e0       	ldi	r23, 0x03	; 3
     c6a:	0e 94 5e 14 	call	0x28bc	; 0x28bc <_ZN8emstream4putsEPKc>
     c6e:	6a e0       	ldi	r22, 0x0A	; 10
     c70:	c6 01       	movw	r24, r12
     c72:	0e 94 17 14 	call	0x282e	; 0x282e <_ZN8emstreamlsE15ser_manipulator>
     c76:	6c 01       	movw	r12, r24
     c78:	64 e9       	ldi	r22, 0x94	; 148
     c7a:	73 e0       	ldi	r23, 0x03	; 3
     c7c:	0e 94 5e 14 	call	0x28bc	; 0x28bc <_ZN8emstream4putsEPKc>
     c80:	6a e0       	ldi	r22, 0x0A	; 10
     c82:	c6 01       	movw	r24, r12
     c84:	0e 94 17 14 	call	0x282e	; 0x282e <_ZN8emstreamlsE15ser_manipulator>
     c88:	6c 01       	movw	r12, r24
     c8a:	6e e8       	ldi	r22, 0x8E	; 142
     c8c:	73 e0       	ldi	r23, 0x03	; 3
     c8e:	0e 94 5e 14 	call	0x28bc	; 0x28bc <_ZN8emstream4putsEPKc>
     c92:	66 e0       	ldi	r22, 0x06	; 6
     c94:	c6 01       	movw	r24, r12
     c96:	0e 94 17 14 	call	0x282e	; 0x282e <_ZN8emstreamlsE15ser_manipulator>
     c9a:	ec ef       	ldi	r30, 0xFC	; 252
     c9c:	fc e2       	ldi	r31, 0x2C	; 44
     c9e:	80 81       	ld	r24, Z
     ca0:	91 81       	ldd	r25, Z+1	; 0x01
     ca2:	00 97       	sbiw	r24, 0x00	; 0
     ca4:	19 f0       	breq	.+6      	; 0xcac <_ZN9task_user3runEv+0x310>
     ca6:	b8 01       	movw	r22, r16
     ca8:	0e 94 1b 17 	call	0x2e36	; 0x2e36 <_ZN8frt_task20print_status_in_listEP8emstream>
     cac:	0e 94 7c 1f 	call	0x3ef8	; 0x3ef8 <xTaskGetIdleTaskHandle>
     cb0:	0e 94 e7 22 	call	0x45ce	; 0x45ce <uxTaskGetStackHighWaterMark>
     cb4:	d8 2e       	mov	r13, r24
     cb6:	6a e0       	ldi	r22, 0x0A	; 10
     cb8:	c8 01       	movw	r24, r16
     cba:	0e 94 17 14 	call	0x282e	; 0x282e <_ZN8emstreamlsE15ser_manipulator>
     cbe:	8c 01       	movw	r16, r24
     cc0:	63 e8       	ldi	r22, 0x83	; 131
     cc2:	73 e0       	ldi	r23, 0x03	; 3
     cc4:	0e 94 5e 14 	call	0x28bc	; 0x28bc <_ZN8emstream4putsEPKc>
     cc8:	6d 2d       	mov	r22, r13
     cca:	c8 01       	movw	r24, r16
     ccc:	0e 94 37 13 	call	0x266e	; 0x266e <_ZN8emstreamlsEh>
     cd0:	6a e0       	ldi	r22, 0x0A	; 10
     cd2:	0e 94 17 14 	call	0x282e	; 0x282e <_ZN8emstreamlsE15ser_manipulator>
     cd6:	8c 01       	movw	r16, r24
     cd8:	61 e8       	ldi	r22, 0x81	; 129
     cda:	73 e0       	ldi	r23, 0x03	; 3
     cdc:	0e 94 5e 14 	call	0x28bc	; 0x28bc <_ZN8emstream4putsEPKc>
     ce0:	64 e6       	ldi	r22, 0x64	; 100
     ce2:	70 e0       	ldi	r23, 0x00	; 0
     ce4:	c8 01       	movw	r24, r16
     ce6:	0e 94 d7 14 	call	0x29ae	; 0x29ae <_ZN8emstreamlsEj>
     cea:	6a e0       	ldi	r22, 0x0A	; 10
     cec:	0e 94 17 14 	call	0x282e	; 0x282e <_ZN8emstreamlsE15ser_manipulator>
     cf0:	8c 01       	movw	r16, r24
     cf2:	6e e7       	ldi	r22, 0x7E	; 126
     cf4:	73 e0       	ldi	r23, 0x03	; 3
     cf6:	0e 94 5e 14 	call	0x28bc	; 0x28bc <_ZN8emstream4putsEPKc>
     cfa:	66 e0       	ldi	r22, 0x06	; 6
     cfc:	c8 01       	movw	r24, r16
     cfe:	0e 94 17 14 	call	0x282e	; 0x282e <_ZN8emstreamlsE15ser_manipulator>
     d02:	be c1       	rjmp	.+892    	; 0x1080 <_ZN9task_user3runEv+0x6e4>
     d04:	d7 01       	movw	r26, r14
     d06:	16 96       	adiw	r26, 0x06	; 6
     d08:	cd 90       	ld	r12, X+
     d0a:	dc 90       	ld	r13, X
     d0c:	17 97       	sbiw	r26, 0x07	; 7
     d0e:	80 91 fc 2c 	lds	r24, 0x2CFC	; 0x802cfc <last_created_task_pointer>
     d12:	90 91 fd 2c 	lds	r25, 0x2CFD	; 0x802cfd <last_created_task_pointer+0x1>
     d16:	00 97       	sbiw	r24, 0x00	; 0
     d18:	19 f0       	breq	.+6      	; 0xd20 <_ZN9task_user3runEv+0x384>
     d1a:	b6 01       	movw	r22, r12
     d1c:	0e 94 37 17 	call	0x2e6e	; 0x2e6e <_ZN8frt_task19print_stack_in_listEP8emstream>
     d20:	6a e0       	ldi	r22, 0x0A	; 10
     d22:	c6 01       	movw	r24, r12
     d24:	0e 94 17 14 	call	0x282e	; 0x282e <_ZN8emstreamlsE15ser_manipulator>
     d28:	8c 01       	movw	r16, r24
     d2a:	64 e4       	ldi	r22, 0x44	; 68
     d2c:	74 e0       	ldi	r23, 0x04	; 4
     d2e:	0e 94 5e 14 	call	0x28bc	; 0x28bc <_ZN8emstream4putsEPKc>
     d32:	6a e0       	ldi	r22, 0x0A	; 10
     d34:	c8 01       	movw	r24, r16
     d36:	0e 94 17 14 	call	0x282e	; 0x282e <_ZN8emstreamlsE15ser_manipulator>
     d3a:	8c 01       	movw	r16, r24
     d3c:	69 e3       	ldi	r22, 0x39	; 57
     d3e:	74 e0       	ldi	r23, 0x04	; 4
     d40:	0e 94 5e 14 	call	0x28bc	; 0x28bc <_ZN8emstream4putsEPKc>
     d44:	6a e0       	ldi	r22, 0x0A	; 10
     d46:	c8 01       	movw	r24, r16
     d48:	0e 94 17 14 	call	0x282e	; 0x282e <_ZN8emstreamlsE15ser_manipulator>
     d4c:	8c 01       	movw	r16, r24
     d4e:	63 e3       	ldi	r22, 0x33	; 51
     d50:	74 e0       	ldi	r23, 0x04	; 4
     d52:	0e 94 5e 14 	call	0x28bc	; 0x28bc <_ZN8emstream4putsEPKc>
     d56:	66 e0       	ldi	r22, 0x06	; 6
     d58:	c8 01       	movw	r24, r16
     d5a:	0e 94 17 14 	call	0x282e	; 0x282e <_ZN8emstreamlsE15ser_manipulator>
     d5e:	80 91 68 3d 	lds	r24, 0x3D68	; 0x803d68 <portStackTopForTask>
     d62:	90 91 69 3d 	lds	r25, 0x3D69	; 0x803d69 <portStackTopForTask+0x1>
     d66:	bc 01       	movw	r22, r24
     d68:	6f 5f       	subi	r22, 0xFF	; 255
     d6a:	7f 4f       	sbci	r23, 0xFF	; 255
     d6c:	01 e1       	ldi	r16, 0x11	; 17
     d6e:	23 2d       	mov	r18, r3
     d70:	a6 01       	movw	r20, r12
     d72:	83 56       	subi	r24, 0x63	; 99
     d74:	91 09       	sbc	r25, r1
     d76:	0e 94 c3 15 	call	0x2b86	; 0x2b86 <_Z15hex_dump_memoryPhS_P8emstreambh>
     d7a:	82 c1       	rjmp	.+772    	; 0x1080 <_ZN9task_user3runEv+0x6e4>
     d7c:	c7 01       	movw	r24, r14
     d7e:	0e 94 e0 03 	call	0x7c0	; 0x7c0 <_ZN9task_user18print_help_messageEv>
     d82:	7e c1       	rjmp	.+764    	; 0x1080 <_ZN9task_user3runEv+0x6e4>
     d84:	6a e0       	ldi	r22, 0x0A	; 10
     d86:	f7 01       	movw	r30, r14
     d88:	86 81       	ldd	r24, Z+6	; 0x06
     d8a:	97 81       	ldd	r25, Z+7	; 0x07
     d8c:	0e 94 17 14 	call	0x282e	; 0x282e <_ZN8emstreamlsE15ser_manipulator>
     d90:	8c 01       	movw	r16, r24
     d92:	60 e2       	ldi	r22, 0x20	; 32
     d94:	75 e0       	ldi	r23, 0x05	; 5
     d96:	0e 94 5e 14 	call	0x28bc	; 0x28bc <_ZN8emstream4putsEPKc>
     d9a:	66 e0       	ldi	r22, 0x06	; 6
     d9c:	c8 01       	movw	r24, r16
     d9e:	0e 94 17 14 	call	0x282e	; 0x282e <_ZN8emstreamlsE15ser_manipulator>
     da2:	d7 01       	movw	r26, r14
     da4:	1c 96       	adiw	r26, 0x0c	; 12
     da6:	1c 92       	st	X, r1
     da8:	1c 97       	sbiw	r26, 0x0c	; 12
     daa:	1d 96       	adiw	r26, 0x0d	; 13
     dac:	1c 92       	st	X, r1
     dae:	68 c1       	rjmp	.+720    	; 0x1080 <_ZN9task_user3runEv+0x6e4>
     db0:	e0 91 ba 2c 	lds	r30, 0x2CBA	; 0x802cba <begin>
     db4:	f0 91 bb 2c 	lds	r31, 0x2CBB	; 0x802cbb <begin+0x1>
     db8:	0f b6       	in	r0, 0x3f	; 63
     dba:	f8 94       	cli
     dbc:	0f 92       	push	r0
     dbe:	30 82       	st	Z, r3
     dc0:	0f 90       	pop	r0
     dc2:	0f be       	out	0x3f, r0	; 63
     dc4:	6a e0       	ldi	r22, 0x0A	; 10
     dc6:	f7 01       	movw	r30, r14
     dc8:	86 81       	ldd	r24, Z+6	; 0x06
     dca:	97 81       	ldd	r25, Z+7	; 0x07
     dcc:	0e 94 17 14 	call	0x282e	; 0x282e <_ZN8emstreamlsE15ser_manipulator>
     dd0:	8c 01       	movw	r16, r24
     dd2:	63 e1       	ldi	r22, 0x13	; 19
     dd4:	75 e0       	ldi	r23, 0x05	; 5
     dd6:	0e 94 5e 14 	call	0x28bc	; 0x28bc <_ZN8emstream4putsEPKc>
     dda:	66 e0       	ldi	r22, 0x06	; 6
     ddc:	c8 01       	movw	r24, r16
     dde:	0e 94 17 14 	call	0x282e	; 0x282e <_ZN8emstreamlsE15ser_manipulator>
     de2:	4e c1       	rjmp	.+668    	; 0x1080 <_ZN9task_user3runEv+0x6e4>
     de4:	e0 91 b8 2c 	lds	r30, 0x2CB8	; 0x802cb8 <go>
     de8:	f0 91 b9 2c 	lds	r31, 0x2CB9	; 0x802cb9 <go+0x1>
     dec:	0f b6       	in	r0, 0x3f	; 63
     dee:	f8 94       	cli
     df0:	0f 92       	push	r0
     df2:	30 82       	st	Z, r3
     df4:	0f 90       	pop	r0
     df6:	0f be       	out	0x3f, r0	; 63
     df8:	6a e0       	ldi	r22, 0x0A	; 10
     dfa:	d7 01       	movw	r26, r14
     dfc:	16 96       	adiw	r26, 0x06	; 6
     dfe:	8d 91       	ld	r24, X+
     e00:	9c 91       	ld	r25, X
     e02:	17 97       	sbiw	r26, 0x07	; 7
     e04:	0e 94 17 14 	call	0x282e	; 0x282e <_ZN8emstreamlsE15ser_manipulator>
     e08:	8c 01       	movw	r16, r24
     e0a:	62 e0       	ldi	r22, 0x02	; 2
     e0c:	75 e0       	ldi	r23, 0x05	; 5
     e0e:	0e 94 5e 14 	call	0x28bc	; 0x28bc <_ZN8emstream4putsEPKc>
     e12:	66 e0       	ldi	r22, 0x06	; 6
     e14:	c8 01       	movw	r24, r16
     e16:	0e 94 17 14 	call	0x282e	; 0x282e <_ZN8emstreamlsE15ser_manipulator>
     e1a:	32 c1       	rjmp	.+612    	; 0x1080 <_ZN9task_user3runEv+0x6e4>
     e1c:	e0 91 b6 2c 	lds	r30, 0x2CB6	; 0x802cb6 <stop>
     e20:	f0 91 b7 2c 	lds	r31, 0x2CB7	; 0x802cb7 <stop+0x1>
     e24:	0f b6       	in	r0, 0x3f	; 63
     e26:	f8 94       	cli
     e28:	0f 92       	push	r0
     e2a:	30 82       	st	Z, r3
     e2c:	0f 90       	pop	r0
     e2e:	0f be       	out	0x3f, r0	; 63
     e30:	6a e0       	ldi	r22, 0x0A	; 10
     e32:	f7 01       	movw	r30, r14
     e34:	86 81       	ldd	r24, Z+6	; 0x06
     e36:	97 81       	ldd	r25, Z+7	; 0x07
     e38:	0e 94 17 14 	call	0x282e	; 0x282e <_ZN8emstreamlsE15ser_manipulator>
     e3c:	8c 01       	movw	r16, r24
     e3e:	63 ef       	ldi	r22, 0xF3	; 243
     e40:	74 e0       	ldi	r23, 0x04	; 4
     e42:	0e 94 5e 14 	call	0x28bc	; 0x28bc <_ZN8emstream4putsEPKc>
     e46:	66 e0       	ldi	r22, 0x06	; 6
     e48:	c8 01       	movw	r24, r16
     e4a:	0e 94 17 14 	call	0x282e	; 0x282e <_ZN8emstreamlsE15ser_manipulator>
     e4e:	18 c1       	rjmp	.+560    	; 0x1080 <_ZN9task_user3runEv+0x6e4>
     e50:	e0 91 b4 2c 	lds	r30, 0x2CB4	; 0x802cb4 <reset>
     e54:	f0 91 b5 2c 	lds	r31, 0x2CB5	; 0x802cb5 <reset+0x1>
     e58:	0f b6       	in	r0, 0x3f	; 63
     e5a:	f8 94       	cli
     e5c:	0f 92       	push	r0
     e5e:	30 82       	st	Z, r3
     e60:	0f 90       	pop	r0
     e62:	0f be       	out	0x3f, r0	; 63
     e64:	6a e0       	ldi	r22, 0x0A	; 10
     e66:	d7 01       	movw	r26, r14
     e68:	16 96       	adiw	r26, 0x06	; 6
     e6a:	8d 91       	ld	r24, X+
     e6c:	9c 91       	ld	r25, X
     e6e:	17 97       	sbiw	r26, 0x07	; 7
     e70:	0e 94 17 14 	call	0x282e	; 0x282e <_ZN8emstreamlsE15ser_manipulator>
     e74:	8c 01       	movw	r16, r24
     e76:	6b ec       	ldi	r22, 0xCB	; 203
     e78:	74 e0       	ldi	r23, 0x04	; 4
     e7a:	0e 94 5e 14 	call	0x28bc	; 0x28bc <_ZN8emstream4putsEPKc>
     e7e:	66 e0       	ldi	r22, 0x06	; 6
     e80:	c8 01       	movw	r24, r16
     e82:	0e 94 17 14 	call	0x282e	; 0x282e <_ZN8emstreamlsE15ser_manipulator>
     e86:	fc c0       	rjmp	.+504    	; 0x1080 <_ZN9task_user3runEv+0x6e4>
     e88:	30 92 b3 2c 	sts	0x2CB3, r3	; 0x802cb3 <telemetry_freeze>
     e8c:	6a e0       	ldi	r22, 0x0A	; 10
     e8e:	f7 01       	movw	r30, r14
     e90:	86 81       	ldd	r24, Z+6	; 0x06
     e92:	97 81       	ldd	r25, Z+7	; 0x07
     e94:	0e 94 17 14 	call	0x282e	; 0x282e <_ZN8emstreamlsE15ser_manipulator>
     e98:	8c 01       	movw	r16, r24
     e9a:	64 e8       	ldi	r22, 0x84	; 132
     e9c:	74 e0       	ldi	r23, 0x04	; 4
     e9e:	0e 94 5e 14 	call	0x28bc	; 0x28bc <_ZN8emstream4putsEPKc>
     ea2:	66 e0       	ldi	r22, 0x06	; 6
     ea4:	c8 01       	movw	r24, r16
     ea6:	0e 94 17 14 	call	0x282e	; 0x282e <_ZN8emstreamlsE15ser_manipulator>
     eaa:	80 91 b2 2c 	lds	r24, 0x2CB2	; 0x802cb2 <telemetry_buffer_full>
     eae:	81 11       	cpse	r24, r1
     eb0:	fa c0       	rjmp	.+500    	; 0x10a6 <_ZN9task_user3runEv+0x70a>
     eb2:	a0 90 b0 2c 	lds	r10, 0x2CB0	; 0x802cb0 <telemetry_head>
     eb6:	b0 90 b1 2c 	lds	r11, 0x2CB1	; 0x802cb1 <telemetry_head+0x1>
     eba:	80 91 b2 2c 	lds	r24, 0x2CB2	; 0x802cb2 <telemetry_buffer_full>
     ebe:	88 23       	and	r24, r24
     ec0:	59 f0       	breq	.+22     	; 0xed8 <_ZN9task_user3runEv+0x53c>
     ec2:	05 c0       	rjmp	.+10     	; 0xece <_ZN9task_user3runEv+0x532>
     ec4:	0f 2e       	mov	r0, r31
     ec6:	fa ef       	ldi	r31, 0xFA	; 250
     ec8:	af 2e       	mov	r10, r31
     eca:	f0 2d       	mov	r31, r0
     ecc:	b2 2c       	mov	r11, r2
     ece:	40 90 b0 2c 	lds	r4, 0x2CB0	; 0x802cb0 <telemetry_head>
     ed2:	50 90 b1 2c 	lds	r5, 0x2CB1	; 0x802cb1 <telemetry_head+0x1>
     ed6:	02 c0       	rjmp	.+4      	; 0xedc <_ZN9task_user3runEv+0x540>
     ed8:	41 2c       	mov	r4, r1
     eda:	51 2c       	mov	r5, r1
     edc:	a1 14       	cp	r10, r1
     ede:	b1 04       	cpc	r11, r1
     ee0:	09 f4       	brne	.+2      	; 0xee4 <_ZN9task_user3runEv+0x548>
     ee2:	85 c0       	rjmp	.+266    	; 0xfee <_ZN9task_user3runEv+0x652>
     ee4:	81 2c       	mov	r8, r1
     ee6:	91 2c       	mov	r9, r1
     ee8:	a4 01       	movw	r20, r8
     eea:	44 0d       	add	r20, r4
     eec:	55 1d       	adc	r21, r5
     eee:	9a 01       	movw	r18, r20
     ef0:	36 95       	lsr	r19
     ef2:	27 95       	ror	r18
     ef4:	a3 e1       	ldi	r26, 0x13	; 19
     ef6:	b3 e8       	ldi	r27, 0x83	; 131
     ef8:	0e 94 b2 26 	call	0x4d64	; 0x4d64 <__umulhisi3>
     efc:	8c 01       	movw	r16, r24
     efe:	00 24       	eor	r0, r0
     f00:	00 0f       	add	r16, r16
     f02:	11 1f       	adc	r17, r17
     f04:	00 1c       	adc	r0, r0
     f06:	00 0f       	add	r16, r16
     f08:	11 1f       	adc	r17, r17
     f0a:	00 1c       	adc	r0, r0
     f0c:	01 2f       	mov	r16, r17
     f0e:	10 2d       	mov	r17, r0
     f10:	fa ef       	ldi	r31, 0xFA	; 250
     f12:	f0 9f       	mul	r31, r16
     f14:	c0 01       	movw	r24, r0
     f16:	f1 9f       	mul	r31, r17
     f18:	90 0d       	add	r25, r0
     f1a:	11 24       	eor	r1, r1
     f1c:	8a 01       	movw	r16, r20
     f1e:	08 1b       	sub	r16, r24
     f20:	19 0b       	sbc	r17, r25
     f22:	38 01       	movw	r6, r16
     f24:	66 0c       	add	r6, r6
     f26:	77 1c       	adc	r7, r7
     f28:	c3 01       	movw	r24, r6
     f2a:	80 0f       	add	r24, r16
     f2c:	91 1f       	adc	r25, r17
     f2e:	88 0f       	add	r24, r24
     f30:	99 1f       	adc	r25, r25
     f32:	88 0f       	add	r24, r24
     f34:	99 1f       	adc	r25, r25
     f36:	9c 01       	movw	r18, r24
     f38:	28 50       	subi	r18, 0x08	; 8
     f3a:	3f 4d       	sbci	r19, 0xDF	; 223
     f3c:	69 01       	movw	r12, r18
     f3e:	d9 01       	movw	r26, r18
     f40:	6d 91       	ld	r22, X+
     f42:	7c 91       	ld	r23, X
     f44:	f7 01       	movw	r30, r14
     f46:	86 81       	ldd	r24, Z+6	; 0x06
     f48:	97 81       	ldd	r25, Z+7	; 0x07
     f4a:	0e 94 d7 14 	call	0x29ae	; 0x29ae <_ZN8emstreamlsEj>
     f4e:	6e e6       	ldi	r22, 0x6E	; 110
     f50:	70 e2       	ldi	r23, 0x20	; 32
     f52:	0e 94 5e 14 	call	0x28bc	; 0x28bc <_ZN8emstream4putsEPKc>
     f56:	d6 01       	movw	r26, r12
     f58:	12 96       	adiw	r26, 0x02	; 2
     f5a:	6d 91       	ld	r22, X+
     f5c:	7c 91       	ld	r23, X
     f5e:	13 97       	sbiw	r26, 0x03	; 3
     f60:	f7 01       	movw	r30, r14
     f62:	86 81       	ldd	r24, Z+6	; 0x06
     f64:	97 81       	ldd	r25, Z+7	; 0x07
     f66:	0e 94 0b 15 	call	0x2a16	; 0x2a16 <_ZN8emstreamlsEi>
     f6a:	6e e6       	ldi	r22, 0x6E	; 110
     f6c:	70 e2       	ldi	r23, 0x20	; 32
     f6e:	0e 94 5e 14 	call	0x28bc	; 0x28bc <_ZN8emstream4putsEPKc>
     f72:	d6 01       	movw	r26, r12
     f74:	14 96       	adiw	r26, 0x04	; 4
     f76:	6d 91       	ld	r22, X+
     f78:	7c 91       	ld	r23, X
     f7a:	15 97       	sbiw	r26, 0x05	; 5
     f7c:	f7 01       	movw	r30, r14
     f7e:	86 81       	ldd	r24, Z+6	; 0x06
     f80:	97 81       	ldd	r25, Z+7	; 0x07
     f82:	0e 94 0b 15 	call	0x2a16	; 0x2a16 <_ZN8emstreamlsEi>
     f86:	6e e6       	ldi	r22, 0x6E	; 110
     f88:	70 e2       	ldi	r23, 0x20	; 32
     f8a:	0e 94 5e 14 	call	0x28bc	; 0x28bc <_ZN8emstream4putsEPKc>
     f8e:	d6 01       	movw	r26, r12
     f90:	16 96       	adiw	r26, 0x06	; 6
     f92:	6d 91       	ld	r22, X+
     f94:	7c 91       	ld	r23, X
     f96:	17 97       	sbiw	r26, 0x07	; 7
     f98:	f7 01       	movw	r30, r14
     f9a:	86 81       	ldd	r24, Z+6	; 0x06
     f9c:	97 81       	ldd	r25, Z+7	; 0x07
     f9e:	0e 94 0b 15 	call	0x2a16	; 0x2a16 <_ZN8emstreamlsEi>
     fa2:	6e e6       	ldi	r22, 0x6E	; 110
     fa4:	70 e2       	ldi	r23, 0x20	; 32
     fa6:	0e 94 5e 14 	call	0x28bc	; 0x28bc <_ZN8emstream4putsEPKc>
     faa:	d6 01       	movw	r26, r12
     fac:	18 96       	adiw	r26, 0x08	; 8
     fae:	6d 91       	ld	r22, X+
     fb0:	7c 91       	ld	r23, X
     fb2:	19 97       	sbiw	r26, 0x09	; 9
     fb4:	f7 01       	movw	r30, r14
     fb6:	86 81       	ldd	r24, Z+6	; 0x06
     fb8:	97 81       	ldd	r25, Z+7	; 0x07
     fba:	0e 94 0b 15 	call	0x2a16	; 0x2a16 <_ZN8emstreamlsEi>
     fbe:	6e e6       	ldi	r22, 0x6E	; 110
     fc0:	70 e2       	ldi	r23, 0x20	; 32
     fc2:	0e 94 5e 14 	call	0x28bc	; 0x28bc <_ZN8emstream4putsEPKc>
     fc6:	f6 01       	movw	r30, r12
     fc8:	62 85       	ldd	r22, Z+10	; 0x0a
     fca:	73 85       	ldd	r23, Z+11	; 0x0b
     fcc:	d7 01       	movw	r26, r14
     fce:	16 96       	adiw	r26, 0x06	; 6
     fd0:	8d 91       	ld	r24, X+
     fd2:	9c 91       	ld	r25, X
     fd4:	17 97       	sbiw	r26, 0x07	; 7
     fd6:	0e 94 0b 15 	call	0x2a16	; 0x2a16 <_ZN8emstreamlsEi>
     fda:	66 e0       	ldi	r22, 0x06	; 6
     fdc:	0e 94 17 14 	call	0x282e	; 0x282e <_ZN8emstreamlsE15ser_manipulator>
     fe0:	bf ef       	ldi	r27, 0xFF	; 255
     fe2:	8b 1a       	sub	r8, r27
     fe4:	9b 0a       	sbc	r9, r27
     fe6:	8a 14       	cp	r8, r10
     fe8:	9b 04       	cpc	r9, r11
     fea:	08 f4       	brcc	.+2      	; 0xfee <_ZN9task_user3runEv+0x652>
     fec:	7d cf       	rjmp	.-262    	; 0xee8 <_ZN9task_user3runEv+0x54c>
     fee:	6a e0       	ldi	r22, 0x0A	; 10
     ff0:	f7 01       	movw	r30, r14
     ff2:	86 81       	ldd	r24, Z+6	; 0x06
     ff4:	97 81       	ldd	r25, Z+7	; 0x07
     ff6:	0e 94 17 14 	call	0x282e	; 0x282e <_ZN8emstreamlsE15ser_manipulator>
     ffa:	8c 01       	movw	r16, r24
     ffc:	6c e6       	ldi	r22, 0x6C	; 108
     ffe:	74 e0       	ldi	r23, 0x04	; 4
    1000:	0e 94 5e 14 	call	0x28bc	; 0x28bc <_ZN8emstream4putsEPKc>
    1004:	66 e0       	ldi	r22, 0x06	; 6
    1006:	c8 01       	movw	r24, r16
    1008:	0e 94 17 14 	call	0x282e	; 0x282e <_ZN8emstreamlsE15ser_manipulator>
    100c:	10 92 b3 2c 	sts	0x2CB3, r1	; 0x802cb3 <telemetry_freeze>
    1010:	37 c0       	rjmp	.+110    	; 0x1080 <_ZN9task_user3runEv+0x6e4>
    1012:	d7 01       	movw	r26, r14
    1014:	16 96       	adiw	r26, 0x06	; 6
    1016:	8d 91       	ld	r24, X+
    1018:	9c 91       	ld	r25, X
    101a:	17 97       	sbiw	r26, 0x07	; 7
    101c:	dc 01       	movw	r26, r24
    101e:	ed 91       	ld	r30, X+
    1020:	fc 91       	ld	r31, X
    1022:	02 80       	ldd	r0, Z+2	; 0x02
    1024:	f3 81       	ldd	r31, Z+3	; 0x03
    1026:	e0 2d       	mov	r30, r0
    1028:	19 95       	eicall
    102a:	6a e0       	ldi	r22, 0x0A	; 10
    102c:	f7 01       	movw	r30, r14
    102e:	86 81       	ldd	r24, Z+6	; 0x06
    1030:	97 81       	ldd	r25, Z+7	; 0x07
    1032:	0e 94 17 14 	call	0x282e	; 0x282e <_ZN8emstreamlsE15ser_manipulator>
    1036:	8c 01       	movw	r16, r24
    1038:	66 e6       	ldi	r22, 0x66	; 102
    103a:	74 e0       	ldi	r23, 0x04	; 4
    103c:	0e 94 5e 14 	call	0x28bc	; 0x28bc <_ZN8emstream4putsEPKc>
    1040:	66 e0       	ldi	r22, 0x06	; 6
    1042:	c8 01       	movw	r24, r16
    1044:	0e 94 17 14 	call	0x282e	; 0x282e <_ZN8emstreamlsE15ser_manipulator>
    1048:	1b c0       	rjmp	.+54     	; 0x1080 <_ZN9task_user3runEv+0x6e4>
    104a:	6a e0       	ldi	r22, 0x0A	; 10
    104c:	86 81       	ldd	r24, Z+6	; 0x06
    104e:	97 81       	ldd	r25, Z+7	; 0x07
    1050:	0e 94 17 14 	call	0x282e	; 0x282e <_ZN8emstreamlsE15ser_manipulator>
    1054:	8c 01       	movw	r16, r24
    1056:	69 e4       	ldi	r22, 0x49	; 73
    1058:	74 e0       	ldi	r23, 0x04	; 4
    105a:	0e 94 5e 14 	call	0x28bc	; 0x28bc <_ZN8emstream4putsEPKc>
    105e:	66 e0       	ldi	r22, 0x06	; 6
    1060:	c8 01       	movw	r24, r16
    1062:	0e 94 17 14 	call	0x282e	; 0x282e <_ZN8emstreamlsE15ser_manipulator>
    1066:	93 e0       	ldi	r25, 0x03	; 3
    1068:	88 ed       	ldi	r24, 0xD8	; 216
    106a:	08 b6       	in	r0, 0x38	; 56
    106c:	18 be       	out	0x38, r1	; 56
    106e:	84 bf       	out	0x34, r24	; 52
    1070:	90 93 80 00 	sts	0x0080, r25	; 0x800080 <__TEXT_REGION_LENGTH__+0x700080>
    1074:	80 91 82 00 	lds	r24, 0x0082	; 0x800082 <__TEXT_REGION_LENGTH__+0x700082>
    1078:	81 fd       	sbrc	r24, 1
    107a:	fc cf       	rjmp	.-8      	; 0x1074 <_ZN9task_user3runEv+0x6d8>
    107c:	08 be       	out	0x38, r0	; 56
    107e:	ff cf       	rjmp	.-2      	; 0x107e <_ZN9task_user3runEv+0x6e2>
    1080:	f7 01       	movw	r30, r14
    1082:	86 85       	ldd	r24, Z+14	; 0x0e
    1084:	97 85       	ldd	r25, Z+15	; 0x0f
    1086:	a0 89       	ldd	r26, Z+16	; 0x10
    1088:	b1 89       	ldd	r27, Z+17	; 0x11
    108a:	01 96       	adiw	r24, 0x01	; 1
    108c:	a1 1d       	adc	r26, r1
    108e:	b1 1d       	adc	r27, r1
    1090:	86 87       	std	Z+14, r24	; 0x0e
    1092:	97 87       	std	Z+15, r25	; 0x0f
    1094:	a0 8b       	std	Z+16, r26	; 0x10
    1096:	b1 8b       	std	Z+17, r27	; 0x11
    1098:	64 e1       	ldi	r22, 0x14	; 20
    109a:	70 e0       	ldi	r23, 0x00	; 0
    109c:	80 e0       	ldi	r24, 0x00	; 0
    109e:	90 e0       	ldi	r25, 0x00	; 0
    10a0:	0e 94 71 21 	call	0x42e2	; 0x42e2 <vTaskDelay>
    10a4:	9d cc       	rjmp	.-1734   	; 0x9e0 <_ZN9task_user3runEv+0x44>
    10a6:	80 91 b2 2c 	lds	r24, 0x2CB2	; 0x802cb2 <telemetry_buffer_full>
    10aa:	81 11       	cpse	r24, r1
    10ac:	0b cf       	rjmp	.-490    	; 0xec4 <_ZN9task_user3runEv+0x528>
    10ae:	41 2c       	mov	r4, r1
    10b0:	51 2c       	mov	r5, r1
    10b2:	0f 2e       	mov	r0, r31
    10b4:	fa ef       	ldi	r31, 0xFA	; 250
    10b6:	af 2e       	mov	r10, r31
    10b8:	f0 2d       	mov	r31, r0
    10ba:	b2 2c       	mov	r11, r2
    10bc:	13 cf       	rjmp	.-474    	; 0xee4 <_ZN9task_user3runEv+0x548>

000010be <_ZN22task_system_controller3runEv>:
    10be:	cf 93       	push	r28
    10c0:	df 93       	push	r29
    10c2:	cd b7       	in	r28, 0x3d	; 61
    10c4:	de b7       	in	r29, 0x3e	; 62
    10c6:	2c 97       	sbiw	r28, 0x0c	; 12
    10c8:	cd bf       	out	0x3d, r28	; 61
    10ca:	de bf       	out	0x3e, r29	; 62
    10cc:	8c 01       	movw	r16, r24
    10ce:	0e 94 66 1f 	call	0x3ecc	; 0x3ecc <xTaskGetTickCount>
    10d2:	69 83       	std	Y+1, r22	; 0x01
    10d4:	7a 83       	std	Y+2, r23	; 0x02
    10d6:	8b 83       	std	Y+3, r24	; 0x03
    10d8:	9c 83       	std	Y+4, r25	; 0x04
    10da:	91 2c       	mov	r9, r1
    10dc:	0f 2e       	mov	r0, r31
    10de:	f3 e0       	ldi	r31, 0x03	; 3
    10e0:	2f 2e       	mov	r2, r31
    10e2:	f0 2d       	mov	r31, r0
    10e4:	0f 2e       	mov	r0, r31
    10e6:	f4 e6       	ldi	r31, 0x64	; 100
    10e8:	3f 2e       	mov	r3, r31
    10ea:	f0 2d       	mov	r31, r0
    10ec:	d8 01       	movw	r26, r16
    10ee:	1c 96       	adiw	r26, 0x0c	; 12
    10f0:	8c 91       	ld	r24, X
    10f2:	82 30       	cpi	r24, 0x02	; 2
    10f4:	09 f4       	brne	.+2      	; 0x10f8 <_ZN22task_system_controller3runEv+0x3a>
    10f6:	cc c0       	rjmp	.+408    	; 0x1290 <_ZN22task_system_controller3runEv+0x1d2>
    10f8:	30 f4       	brcc	.+12     	; 0x1106 <_ZN22task_system_controller3runEv+0x48>
    10fa:	88 23       	and	r24, r24
    10fc:	69 f0       	breq	.+26     	; 0x1118 <_ZN22task_system_controller3runEv+0x5a>
    10fe:	81 30       	cpi	r24, 0x01	; 1
    1100:	09 f4       	brne	.+2      	; 0x1104 <_ZN22task_system_controller3runEv+0x46>
    1102:	7a c0       	rjmp	.+244    	; 0x11f8 <_ZN22task_system_controller3runEv+0x13a>
    1104:	5f c3       	rjmp	.+1726   	; 0x17c4 <_ZN22task_system_controller3runEv+0x706>
    1106:	84 30       	cpi	r24, 0x04	; 4
    1108:	09 f4       	brne	.+2      	; 0x110c <_ZN22task_system_controller3runEv+0x4e>
    110a:	b2 c1       	rjmp	.+868    	; 0x1470 <_ZN22task_system_controller3runEv+0x3b2>
    110c:	08 f4       	brcc	.+2      	; 0x1110 <_ZN22task_system_controller3runEv+0x52>
    110e:	f2 c0       	rjmp	.+484    	; 0x12f4 <_ZN22task_system_controller3runEv+0x236>
    1110:	84 36       	cpi	r24, 0x64	; 100
    1112:	09 f4       	brne	.+2      	; 0x1116 <_ZN22task_system_controller3runEv+0x58>
    1114:	23 c3       	rjmp	.+1606   	; 0x175c <_ZN22task_system_controller3runEv+0x69e>
    1116:	56 c3       	rjmp	.+1708   	; 0x17c4 <_ZN22task_system_controller3runEv+0x706>
    1118:	e0 91 be 2c 	lds	r30, 0x2CBE	; 0x802cbe <linear_offset>
    111c:	f0 91 bf 2c 	lds	r31, 0x2CBF	; 0x802cbf <linear_offset+0x1>
    1120:	0f b6       	in	r0, 0x3f	; 63
    1122:	f8 94       	cli
    1124:	0f 92       	push	r0
    1126:	10 82       	st	Z, r1
    1128:	11 82       	std	Z+1, r1	; 0x01
    112a:	12 82       	std	Z+2, r1	; 0x02
    112c:	13 82       	std	Z+3, r1	; 0x03
    112e:	0f 90       	pop	r0
    1130:	0f be       	out	0x3f, r0	; 63
    1132:	f8 01       	movw	r30, r16
    1134:	16 8e       	std	Z+30, r1	; 0x1e
    1136:	17 8e       	std	Z+31, r1	; 0x1f
    1138:	10 a2       	std	Z+32, r1	; 0x20
    113a:	11 a2       	std	Z+33, r1	; 0x21
    113c:	0f b6       	in	r0, 0x3f	; 63
    113e:	f8 94       	cli
    1140:	0f 92       	push	r0
    1142:	0f 90       	pop	r0
    1144:	0f be       	out	0x3f, r0	; 63
    1146:	e0 91 ba 2c 	lds	r30, 0x2CBA	; 0x802cba <begin>
    114a:	f0 91 bb 2c 	lds	r31, 0x2CBB	; 0x802cbb <begin+0x1>
    114e:	80 81       	ld	r24, Z
    1150:	88 23       	and	r24, r24
    1152:	09 f4       	brne	.+2      	; 0x1156 <_ZN22task_system_controller3runEv+0x98>
    1154:	31 c3       	rjmp	.+1634   	; 0x17b8 <_ZN22task_system_controller3runEv+0x6fa>
    1156:	e0 91 b4 2c 	lds	r30, 0x2CB4	; 0x802cb4 <reset>
    115a:	f0 91 b5 2c 	lds	r31, 0x2CB5	; 0x802cb5 <reset+0x1>
    115e:	0f b6       	in	r0, 0x3f	; 63
    1160:	f8 94       	cli
    1162:	0f 92       	push	r0
    1164:	10 82       	st	Z, r1
    1166:	0f 90       	pop	r0
    1168:	0f be       	out	0x3f, r0	; 63
    116a:	e0 91 b6 2c 	lds	r30, 0x2CB6	; 0x802cb6 <stop>
    116e:	f0 91 b7 2c 	lds	r31, 0x2CB7	; 0x802cb7 <stop+0x1>
    1172:	0f b6       	in	r0, 0x3f	; 63
    1174:	f8 94       	cli
    1176:	0f 92       	push	r0
    1178:	10 82       	st	Z, r1
    117a:	0f 90       	pop	r0
    117c:	0f be       	out	0x3f, r0	; 63
    117e:	e0 91 bc 2c 	lds	r30, 0x2CBC	; 0x802cbc <motor_command>
    1182:	f0 91 bd 2c 	lds	r31, 0x2CBD	; 0x802cbd <motor_command+0x1>
    1186:	0f b6       	in	r0, 0x3f	; 63
    1188:	f8 94       	cli
    118a:	0f 92       	push	r0
    118c:	8c ed       	ldi	r24, 0xDC	; 220
    118e:	90 e0       	ldi	r25, 0x00	; 0
    1190:	80 83       	st	Z, r24
    1192:	91 83       	std	Z+1, r25	; 0x01
    1194:	0f 90       	pop	r0
    1196:	0f be       	out	0x3f, r0	; 63
    1198:	0f b6       	in	r0, 0x3f	; 63
    119a:	f8 94       	cli
    119c:	0f 92       	push	r0
    119e:	0f 90       	pop	r0
    11a0:	0f be       	out	0x3f, r0	; 63
    11a2:	e0 91 ca 2c 	lds	r30, 0x2CCA	; 0x802cca <rightLimitSwitch>
    11a6:	f0 91 cb 2c 	lds	r31, 0x2CCB	; 0x802ccb <rightLimitSwitch+0x1>
    11aa:	80 81       	ld	r24, Z
    11ac:	88 23       	and	r24, r24
    11ae:	09 f4       	brne	.+2      	; 0x11b2 <_ZN22task_system_controller3runEv+0xf4>
    11b0:	05 c3       	rjmp	.+1546   	; 0x17bc <_ZN22task_system_controller3runEv+0x6fe>
    11b2:	0f b6       	in	r0, 0x3f	; 63
    11b4:	f8 94       	cli
    11b6:	0f 92       	push	r0
    11b8:	e0 91 c8 2c 	lds	r30, 0x2CC8	; 0x802cc8 <linear_position>
    11bc:	f0 91 c9 2c 	lds	r31, 0x2CC9	; 0x802cc9 <linear_position+0x1>
    11c0:	80 81       	ld	r24, Z
    11c2:	91 81       	ldd	r25, Z+1	; 0x01
    11c4:	a2 81       	ldd	r26, Z+2	; 0x02
    11c6:	b3 81       	ldd	r27, Z+3	; 0x03
    11c8:	0f 90       	pop	r0
    11ca:	0f be       	out	0x3f, r0	; 63
    11cc:	e0 91 be 2c 	lds	r30, 0x2CBE	; 0x802cbe <linear_offset>
    11d0:	f0 91 bf 2c 	lds	r31, 0x2CBF	; 0x802cbf <linear_offset+0x1>
    11d4:	0f b6       	in	r0, 0x3f	; 63
    11d6:	f8 94       	cli
    11d8:	0f 92       	push	r0
    11da:	80 83       	st	Z, r24
    11dc:	91 83       	std	Z+1, r25	; 0x01
    11de:	a2 83       	std	Z+2, r26	; 0x02
    11e0:	b3 83       	std	Z+3, r27	; 0x03
    11e2:	0f 90       	pop	r0
    11e4:	0f be       	out	0x3f, r0	; 63
    11e6:	81 e0       	ldi	r24, 0x01	; 1
    11e8:	d8 01       	movw	r26, r16
    11ea:	1c 96       	adiw	r26, 0x0c	; 12
    11ec:	8c 93       	st	X, r24
    11ee:	1c 97       	sbiw	r26, 0x0c	; 12
    11f0:	1d 96       	adiw	r26, 0x0d	; 13
    11f2:	8c 93       	st	X, r24
    11f4:	91 2c       	mov	r9, r1
    11f6:	e6 c2       	rjmp	.+1484   	; 0x17c4 <_ZN22task_system_controller3runEv+0x706>
    11f8:	e0 91 ba 2c 	lds	r30, 0x2CBA	; 0x802cba <begin>
    11fc:	f0 91 bb 2c 	lds	r31, 0x2CBB	; 0x802cbb <begin+0x1>
    1200:	0f b6       	in	r0, 0x3f	; 63
    1202:	f8 94       	cli
    1204:	0f 92       	push	r0
    1206:	10 82       	st	Z, r1
    1208:	0f 90       	pop	r0
    120a:	0f be       	out	0x3f, r0	; 63
    120c:	e0 91 bc 2c 	lds	r30, 0x2CBC	; 0x802cbc <motor_command>
    1210:	f0 91 bd 2c 	lds	r31, 0x2CBD	; 0x802cbd <motor_command+0x1>
    1214:	0f b6       	in	r0, 0x3f	; 63
    1216:	f8 94       	cli
    1218:	0f 92       	push	r0
    121a:	84 e2       	ldi	r24, 0x24	; 36
    121c:	9f ef       	ldi	r25, 0xFF	; 255
    121e:	80 83       	st	Z, r24
    1220:	91 83       	std	Z+1, r25	; 0x01
    1222:	0f 90       	pop	r0
    1224:	0f be       	out	0x3f, r0	; 63
    1226:	0f b6       	in	r0, 0x3f	; 63
    1228:	f8 94       	cli
    122a:	0f 92       	push	r0
    122c:	0f 90       	pop	r0
    122e:	0f be       	out	0x3f, r0	; 63
    1230:	e0 91 cc 2c 	lds	r30, 0x2CCC	; 0x802ccc <leftLimitSwitch>
    1234:	f0 91 cd 2c 	lds	r31, 0x2CCD	; 0x802ccd <leftLimitSwitch+0x1>
    1238:	80 81       	ld	r24, Z
    123a:	88 23       	and	r24, r24
    123c:	a9 f0       	breq	.+42     	; 0x1268 <_ZN22task_system_controller3runEv+0x1aa>
    123e:	0f b6       	in	r0, 0x3f	; 63
    1240:	f8 94       	cli
    1242:	0f 92       	push	r0
    1244:	e0 91 c8 2c 	lds	r30, 0x2CC8	; 0x802cc8 <linear_position>
    1248:	f0 91 c9 2c 	lds	r31, 0x2CC9	; 0x802cc9 <linear_position+0x1>
    124c:	80 81       	ld	r24, Z
    124e:	91 81       	ldd	r25, Z+1	; 0x01
    1250:	a2 81       	ldd	r26, Z+2	; 0x02
    1252:	b3 81       	ldd	r27, Z+3	; 0x03
    1254:	0f 90       	pop	r0
    1256:	0f be       	out	0x3f, r0	; 63
    1258:	f8 01       	movw	r30, r16
    125a:	82 8b       	std	Z+18, r24	; 0x12
    125c:	93 8b       	std	Z+19, r25	; 0x13
    125e:	a4 8b       	std	Z+20, r26	; 0x14
    1260:	b5 8b       	std	Z+21, r27	; 0x15
    1262:	82 e0       	ldi	r24, 0x02	; 2
    1264:	84 87       	std	Z+12, r24	; 0x0c
    1266:	85 87       	std	Z+13, r24	; 0x0d
    1268:	0f b6       	in	r0, 0x3f	; 63
    126a:	f8 94       	cli
    126c:	0f 92       	push	r0
    126e:	0f 90       	pop	r0
    1270:	0f be       	out	0x3f, r0	; 63
    1272:	e0 91 b4 2c 	lds	r30, 0x2CB4	; 0x802cb4 <reset>
    1276:	f0 91 b5 2c 	lds	r31, 0x2CB5	; 0x802cb5 <reset+0x1>
    127a:	80 81       	ld	r24, Z
    127c:	88 23       	and	r24, r24
    127e:	09 f4       	brne	.+2      	; 0x1282 <_ZN22task_system_controller3runEv+0x1c4>
    1280:	a1 c2       	rjmp	.+1346   	; 0x17c4 <_ZN22task_system_controller3runEv+0x706>
    1282:	d8 01       	movw	r26, r16
    1284:	1c 96       	adiw	r26, 0x0c	; 12
    1286:	1c 92       	st	X, r1
    1288:	1c 97       	sbiw	r26, 0x0c	; 12
    128a:	1d 96       	adiw	r26, 0x0d	; 13
    128c:	1c 92       	st	X, r1
    128e:	9a c2       	rjmp	.+1332   	; 0x17c4 <_ZN22task_system_controller3runEv+0x706>
    1290:	e0 91 bc 2c 	lds	r30, 0x2CBC	; 0x802cbc <motor_command>
    1294:	f0 91 bd 2c 	lds	r31, 0x2CBD	; 0x802cbd <motor_command+0x1>
    1298:	0f b6       	in	r0, 0x3f	; 63
    129a:	f8 94       	cli
    129c:	0f 92       	push	r0
    129e:	10 82       	st	Z, r1
    12a0:	11 82       	std	Z+1, r1	; 0x01
    12a2:	0f 90       	pop	r0
    12a4:	0f be       	out	0x3f, r0	; 63
    12a6:	68 ec       	ldi	r22, 0xC8	; 200
    12a8:	70 e0       	ldi	r23, 0x00	; 0
    12aa:	80 e0       	ldi	r24, 0x00	; 0
    12ac:	90 e0       	ldi	r25, 0x00	; 0
    12ae:	0e 94 71 21 	call	0x42e2	; 0x42e2 <vTaskDelay>
    12b2:	0f b6       	in	r0, 0x3f	; 63
    12b4:	f8 94       	cli
    12b6:	0f 92       	push	r0
    12b8:	0f 90       	pop	r0
    12ba:	0f be       	out	0x3f, r0	; 63
    12bc:	e0 91 cc 2c 	lds	r30, 0x2CCC	; 0x802ccc <leftLimitSwitch>
    12c0:	f0 91 cd 2c 	lds	r31, 0x2CCD	; 0x802ccd <leftLimitSwitch+0x1>
    12c4:	80 81       	ld	r24, Z
    12c6:	88 23       	and	r24, r24
    12c8:	71 f0       	breq	.+28     	; 0x12e6 <_ZN22task_system_controller3runEv+0x228>
    12ca:	e0 91 bc 2c 	lds	r30, 0x2CBC	; 0x802cbc <motor_command>
    12ce:	f0 91 bd 2c 	lds	r31, 0x2CBD	; 0x802cbd <motor_command+0x1>
    12d2:	0f b6       	in	r0, 0x3f	; 63
    12d4:	f8 94       	cli
    12d6:	0f 92       	push	r0
    12d8:	8c ed       	ldi	r24, 0xDC	; 220
    12da:	90 e0       	ldi	r25, 0x00	; 0
    12dc:	80 83       	st	Z, r24
    12de:	91 83       	std	Z+1, r25	; 0x01
    12e0:	0f 90       	pop	r0
    12e2:	0f be       	out	0x3f, r0	; 63
    12e4:	6f c2       	rjmp	.+1246   	; 0x17c4 <_ZN22task_system_controller3runEv+0x706>
    12e6:	d8 01       	movw	r26, r16
    12e8:	1c 96       	adiw	r26, 0x0c	; 12
    12ea:	2c 92       	st	X, r2
    12ec:	1c 97       	sbiw	r26, 0x0c	; 12
    12ee:	1d 96       	adiw	r26, 0x0d	; 13
    12f0:	2c 92       	st	X, r2
    12f2:	68 c2       	rjmp	.+1232   	; 0x17c4 <_ZN22task_system_controller3runEv+0x706>
    12f4:	20 e0       	ldi	r18, 0x00	; 0
    12f6:	30 e0       	ldi	r19, 0x00	; 0
    12f8:	40 e0       	ldi	r20, 0x00	; 0
    12fa:	5f e3       	ldi	r21, 0x3F	; 63
    12fc:	f8 01       	movw	r30, r16
    12fe:	62 89       	ldd	r22, Z+18	; 0x12
    1300:	73 89       	ldd	r23, Z+19	; 0x13
    1302:	84 89       	ldd	r24, Z+20	; 0x14
    1304:	95 89       	ldd	r25, Z+21	; 0x15
    1306:	0e 94 2c 26 	call	0x4c58	; 0x4c58 <__mulsf3>
    130a:	d8 01       	movw	r26, r16
    130c:	56 96       	adiw	r26, 0x16	; 22
    130e:	6d 93       	st	X+, r22
    1310:	7d 93       	st	X+, r23
    1312:	8d 93       	st	X+, r24
    1314:	9c 93       	st	X, r25
    1316:	59 97       	sbiw	r26, 0x19	; 25
    1318:	0f b6       	in	r0, 0x3f	; 63
    131a:	f8 94       	cli
    131c:	0f 92       	push	r0
    131e:	0f 90       	pop	r0
    1320:	0f be       	out	0x3f, r0	; 63
    1322:	e0 91 c8 2c 	lds	r30, 0x2CC8	; 0x802cc8 <linear_position>
    1326:	f0 91 c9 2c 	lds	r31, 0x2CC9	; 0x802cc9 <linear_position+0x1>
    132a:	20 81       	ld	r18, Z
    132c:	31 81       	ldd	r19, Z+1	; 0x01
    132e:	42 81       	ldd	r20, Z+2	; 0x02
    1330:	53 81       	ldd	r21, Z+3	; 0x03
    1332:	0e 94 5b 24 	call	0x48b6	; 0x48b6 <__subsf3>
    1336:	6b 01       	movw	r12, r22
    1338:	7c 01       	movw	r14, r24
    133a:	f8 01       	movw	r30, r16
    133c:	62 8f       	std	Z+26, r22	; 0x1a
    133e:	73 8f       	std	Z+27, r23	; 0x1b
    1340:	84 8f       	std	Z+28, r24	; 0x1c
    1342:	95 8f       	std	Z+29, r25	; 0x1d
    1344:	26 8d       	ldd	r18, Z+30	; 0x1e
    1346:	37 8d       	ldd	r19, Z+31	; 0x1f
    1348:	40 a1       	ldd	r20, Z+32	; 0x20
    134a:	51 a1       	ldd	r21, Z+33	; 0x21
    134c:	0e 94 5c 24 	call	0x48b8	; 0x48b8 <__addsf3>
    1350:	2b 01       	movw	r4, r22
    1352:	3c 01       	movw	r6, r24
    1354:	d8 01       	movw	r26, r16
    1356:	5e 96       	adiw	r26, 0x1e	; 30
    1358:	6d 93       	st	X+, r22
    135a:	7d 93       	st	X+, r23
    135c:	8d 93       	st	X+, r24
    135e:	9c 93       	st	X, r25
    1360:	91 97       	sbiw	r26, 0x21	; 33
    1362:	a0 90 bc 2c 	lds	r10, 0x2CBC	; 0x802cbc <motor_command>
    1366:	b0 90 bd 2c 	lds	r11, 0x2CBD	; 0x802cbd <motor_command+0x1>
    136a:	0f b6       	in	r0, 0x3f	; 63
    136c:	f8 94       	cli
    136e:	0f 92       	push	r0
    1370:	f8 01       	movw	r30, r16
    1372:	26 a1       	ldd	r18, Z+38	; 0x26
    1374:	37 a1       	ldd	r19, Z+39	; 0x27
    1376:	40 a5       	ldd	r20, Z+40	; 0x28
    1378:	51 a5       	ldd	r21, Z+41	; 0x29
    137a:	c7 01       	movw	r24, r14
    137c:	b6 01       	movw	r22, r12
    137e:	0e 94 2c 26 	call	0x4c58	; 0x4c58 <__mulsf3>
    1382:	6b 01       	movw	r12, r22
    1384:	7c 01       	movw	r14, r24
    1386:	d8 01       	movw	r26, r16
    1388:	9a 96       	adiw	r26, 0x2a	; 42
    138a:	2d 91       	ld	r18, X+
    138c:	3d 91       	ld	r19, X+
    138e:	4d 91       	ld	r20, X+
    1390:	5c 91       	ld	r21, X
    1392:	9d 97       	sbiw	r26, 0x2d	; 45
    1394:	c3 01       	movw	r24, r6
    1396:	b2 01       	movw	r22, r4
    1398:	0e 94 2c 26 	call	0x4c58	; 0x4c58 <__mulsf3>
    139c:	9b 01       	movw	r18, r22
    139e:	ac 01       	movw	r20, r24
    13a0:	c7 01       	movw	r24, r14
    13a2:	b6 01       	movw	r22, r12
    13a4:	0e 94 5c 24 	call	0x48b8	; 0x48b8 <__addsf3>
    13a8:	0e 94 3f 25 	call	0x4a7e	; 0x4a7e <__fixsfsi>
    13ac:	f5 01       	movw	r30, r10
    13ae:	60 83       	st	Z, r22
    13b0:	71 83       	std	Z+1, r23	; 0x01
    13b2:	0f 90       	pop	r0
    13b4:	0f be       	out	0x3f, r0	; 63
    13b6:	0f b6       	in	r0, 0x3f	; 63
    13b8:	f8 94       	cli
    13ba:	0f 92       	push	r0
    13bc:	0f 90       	pop	r0
    13be:	0f be       	out	0x3f, r0	; 63
    13c0:	e0 91 cc 2c 	lds	r30, 0x2CCC	; 0x802ccc <leftLimitSwitch>
    13c4:	f0 91 cd 2c 	lds	r31, 0x2CCD	; 0x802ccd <leftLimitSwitch+0x1>
    13c8:	80 81       	ld	r24, Z
    13ca:	81 11       	cpse	r24, r1
    13cc:	0c c0       	rjmp	.+24     	; 0x13e6 <_ZN22task_system_controller3runEv+0x328>
    13ce:	0f b6       	in	r0, 0x3f	; 63
    13d0:	f8 94       	cli
    13d2:	0f 92       	push	r0
    13d4:	0f 90       	pop	r0
    13d6:	0f be       	out	0x3f, r0	; 63
    13d8:	e0 91 ca 2c 	lds	r30, 0x2CCA	; 0x802cca <rightLimitSwitch>
    13dc:	f0 91 cb 2c 	lds	r31, 0x2CCB	; 0x802ccb <rightLimitSwitch+0x1>
    13e0:	80 81       	ld	r24, Z
    13e2:	88 23       	and	r24, r24
    13e4:	89 f0       	breq	.+34     	; 0x1408 <_ZN22task_system_controller3runEv+0x34a>
    13e6:	d8 01       	movw	r26, r16
    13e8:	16 96       	adiw	r26, 0x06	; 6
    13ea:	ed 90       	ld	r14, X+
    13ec:	fc 90       	ld	r15, X
    13ee:	17 97       	sbiw	r26, 0x07	; 7
    13f0:	60 e7       	ldi	r22, 0x70	; 112
    13f2:	70 e2       	ldi	r23, 0x20	; 32
    13f4:	c7 01       	movw	r24, r14
    13f6:	0e 94 5e 14 	call	0x28bc	; 0x28bc <_ZN8emstream4putsEPKc>
    13fa:	66 e0       	ldi	r22, 0x06	; 6
    13fc:	c7 01       	movw	r24, r14
    13fe:	0e 94 17 14 	call	0x282e	; 0x282e <_ZN8emstreamlsE15ser_manipulator>
    1402:	f8 01       	movw	r30, r16
    1404:	34 86       	std	Z+12, r3	; 0x0c
    1406:	35 86       	std	Z+13, r3	; 0x0d
    1408:	e0 91 b4 2c 	lds	r30, 0x2CB4	; 0x802cb4 <reset>
    140c:	f0 91 b5 2c 	lds	r31, 0x2CB5	; 0x802cb5 <reset+0x1>
    1410:	0f b6       	in	r0, 0x3f	; 63
    1412:	f8 94       	cli
    1414:	0f 92       	push	r0
    1416:	0f 90       	pop	r0
    1418:	0f be       	out	0x3f, r0	; 63
    141a:	80 81       	ld	r24, Z
    141c:	88 23       	and	r24, r24
    141e:	b1 f0       	breq	.+44     	; 0x144c <_ZN22task_system_controller3runEv+0x38e>
    1420:	0f b6       	in	r0, 0x3f	; 63
    1422:	f8 94       	cli
    1424:	0f 92       	push	r0
    1426:	10 82       	st	Z, r1
    1428:	0f 90       	pop	r0
    142a:	0f be       	out	0x3f, r0	; 63
    142c:	e0 91 b6 2c 	lds	r30, 0x2CB6	; 0x802cb6 <stop>
    1430:	f0 91 b7 2c 	lds	r31, 0x2CB7	; 0x802cb7 <stop+0x1>
    1434:	0f b6       	in	r0, 0x3f	; 63
    1436:	f8 94       	cli
    1438:	0f 92       	push	r0
    143a:	10 82       	st	Z, r1
    143c:	0f 90       	pop	r0
    143e:	0f be       	out	0x3f, r0	; 63
    1440:	d8 01       	movw	r26, r16
    1442:	1c 96       	adiw	r26, 0x0c	; 12
    1444:	1c 92       	st	X, r1
    1446:	1c 97       	sbiw	r26, 0x0c	; 12
    1448:	1d 96       	adiw	r26, 0x0d	; 13
    144a:	1c 92       	st	X, r1
    144c:	0f b6       	in	r0, 0x3f	; 63
    144e:	f8 94       	cli
    1450:	0f 92       	push	r0
    1452:	0f 90       	pop	r0
    1454:	0f be       	out	0x3f, r0	; 63
    1456:	e0 91 b8 2c 	lds	r30, 0x2CB8	; 0x802cb8 <go>
    145a:	f0 91 b9 2c 	lds	r31, 0x2CB9	; 0x802cb9 <go+0x1>
    145e:	80 81       	ld	r24, Z
    1460:	88 23       	and	r24, r24
    1462:	09 f4       	brne	.+2      	; 0x1466 <_ZN22task_system_controller3runEv+0x3a8>
    1464:	af c1       	rjmp	.+862    	; 0x17c4 <_ZN22task_system_controller3runEv+0x706>
    1466:	84 e0       	ldi	r24, 0x04	; 4
    1468:	f8 01       	movw	r30, r16
    146a:	84 87       	std	Z+12, r24	; 0x0c
    146c:	85 87       	std	Z+13, r24	; 0x0d
    146e:	aa c1       	rjmp	.+852    	; 0x17c4 <_ZN22task_system_controller3runEv+0x706>
    1470:	0f b6       	in	r0, 0x3f	; 63
    1472:	f8 94       	cli
    1474:	0f 92       	push	r0
    1476:	0f 90       	pop	r0
    1478:	0f be       	out	0x3f, r0	; 63
    147a:	e0 91 b6 2c 	lds	r30, 0x2CB6	; 0x802cb6 <stop>
    147e:	f0 91 b7 2c 	lds	r31, 0x2CB7	; 0x802cb7 <stop+0x1>
    1482:	80 81       	ld	r24, Z
    1484:	88 23       	and	r24, r24
    1486:	31 f0       	breq	.+12     	; 0x1494 <_ZN22task_system_controller3runEv+0x3d6>
    1488:	d8 01       	movw	r26, r16
    148a:	1c 96       	adiw	r26, 0x0c	; 12
    148c:	3c 92       	st	X, r3
    148e:	1c 97       	sbiw	r26, 0x0c	; 12
    1490:	1d 96       	adiw	r26, 0x0d	; 13
    1492:	3c 92       	st	X, r3
    1494:	91 10       	cpse	r9, r1
    1496:	12 c0       	rjmp	.+36     	; 0x14bc <_ZN22task_system_controller3runEv+0x3fe>
    1498:	0f b6       	in	r0, 0x3f	; 63
    149a:	f8 94       	cli
    149c:	0f 92       	push	r0
    149e:	e0 91 c2 2c 	lds	r30, 0x2CC2	; 0x802cc2 <pendulum_encoder_radians>
    14a2:	f0 91 c3 2c 	lds	r31, 0x2CC3	; 0x802cc3 <pendulum_encoder_radians+0x1>
    14a6:	80 81       	ld	r24, Z
    14a8:	91 81       	ldd	r25, Z+1	; 0x01
    14aa:	a2 81       	ldd	r26, Z+2	; 0x02
    14ac:	b3 81       	ldd	r27, Z+3	; 0x03
    14ae:	0f 90       	pop	r0
    14b0:	0f be       	out	0x3f, r0	; 63
    14b2:	f8 01       	movw	r30, r16
    14b4:	86 a7       	std	Z+46, r24	; 0x2e
    14b6:	97 a7       	std	Z+47, r25	; 0x2f
    14b8:	a0 ab       	std	Z+48, r26	; 0x30
    14ba:	b1 ab       	std	Z+49, r27	; 0x31
    14bc:	e0 91 b8 2c 	lds	r30, 0x2CB8	; 0x802cb8 <go>
    14c0:	f0 91 b9 2c 	lds	r31, 0x2CB9	; 0x802cb9 <go+0x1>
    14c4:	0f b6       	in	r0, 0x3f	; 63
    14c6:	f8 94       	cli
    14c8:	0f 92       	push	r0
    14ca:	10 82       	st	Z, r1
    14cc:	0f 90       	pop	r0
    14ce:	0f be       	out	0x3f, r0	; 63
    14d0:	0f b6       	in	r0, 0x3f	; 63
    14d2:	f8 94       	cli
    14d4:	0f 92       	push	r0
    14d6:	0f b6       	in	r0, 0x3f	; 63
    14d8:	f8 94       	cli
    14da:	0f 92       	push	r0
    14dc:	e0 91 c8 2c 	lds	r30, 0x2CC8	; 0x802cc8 <linear_position>
    14e0:	f0 91 c9 2c 	lds	r31, 0x2CC9	; 0x802cc9 <linear_position+0x1>
    14e4:	40 80       	ld	r4, Z
    14e6:	51 80       	ldd	r5, Z+1	; 0x01
    14e8:	62 80       	ldd	r6, Z+2	; 0x02
    14ea:	73 80       	ldd	r7, Z+3	; 0x03
    14ec:	0f 90       	pop	r0
    14ee:	0f be       	out	0x3f, r0	; 63
    14f0:	0f b6       	in	r0, 0x3f	; 63
    14f2:	f8 94       	cli
    14f4:	0f 92       	push	r0
    14f6:	e0 91 c6 2c 	lds	r30, 0x2CC6	; 0x802cc6 <linear_velocity>
    14fa:	f0 91 c7 2c 	lds	r31, 0x2CC7	; 0x802cc7 <linear_velocity+0x1>
    14fe:	80 80       	ld	r8, Z
    1500:	91 80       	ldd	r9, Z+1	; 0x01
    1502:	a2 80       	ldd	r10, Z+2	; 0x02
    1504:	b3 80       	ldd	r11, Z+3	; 0x03
    1506:	0f 90       	pop	r0
    1508:	0f be       	out	0x3f, r0	; 63
    150a:	0f b6       	in	r0, 0x3f	; 63
    150c:	f8 94       	cli
    150e:	0f 92       	push	r0
    1510:	e0 91 c2 2c 	lds	r30, 0x2CC2	; 0x802cc2 <pendulum_encoder_radians>
    1514:	f0 91 c3 2c 	lds	r31, 0x2CC3	; 0x802cc3 <pendulum_encoder_radians+0x1>
    1518:	c0 80       	ld	r12, Z
    151a:	d1 80       	ldd	r13, Z+1	; 0x01
    151c:	e2 80       	ldd	r14, Z+2	; 0x02
    151e:	f3 80       	ldd	r15, Z+3	; 0x03
    1520:	0f 90       	pop	r0
    1522:	0f be       	out	0x3f, r0	; 63
    1524:	0f b6       	in	r0, 0x3f	; 63
    1526:	f8 94       	cli
    1528:	0f 92       	push	r0
    152a:	e0 91 c0 2c 	lds	r30, 0x2CC0	; 0x802cc0 <pendulum_encoder_w_radians>
    152e:	f0 91 c1 2c 	lds	r31, 0x2CC1	; 0x802cc1 <pendulum_encoder_w_radians+0x1>
    1532:	80 81       	ld	r24, Z
    1534:	91 81       	ldd	r25, Z+1	; 0x01
    1536:	a2 81       	ldd	r26, Z+2	; 0x02
    1538:	b3 81       	ldd	r27, Z+3	; 0x03
    153a:	89 87       	std	Y+9, r24	; 0x09
    153c:	9a 87       	std	Y+10, r25	; 0x0a
    153e:	ab 87       	std	Y+11, r26	; 0x0b
    1540:	bc 87       	std	Y+12, r27	; 0x0c
    1542:	0f 90       	pop	r0
    1544:	0f be       	out	0x3f, r0	; 63
    1546:	0f 90       	pop	r0
    1548:	0f be       	out	0x3f, r0	; 63
    154a:	d8 01       	movw	r26, r16
    154c:	9e 96       	adiw	r26, 0x2e	; 46
    154e:	2d 91       	ld	r18, X+
    1550:	3d 91       	ld	r19, X+
    1552:	4d 91       	ld	r20, X+
    1554:	5c 91       	ld	r21, X
    1556:	d1 97       	sbiw	r26, 0x31	; 49
    1558:	c7 01       	movw	r24, r14
    155a:	b6 01       	movw	r22, r12
    155c:	0e 94 5b 24 	call	0x48b6	; 0x48b6 <__subsf3>
    1560:	6d 83       	std	Y+5, r22	; 0x05
    1562:	7e 83       	std	Y+6, r23	; 0x06
    1564:	8f 83       	std	Y+7, r24	; 0x07
    1566:	98 87       	std	Y+8, r25	; 0x08
    1568:	2f e6       	ldi	r18, 0x6F	; 111
    156a:	30 ef       	ldi	r19, 0xF0	; 240
    156c:	45 e8       	ldi	r20, 0x85	; 133
    156e:	5e e3       	ldi	r21, 0x3E	; 62
    1570:	0e 94 27 26 	call	0x4c4e	; 0x4c4e <__gesf2>
    1574:	88 23       	and	r24, r24
    1576:	64 f4       	brge	.+24     	; 0x1590 <_ZN22task_system_controller3runEv+0x4d2>
    1578:	2f e6       	ldi	r18, 0x6F	; 111
    157a:	30 ef       	ldi	r19, 0xF0	; 240
    157c:	45 e8       	ldi	r20, 0x85	; 133
    157e:	5e eb       	ldi	r21, 0xBE	; 190
    1580:	6d 81       	ldd	r22, Y+5	; 0x05
    1582:	7e 81       	ldd	r23, Y+6	; 0x06
    1584:	8f 81       	ldd	r24, Y+7	; 0x07
    1586:	98 85       	ldd	r25, Y+8	; 0x08
    1588:	0e 94 c8 24 	call	0x4990	; 0x4990 <__cmpsf2>
    158c:	88 23       	and	r24, r24
    158e:	b4 f4       	brge	.+44     	; 0x15bc <_ZN22task_system_controller3runEv+0x4fe>
    1590:	f8 01       	movw	r30, r16
    1592:	06 80       	ldd	r0, Z+6	; 0x06
    1594:	f7 81       	ldd	r31, Z+7	; 0x07
    1596:	e0 2d       	mov	r30, r0
    1598:	ed 83       	std	Y+5, r30	; 0x05
    159a:	fe 83       	std	Y+6, r31	; 0x06
    159c:	67 e8       	ldi	r22, 0x87	; 135
    159e:	70 e2       	ldi	r23, 0x20	; 32
    15a0:	cf 01       	movw	r24, r30
    15a2:	0e 94 5e 14 	call	0x28bc	; 0x28bc <_ZN8emstream4putsEPKc>
    15a6:	66 e0       	ldi	r22, 0x06	; 6
    15a8:	8d 81       	ldd	r24, Y+5	; 0x05
    15aa:	9e 81       	ldd	r25, Y+6	; 0x06
    15ac:	0e 94 17 14 	call	0x282e	; 0x282e <_ZN8emstreamlsE15ser_manipulator>
    15b0:	d8 01       	movw	r26, r16
    15b2:	1c 96       	adiw	r26, 0x0c	; 12
    15b4:	3c 92       	st	X, r3
    15b6:	1c 97       	sbiw	r26, 0x0c	; 12
    15b8:	1d 96       	adiw	r26, 0x0d	; 13
    15ba:	3c 92       	st	X, r3
    15bc:	f8 01       	movw	r30, r16
    15be:	26 89       	ldd	r18, Z+22	; 0x16
    15c0:	37 89       	ldd	r19, Z+23	; 0x17
    15c2:	40 8d       	ldd	r20, Z+24	; 0x18
    15c4:	51 8d       	ldd	r21, Z+25	; 0x19
    15c6:	c3 01       	movw	r24, r6
    15c8:	b2 01       	movw	r22, r4
    15ca:	0e 94 5b 24 	call	0x48b6	; 0x48b6 <__subsf3>
    15ce:	2c ef       	ldi	r18, 0xFC	; 252
    15d0:	38 ea       	ldi	r19, 0xA8	; 168
    15d2:	48 ec       	ldi	r20, 0xC8	; 200
    15d4:	51 ec       	ldi	r21, 0xC1	; 193
    15d6:	0e 94 2c 26 	call	0x4c58	; 0x4c58 <__mulsf3>
    15da:	2b 01       	movw	r4, r22
    15dc:	3c 01       	movw	r6, r24
    15de:	26 e6       	ldi	r18, 0x66	; 102
    15e0:	36 e6       	ldi	r19, 0x66	; 102
    15e2:	42 e3       	ldi	r20, 0x32	; 50
    15e4:	51 ec       	ldi	r21, 0xC1	; 193
    15e6:	c5 01       	movw	r24, r10
    15e8:	b4 01       	movw	r22, r8
    15ea:	0e 94 2c 26 	call	0x4c58	; 0x4c58 <__mulsf3>
    15ee:	9b 01       	movw	r18, r22
    15f0:	ac 01       	movw	r20, r24
    15f2:	c3 01       	movw	r24, r6
    15f4:	b2 01       	movw	r22, r4
    15f6:	0e 94 5c 24 	call	0x48b8	; 0x48b8 <__addsf3>
    15fa:	4b 01       	movw	r8, r22
    15fc:	5c 01       	movw	r10, r24
    15fe:	26 e5       	ldi	r18, 0x56	; 86
    1600:	3e e0       	ldi	r19, 0x0E	; 14
    1602:	49 e4       	ldi	r20, 0x49	; 73
    1604:	50 e4       	ldi	r21, 0x40	; 64
    1606:	c7 01       	movw	r24, r14
    1608:	b6 01       	movw	r22, r12
    160a:	0e 94 5b 24 	call	0x48b6	; 0x48b6 <__subsf3>
    160e:	2e e6       	ldi	r18, 0x6E	; 110
    1610:	39 e0       	ldi	r19, 0x09	; 9
    1612:	43 ef       	ldi	r20, 0xF3	; 243
    1614:	51 e4       	ldi	r21, 0x41	; 65
    1616:	0e 94 2c 26 	call	0x4c58	; 0x4c58 <__mulsf3>
    161a:	9b 01       	movw	r18, r22
    161c:	ac 01       	movw	r20, r24
    161e:	c5 01       	movw	r24, r10
    1620:	b4 01       	movw	r22, r8
    1622:	0e 94 5c 24 	call	0x48b8	; 0x48b8 <__addsf3>
    1626:	6b 01       	movw	r12, r22
    1628:	7c 01       	movw	r14, r24
    162a:	20 e0       	ldi	r18, 0x00	; 0
    162c:	30 e0       	ldi	r19, 0x00	; 0
    162e:	40 e4       	ldi	r20, 0x40	; 64
    1630:	50 e4       	ldi	r21, 0x40	; 64
    1632:	69 85       	ldd	r22, Y+9	; 0x09
    1634:	7a 85       	ldd	r23, Y+10	; 0x0a
    1636:	8b 85       	ldd	r24, Y+11	; 0x0b
    1638:	9c 85       	ldd	r25, Y+12	; 0x0c
    163a:	0e 94 2c 26 	call	0x4c58	; 0x4c58 <__mulsf3>
    163e:	9b 01       	movw	r18, r22
    1640:	ac 01       	movw	r20, r24
    1642:	c7 01       	movw	r24, r14
    1644:	b6 01       	movw	r22, r12
    1646:	0e 94 5c 24 	call	0x48b8	; 0x48b8 <__addsf3>
    164a:	90 58       	subi	r25, 0x80	; 128
    164c:	25 e5       	ldi	r18, 0x55	; 85
    164e:	35 e5       	ldi	r19, 0x55	; 85
    1650:	45 e8       	ldi	r20, 0x85	; 133
    1652:	52 e4       	ldi	r21, 0x42	; 66
    1654:	0e 94 2c 26 	call	0x4c58	; 0x4c58 <__mulsf3>
    1658:	6b 01       	movw	r12, r22
    165a:	7c 01       	movw	r14, r24
    165c:	20 e0       	ldi	r18, 0x00	; 0
    165e:	30 e0       	ldi	r19, 0x00	; 0
    1660:	48 ec       	ldi	r20, 0xC8	; 200
    1662:	54 e4       	ldi	r21, 0x44	; 68
    1664:	0e 94 27 26 	call	0x4c4e	; 0x4c4e <__gesf2>
    1668:	18 16       	cp	r1, r24
    166a:	9c f0       	brlt	.+38     	; 0x1692 <_ZN22task_system_controller3runEv+0x5d4>
    166c:	20 e0       	ldi	r18, 0x00	; 0
    166e:	30 e0       	ldi	r19, 0x00	; 0
    1670:	48 ec       	ldi	r20, 0xC8	; 200
    1672:	54 ec       	ldi	r21, 0xC4	; 196
    1674:	c7 01       	movw	r24, r14
    1676:	b6 01       	movw	r22, r12
    1678:	0e 94 c8 24 	call	0x4990	; 0x4990 <__cmpsf2>
    167c:	88 23       	and	r24, r24
    167e:	8c f4       	brge	.+34     	; 0x16a2 <_ZN22task_system_controller3runEv+0x5e4>
    1680:	0f 2e       	mov	r0, r31
    1682:	c1 2c       	mov	r12, r1
    1684:	d1 2c       	mov	r13, r1
    1686:	f8 ec       	ldi	r31, 0xC8	; 200
    1688:	ef 2e       	mov	r14, r31
    168a:	f4 ec       	ldi	r31, 0xC4	; 196
    168c:	ff 2e       	mov	r15, r31
    168e:	f0 2d       	mov	r31, r0
    1690:	08 c0       	rjmp	.+16     	; 0x16a2 <_ZN22task_system_controller3runEv+0x5e4>
    1692:	0f 2e       	mov	r0, r31
    1694:	c1 2c       	mov	r12, r1
    1696:	d1 2c       	mov	r13, r1
    1698:	f8 ec       	ldi	r31, 0xC8	; 200
    169a:	ef 2e       	mov	r14, r31
    169c:	f4 e4       	ldi	r31, 0x44	; 68
    169e:	ff 2e       	mov	r15, r31
    16a0:	f0 2d       	mov	r31, r0
    16a2:	a0 90 bc 2c 	lds	r10, 0x2CBC	; 0x802cbc <motor_command>
    16a6:	b0 90 bd 2c 	lds	r11, 0x2CBD	; 0x802cbd <motor_command+0x1>
    16aa:	0f b6       	in	r0, 0x3f	; 63
    16ac:	f8 94       	cli
    16ae:	0f 92       	push	r0
    16b0:	c7 01       	movw	r24, r14
    16b2:	b6 01       	movw	r22, r12
    16b4:	0e 94 3f 25 	call	0x4a7e	; 0x4a7e <__fixsfsi>
    16b8:	d5 01       	movw	r26, r10
    16ba:	6d 93       	st	X+, r22
    16bc:	7c 93       	st	X, r23
    16be:	0f 90       	pop	r0
    16c0:	0f be       	out	0x3f, r0	; 63
    16c2:	0f b6       	in	r0, 0x3f	; 63
    16c4:	f8 94       	cli
    16c6:	0f 92       	push	r0
    16c8:	0f 90       	pop	r0
    16ca:	0f be       	out	0x3f, r0	; 63
    16cc:	e0 91 cc 2c 	lds	r30, 0x2CCC	; 0x802ccc <leftLimitSwitch>
    16d0:	f0 91 cd 2c 	lds	r31, 0x2CCD	; 0x802ccd <leftLimitSwitch+0x1>
    16d4:	80 81       	ld	r24, Z
    16d6:	81 11       	cpse	r24, r1
    16d8:	0c c0       	rjmp	.+24     	; 0x16f2 <_ZN22task_system_controller3runEv+0x634>
    16da:	0f b6       	in	r0, 0x3f	; 63
    16dc:	f8 94       	cli
    16de:	0f 92       	push	r0
    16e0:	0f 90       	pop	r0
    16e2:	0f be       	out	0x3f, r0	; 63
    16e4:	e0 91 ca 2c 	lds	r30, 0x2CCA	; 0x802cca <rightLimitSwitch>
    16e8:	f0 91 cb 2c 	lds	r31, 0x2CCB	; 0x802ccb <rightLimitSwitch+0x1>
    16ec:	80 81       	ld	r24, Z
    16ee:	88 23       	and	r24, r24
    16f0:	91 f0       	breq	.+36     	; 0x1716 <_ZN22task_system_controller3runEv+0x658>
    16f2:	f8 01       	movw	r30, r16
    16f4:	e6 80       	ldd	r14, Z+6	; 0x06
    16f6:	f7 80       	ldd	r15, Z+7	; 0x07
    16f8:	60 e7       	ldi	r22, 0x70	; 112
    16fa:	70 e2       	ldi	r23, 0x20	; 32
    16fc:	c7 01       	movw	r24, r14
    16fe:	0e 94 5e 14 	call	0x28bc	; 0x28bc <_ZN8emstream4putsEPKc>
    1702:	66 e0       	ldi	r22, 0x06	; 6
    1704:	c7 01       	movw	r24, r14
    1706:	0e 94 17 14 	call	0x282e	; 0x282e <_ZN8emstreamlsE15ser_manipulator>
    170a:	d8 01       	movw	r26, r16
    170c:	1c 96       	adiw	r26, 0x0c	; 12
    170e:	3c 92       	st	X, r3
    1710:	1c 97       	sbiw	r26, 0x0c	; 12
    1712:	1d 96       	adiw	r26, 0x0d	; 13
    1714:	3c 92       	st	X, r3
    1716:	e0 91 b4 2c 	lds	r30, 0x2CB4	; 0x802cb4 <reset>
    171a:	f0 91 b5 2c 	lds	r31, 0x2CB5	; 0x802cb5 <reset+0x1>
    171e:	0f b6       	in	r0, 0x3f	; 63
    1720:	f8 94       	cli
    1722:	0f 92       	push	r0
    1724:	0f 90       	pop	r0
    1726:	0f be       	out	0x3f, r0	; 63
    1728:	80 81       	ld	r24, Z
    172a:	88 23       	and	r24, r24
    172c:	09 f4       	brne	.+2      	; 0x1730 <_ZN22task_system_controller3runEv+0x672>
    172e:	48 c0       	rjmp	.+144    	; 0x17c0 <_ZN22task_system_controller3runEv+0x702>
    1730:	0f b6       	in	r0, 0x3f	; 63
    1732:	f8 94       	cli
    1734:	0f 92       	push	r0
    1736:	10 82       	st	Z, r1
    1738:	0f 90       	pop	r0
    173a:	0f be       	out	0x3f, r0	; 63
    173c:	e0 91 b6 2c 	lds	r30, 0x2CB6	; 0x802cb6 <stop>
    1740:	f0 91 b7 2c 	lds	r31, 0x2CB7	; 0x802cb7 <stop+0x1>
    1744:	0f b6       	in	r0, 0x3f	; 63
    1746:	f8 94       	cli
    1748:	0f 92       	push	r0
    174a:	10 82       	st	Z, r1
    174c:	0f 90       	pop	r0
    174e:	0f be       	out	0x3f, r0	; 63
    1750:	f8 01       	movw	r30, r16
    1752:	14 86       	std	Z+12, r1	; 0x0c
    1754:	15 86       	std	Z+13, r1	; 0x0d
    1756:	99 24       	eor	r9, r9
    1758:	93 94       	inc	r9
    175a:	34 c0       	rjmp	.+104    	; 0x17c4 <_ZN22task_system_controller3runEv+0x706>
    175c:	e0 91 bc 2c 	lds	r30, 0x2CBC	; 0x802cbc <motor_command>
    1760:	f0 91 bd 2c 	lds	r31, 0x2CBD	; 0x802cbd <motor_command+0x1>
    1764:	0f b6       	in	r0, 0x3f	; 63
    1766:	f8 94       	cli
    1768:	0f 92       	push	r0
    176a:	10 82       	st	Z, r1
    176c:	11 82       	std	Z+1, r1	; 0x01
    176e:	0f 90       	pop	r0
    1770:	0f be       	out	0x3f, r0	; 63
    1772:	e0 91 b4 2c 	lds	r30, 0x2CB4	; 0x802cb4 <reset>
    1776:	f0 91 b5 2c 	lds	r31, 0x2CB5	; 0x802cb5 <reset+0x1>
    177a:	0f b6       	in	r0, 0x3f	; 63
    177c:	f8 94       	cli
    177e:	0f 92       	push	r0
    1780:	0f 90       	pop	r0
    1782:	0f be       	out	0x3f, r0	; 63
    1784:	80 81       	ld	r24, Z
    1786:	88 23       	and	r24, r24
    1788:	e9 f0       	breq	.+58     	; 0x17c4 <_ZN22task_system_controller3runEv+0x706>
    178a:	0f b6       	in	r0, 0x3f	; 63
    178c:	f8 94       	cli
    178e:	0f 92       	push	r0
    1790:	10 82       	st	Z, r1
    1792:	0f 90       	pop	r0
    1794:	0f be       	out	0x3f, r0	; 63
    1796:	e0 91 b6 2c 	lds	r30, 0x2CB6	; 0x802cb6 <stop>
    179a:	f0 91 b7 2c 	lds	r31, 0x2CB7	; 0x802cb7 <stop+0x1>
    179e:	0f b6       	in	r0, 0x3f	; 63
    17a0:	f8 94       	cli
    17a2:	0f 92       	push	r0
    17a4:	10 82       	st	Z, r1
    17a6:	0f 90       	pop	r0
    17a8:	0f be       	out	0x3f, r0	; 63
    17aa:	d8 01       	movw	r26, r16
    17ac:	1c 96       	adiw	r26, 0x0c	; 12
    17ae:	1c 92       	st	X, r1
    17b0:	1c 97       	sbiw	r26, 0x0c	; 12
    17b2:	1d 96       	adiw	r26, 0x0d	; 13
    17b4:	1c 92       	st	X, r1
    17b6:	06 c0       	rjmp	.+12     	; 0x17c4 <_ZN22task_system_controller3runEv+0x706>
    17b8:	91 2c       	mov	r9, r1
    17ba:	04 c0       	rjmp	.+8      	; 0x17c4 <_ZN22task_system_controller3runEv+0x706>
    17bc:	91 2c       	mov	r9, r1
    17be:	02 c0       	rjmp	.+4      	; 0x17c4 <_ZN22task_system_controller3runEv+0x706>
    17c0:	99 24       	eor	r9, r9
    17c2:	93 94       	inc	r9
    17c4:	f8 01       	movw	r30, r16
    17c6:	86 85       	ldd	r24, Z+14	; 0x0e
    17c8:	97 85       	ldd	r25, Z+15	; 0x0f
    17ca:	a0 89       	ldd	r26, Z+16	; 0x10
    17cc:	b1 89       	ldd	r27, Z+17	; 0x11
    17ce:	01 96       	adiw	r24, 0x01	; 1
    17d0:	a1 1d       	adc	r26, r1
    17d2:	b1 1d       	adc	r27, r1
    17d4:	86 87       	std	Z+14, r24	; 0x0e
    17d6:	97 87       	std	Z+15, r25	; 0x0f
    17d8:	a0 8b       	std	Z+16, r26	; 0x10
    17da:	b1 8b       	std	Z+17, r27	; 0x11
    17dc:	41 e0       	ldi	r20, 0x01	; 1
    17de:	50 e0       	ldi	r21, 0x00	; 0
    17e0:	60 e0       	ldi	r22, 0x00	; 0
    17e2:	70 e0       	ldi	r23, 0x00	; 0
    17e4:	ce 01       	movw	r24, r28
    17e6:	01 96       	adiw	r24, 0x01	; 1
    17e8:	0e 94 04 21 	call	0x4208	; 0x4208 <vTaskDelayUntil>
    17ec:	7f cc       	rjmp	.-1794   	; 0x10ec <_ZN22task_system_controller3runEv+0x2e>

000017ee <_ZN21task_pendulum_encoder3runEv>:
    17ee:	cf 93       	push	r28
    17f0:	df 93       	push	r29
    17f2:	cd b7       	in	r28, 0x3d	; 61
    17f4:	de b7       	in	r29, 0x3e	; 62
    17f6:	62 97       	sbiw	r28, 0x12	; 18
    17f8:	cd bf       	out	0x3d, r28	; 61
    17fa:	de bf       	out	0x3e, r29	; 62
    17fc:	89 8b       	std	Y+17, r24	; 0x11
    17fe:	9a 8b       	std	Y+18, r25	; 0x12
    1800:	0e 94 66 1f 	call	0x3ecc	; 0x3ecc <xTaskGetTickCount>
    1804:	69 83       	std	Y+1, r22	; 0x01
    1806:	7a 83       	std	Y+2, r23	; 0x02
    1808:	8b 83       	std	Y+3, r24	; 0x03
    180a:	9c 83       	std	Y+4, r25	; 0x04
    180c:	e0 e8       	ldi	r30, 0x80	; 128
    180e:	f6 e0       	ldi	r31, 0x06	; 6
    1810:	83 e0       	ldi	r24, 0x03	; 3
    1812:	82 83       	std	Z+2, r24	; 0x02
    1814:	80 8b       	std	Z+16, r24	; 0x10
    1816:	81 8b       	std	Z+17, r24	; 0x11
    1818:	e0 e8       	ldi	r30, 0x80	; 128
    181a:	f1 e0       	ldi	r31, 0x01	; 1
    181c:	80 e7       	ldi	r24, 0x70	; 112
    181e:	82 83       	std	Z+2, r24	; 0x02
    1820:	89 e0       	ldi	r24, 0x09	; 9
    1822:	82 87       	std	Z+10, r24	; 0x0a
    1824:	e0 e4       	ldi	r30, 0x40	; 64
    1826:	f8 e0       	ldi	r31, 0x08	; 8
    1828:	8a e6       	ldi	r24, 0x6A	; 106
    182a:	83 83       	std	Z+3, r24	; 0x03
    182c:	8d ec       	ldi	r24, 0xCD	; 205
    182e:	97 e0       	ldi	r25, 0x07	; 7
    1830:	86 a3       	std	Z+38, r24	; 0x26
    1832:	97 a3       	std	Z+39, r25	; 0x27
    1834:	81 e0       	ldi	r24, 0x01	; 1
    1836:	80 83       	st	Z, r24
    1838:	00 a1       	ldd	r16, Z+32	; 0x20
    183a:	11 a1       	ldd	r17, Z+33	; 0x21
    183c:	89 80       	ldd	r8, Y+1	; 0x01
    183e:	9a 80       	ldd	r9, Y+2	; 0x02
    1840:	ab 80       	ldd	r10, Y+3	; 0x03
    1842:	bc 80       	ldd	r11, Y+4	; 0x04
    1844:	1d 86       	std	Y+13, r1	; 0x0d
    1846:	1e 86       	std	Y+14, r1	; 0x0e
    1848:	1f 86       	std	Y+15, r1	; 0x0f
    184a:	18 8a       	std	Y+16, r1	; 0x10
    184c:	c1 2c       	mov	r12, r1
    184e:	d1 2c       	mov	r13, r1
    1850:	76 01       	movw	r14, r12
    1852:	0e 94 66 1f 	call	0x3ecc	; 0x3ecc <xTaskGetTickCount>
    1856:	6d 83       	std	Y+5, r22	; 0x05
    1858:	7e 83       	std	Y+6, r23	; 0x06
    185a:	8f 83       	std	Y+7, r24	; 0x07
    185c:	98 87       	std	Y+8, r25	; 0x08
    185e:	68 19       	sub	r22, r8
    1860:	79 09       	sbc	r23, r9
    1862:	8a 09       	sbc	r24, r10
    1864:	9b 09       	sbc	r25, r11
    1866:	0e 94 75 25 	call	0x4aea	; 0x4aea <__floatunsisf>
    186a:	20 e0       	ldi	r18, 0x00	; 0
    186c:	30 e0       	ldi	r19, 0x00	; 0
    186e:	4a e7       	ldi	r20, 0x7A	; 122
    1870:	54 e4       	ldi	r21, 0x44	; 68
    1872:	0e 94 cd 24 	call	0x499a	; 0x499a <__divsf3>
    1876:	69 87       	std	Y+9, r22	; 0x09
    1878:	7a 87       	std	Y+10, r23	; 0x0a
    187a:	8b 87       	std	Y+11, r24	; 0x0b
    187c:	9c 87       	std	Y+12, r25	; 0x0c
    187e:	40 90 60 08 	lds	r4, 0x0860	; 0x800860 <__TEXT_REGION_LENGTH__+0x700860>
    1882:	50 90 61 08 	lds	r5, 0x0861	; 0x800861 <__TEXT_REGION_LENGTH__+0x700861>
    1886:	c2 01       	movw	r24, r4
    1888:	80 1b       	sub	r24, r16
    188a:	91 0b       	sbc	r25, r17
    188c:	8c 01       	movw	r16, r24
    188e:	bc 01       	movw	r22, r24
    1890:	99 0f       	add	r25, r25
    1892:	88 0b       	sbc	r24, r24
    1894:	99 0b       	sbc	r25, r25
    1896:	0e 94 77 25 	call	0x4aee	; 0x4aee <__floatsisf>
    189a:	4b 01       	movw	r8, r22
    189c:	5c 01       	movw	r10, r24
    189e:	20 e0       	ldi	r18, 0x00	; 0
    18a0:	30 ea       	ldi	r19, 0xA0	; 160
    18a2:	49 e7       	ldi	r20, 0x79	; 121
    18a4:	54 e4       	ldi	r21, 0x44	; 68
    18a6:	0e 94 27 26 	call	0x4c4e	; 0x4c4e <__gesf2>
    18aa:	18 16       	cp	r1, r24
    18ac:	64 f4       	brge	.+24     	; 0x18c6 <_ZN21task_pendulum_encoder3runEv+0xd8>
    18ae:	20 e0       	ldi	r18, 0x00	; 0
    18b0:	30 ea       	ldi	r19, 0xA0	; 160
    18b2:	49 ef       	ldi	r20, 0xF9	; 249
    18b4:	54 e4       	ldi	r21, 0x44	; 68
    18b6:	c5 01       	movw	r24, r10
    18b8:	b4 01       	movw	r22, r8
    18ba:	0e 94 5b 24 	call	0x48b6	; 0x48b6 <__subsf3>
    18be:	0e 94 3f 25 	call	0x4a7e	; 0x4a7e <__fixsfsi>
    18c2:	8b 01       	movw	r16, r22
    18c4:	15 c0       	rjmp	.+42     	; 0x18f0 <_ZN21task_pendulum_encoder3runEv+0x102>
    18c6:	20 e0       	ldi	r18, 0x00	; 0
    18c8:	30 ea       	ldi	r19, 0xA0	; 160
    18ca:	49 e7       	ldi	r20, 0x79	; 121
    18cc:	54 ec       	ldi	r21, 0xC4	; 196
    18ce:	c5 01       	movw	r24, r10
    18d0:	b4 01       	movw	r22, r8
    18d2:	0e 94 c8 24 	call	0x4990	; 0x4990 <__cmpsf2>
    18d6:	88 23       	and	r24, r24
    18d8:	5c f4       	brge	.+22     	; 0x18f0 <_ZN21task_pendulum_encoder3runEv+0x102>
    18da:	20 e0       	ldi	r18, 0x00	; 0
    18dc:	30 ea       	ldi	r19, 0xA0	; 160
    18de:	49 ef       	ldi	r20, 0xF9	; 249
    18e0:	54 e4       	ldi	r21, 0x44	; 68
    18e2:	c5 01       	movw	r24, r10
    18e4:	b4 01       	movw	r22, r8
    18e6:	0e 94 5c 24 	call	0x48b8	; 0x48b8 <__addsf3>
    18ea:	0e 94 3f 25 	call	0x4a7e	; 0x4a7e <__fixsfsi>
    18ee:	8b 01       	movw	r16, r22
    18f0:	22 24       	eor	r2, r2
    18f2:	33 24       	eor	r3, r3
    18f4:	20 1a       	sub	r2, r16
    18f6:	31 0a       	sbc	r3, r17
    18f8:	c1 01       	movw	r24, r2
    18fa:	03 2c       	mov	r0, r3
    18fc:	00 0c       	add	r0, r0
    18fe:	aa 0b       	sbc	r26, r26
    1900:	bb 0b       	sbc	r27, r27
    1902:	c8 0e       	add	r12, r24
    1904:	d9 1e       	adc	r13, r25
    1906:	ea 1e       	adc	r14, r26
    1908:	fb 1e       	adc	r15, r27
    190a:	c7 01       	movw	r24, r14
    190c:	b6 01       	movw	r22, r12
    190e:	0e 94 77 25 	call	0x4aee	; 0x4aee <__floatsisf>
    1912:	29 e5       	ldi	r18, 0x59	; 89
    1914:	32 e3       	ldi	r19, 0x32	; 50
    1916:	4e e4       	ldi	r20, 0x4E	; 78
    1918:	5b e3       	ldi	r21, 0x3B	; 59
    191a:	0e 94 2c 26 	call	0x4c58	; 0x4c58 <__mulsf3>
    191e:	4b 01       	movw	r8, r22
    1920:	5c 01       	movw	r10, r24
    1922:	20 e0       	ldi	r18, 0x00	; 0
    1924:	30 e0       	ldi	r19, 0x00	; 0
    1926:	a9 01       	movw	r20, r18
    1928:	69 85       	ldd	r22, Y+9	; 0x09
    192a:	7a 85       	ldd	r23, Y+10	; 0x0a
    192c:	8b 85       	ldd	r24, Y+11	; 0x0b
    192e:	9c 85       	ldd	r25, Y+12	; 0x0c
    1930:	0e 94 27 26 	call	0x4c4e	; 0x4c4e <__gesf2>
    1934:	18 16       	cp	r1, r24
    1936:	bc f4       	brge	.+46     	; 0x1966 <_ZN21task_pendulum_encoder3runEv+0x178>
    1938:	b1 01       	movw	r22, r2
    193a:	03 2c       	mov	r0, r3
    193c:	00 0c       	add	r0, r0
    193e:	88 0b       	sbc	r24, r24
    1940:	99 0b       	sbc	r25, r25
    1942:	0e 94 77 25 	call	0x4aee	; 0x4aee <__floatsisf>
    1946:	29 e5       	ldi	r18, 0x59	; 89
    1948:	32 e3       	ldi	r19, 0x32	; 50
    194a:	4e e4       	ldi	r20, 0x4E	; 78
    194c:	5b e3       	ldi	r21, 0x3B	; 59
    194e:	0e 94 2c 26 	call	0x4c58	; 0x4c58 <__mulsf3>
    1952:	29 85       	ldd	r18, Y+9	; 0x09
    1954:	3a 85       	ldd	r19, Y+10	; 0x0a
    1956:	4b 85       	ldd	r20, Y+11	; 0x0b
    1958:	5c 85       	ldd	r21, Y+12	; 0x0c
    195a:	0e 94 cd 24 	call	0x499a	; 0x499a <__divsf3>
    195e:	6d 87       	std	Y+13, r22	; 0x0d
    1960:	7e 87       	std	Y+14, r23	; 0x0e
    1962:	8f 87       	std	Y+15, r24	; 0x0f
    1964:	98 8b       	std	Y+16, r25	; 0x10
    1966:	e0 91 c4 2c 	lds	r30, 0x2CC4	; 0x802cc4 <pendulum_encoder>
    196a:	f0 91 c5 2c 	lds	r31, 0x2CC5	; 0x802cc5 <pendulum_encoder+0x1>
    196e:	0f b6       	in	r0, 0x3f	; 63
    1970:	f8 94       	cli
    1972:	0f 92       	push	r0
    1974:	c0 82       	st	Z, r12
    1976:	d1 82       	std	Z+1, r13	; 0x01
    1978:	0f 90       	pop	r0
    197a:	0f be       	out	0x3f, r0	; 63
    197c:	e0 91 c2 2c 	lds	r30, 0x2CC2	; 0x802cc2 <pendulum_encoder_radians>
    1980:	f0 91 c3 2c 	lds	r31, 0x2CC3	; 0x802cc3 <pendulum_encoder_radians+0x1>
    1984:	0f b6       	in	r0, 0x3f	; 63
    1986:	f8 94       	cli
    1988:	0f 92       	push	r0
    198a:	80 82       	st	Z, r8
    198c:	91 82       	std	Z+1, r9	; 0x01
    198e:	a2 82       	std	Z+2, r10	; 0x02
    1990:	b3 82       	std	Z+3, r11	; 0x03
    1992:	0f 90       	pop	r0
    1994:	0f be       	out	0x3f, r0	; 63
    1996:	e0 91 c0 2c 	lds	r30, 0x2CC0	; 0x802cc0 <pendulum_encoder_w_radians>
    199a:	f0 91 c1 2c 	lds	r31, 0x2CC1	; 0x802cc1 <pendulum_encoder_w_radians+0x1>
    199e:	0f b6       	in	r0, 0x3f	; 63
    19a0:	f8 94       	cli
    19a2:	0f 92       	push	r0
    19a4:	8d 85       	ldd	r24, Y+13	; 0x0d
    19a6:	9e 85       	ldd	r25, Y+14	; 0x0e
    19a8:	af 85       	ldd	r26, Y+15	; 0x0f
    19aa:	b8 89       	ldd	r27, Y+16	; 0x10
    19ac:	80 83       	st	Z, r24
    19ae:	91 83       	std	Z+1, r25	; 0x01
    19b0:	a2 83       	std	Z+2, r26	; 0x02
    19b2:	b3 83       	std	Z+3, r27	; 0x03
    19b4:	0f 90       	pop	r0
    19b6:	0f be       	out	0x3f, r0	; 63
    19b8:	80 91 b3 2c 	lds	r24, 0x2CB3	; 0x802cb3 <telemetry_freeze>
    19bc:	81 11       	cpse	r24, r1
    19be:	4f c0       	rjmp	.+158    	; 0x1a5e <_ZN21task_pendulum_encoder3runEv+0x270>
    19c0:	60 90 b0 2c 	lds	r6, 0x2CB0	; 0x802cb0 <telemetry_head>
    19c4:	70 90 b1 2c 	lds	r7, 0x2CB1	; 0x802cb1 <telemetry_head+0x1>
    19c8:	0e 94 66 1f 	call	0x3ecc	; 0x3ecc <xTaskGetTickCount>
    19cc:	83 01       	movw	r16, r6
    19ce:	00 0f       	add	r16, r16
    19d0:	11 1f       	adc	r17, r17
    19d2:	06 0d       	add	r16, r6
    19d4:	17 1d       	adc	r17, r7
    19d6:	00 0f       	add	r16, r16
    19d8:	11 1f       	adc	r17, r17
    19da:	00 0f       	add	r16, r16
    19dc:	11 1f       	adc	r17, r17
    19de:	08 50       	subi	r16, 0x08	; 8
    19e0:	1f 4d       	sbci	r17, 0xDF	; 223
    19e2:	d8 01       	movw	r26, r16
    19e4:	6d 93       	st	X+, r22
    19e6:	7c 93       	st	X, r23
    19e8:	11 97       	sbiw	r26, 0x01	; 1
    19ea:	12 96       	adiw	r26, 0x02	; 2
    19ec:	4d 92       	st	X+, r4
    19ee:	5c 92       	st	X, r5
    19f0:	13 97       	sbiw	r26, 0x03	; 3
    19f2:	14 96       	adiw	r26, 0x04	; 4
    19f4:	2d 92       	st	X+, r2
    19f6:	3c 92       	st	X, r3
    19f8:	15 97       	sbiw	r26, 0x05	; 5
    19fa:	16 96       	adiw	r26, 0x06	; 6
    19fc:	cd 92       	st	X+, r12
    19fe:	dc 92       	st	X, r13
    1a00:	17 97       	sbiw	r26, 0x07	; 7
    1a02:	20 e0       	ldi	r18, 0x00	; 0
    1a04:	30 e0       	ldi	r19, 0x00	; 0
    1a06:	4a e7       	ldi	r20, 0x7A	; 122
    1a08:	54 e4       	ldi	r21, 0x44	; 68
    1a0a:	c5 01       	movw	r24, r10
    1a0c:	b4 01       	movw	r22, r8
    1a0e:	0e 94 2c 26 	call	0x4c58	; 0x4c58 <__mulsf3>
    1a12:	0e 94 3f 25 	call	0x4a7e	; 0x4a7e <__fixsfsi>
    1a16:	f8 01       	movw	r30, r16
    1a18:	60 87       	std	Z+8, r22	; 0x08
    1a1a:	71 87       	std	Z+9, r23	; 0x09
    1a1c:	20 e0       	ldi	r18, 0x00	; 0
    1a1e:	30 e0       	ldi	r19, 0x00	; 0
    1a20:	4a e7       	ldi	r20, 0x7A	; 122
    1a22:	54 e4       	ldi	r21, 0x44	; 68
    1a24:	6d 85       	ldd	r22, Y+13	; 0x0d
    1a26:	7e 85       	ldd	r23, Y+14	; 0x0e
    1a28:	8f 85       	ldd	r24, Y+15	; 0x0f
    1a2a:	98 89       	ldd	r25, Y+16	; 0x10
    1a2c:	0e 94 2c 26 	call	0x4c58	; 0x4c58 <__mulsf3>
    1a30:	0e 94 3f 25 	call	0x4a7e	; 0x4a7e <__fixsfsi>
    1a34:	d8 01       	movw	r26, r16
    1a36:	1a 96       	adiw	r26, 0x0a	; 10
    1a38:	6d 93       	st	X+, r22
    1a3a:	7c 93       	st	X, r23
    1a3c:	1b 97       	sbiw	r26, 0x0b	; 11
    1a3e:	bf ef       	ldi	r27, 0xFF	; 255
    1a40:	6b 1a       	sub	r6, r27
    1a42:	7b 0a       	sbc	r7, r27
    1a44:	ea ef       	ldi	r30, 0xFA	; 250
    1a46:	6e 16       	cp	r6, r30
    1a48:	71 04       	cpc	r7, r1
    1a4a:	28 f0       	brcs	.+10     	; 0x1a56 <_ZN21task_pendulum_encoder3runEv+0x268>
    1a4c:	f1 e0       	ldi	r31, 0x01	; 1
    1a4e:	f0 93 b2 2c 	sts	0x2CB2, r31	; 0x802cb2 <telemetry_buffer_full>
    1a52:	61 2c       	mov	r6, r1
    1a54:	71 2c       	mov	r7, r1
    1a56:	60 92 b0 2c 	sts	0x2CB0, r6	; 0x802cb0 <telemetry_head>
    1a5a:	70 92 b1 2c 	sts	0x2CB1, r7	; 0x802cb1 <telemetry_head+0x1>
    1a5e:	e9 89       	ldd	r30, Y+17	; 0x11
    1a60:	fa 89       	ldd	r31, Y+18	; 0x12
    1a62:	86 85       	ldd	r24, Z+14	; 0x0e
    1a64:	97 85       	ldd	r25, Z+15	; 0x0f
    1a66:	a0 89       	ldd	r26, Z+16	; 0x10
    1a68:	b1 89       	ldd	r27, Z+17	; 0x11
    1a6a:	01 96       	adiw	r24, 0x01	; 1
    1a6c:	a1 1d       	adc	r26, r1
    1a6e:	b1 1d       	adc	r27, r1
    1a70:	86 87       	std	Z+14, r24	; 0x0e
    1a72:	97 87       	std	Z+15, r25	; 0x0f
    1a74:	a0 8b       	std	Z+16, r26	; 0x10
    1a76:	b1 8b       	std	Z+17, r27	; 0x11
    1a78:	41 e0       	ldi	r20, 0x01	; 1
    1a7a:	50 e0       	ldi	r21, 0x00	; 0
    1a7c:	60 e0       	ldi	r22, 0x00	; 0
    1a7e:	70 e0       	ldi	r23, 0x00	; 0
    1a80:	ce 01       	movw	r24, r28
    1a82:	01 96       	adiw	r24, 0x01	; 1
    1a84:	0e 94 04 21 	call	0x4208	; 0x4208 <vTaskDelayUntil>
    1a88:	82 01       	movw	r16, r4
    1a8a:	8d 80       	ldd	r8, Y+5	; 0x05
    1a8c:	9e 80       	ldd	r9, Y+6	; 0x06
    1a8e:	af 80       	ldd	r10, Y+7	; 0x07
    1a90:	b8 84       	ldd	r11, Y+8	; 0x08
    1a92:	df ce       	rjmp	.-578    	; 0x1852 <_ZN21task_pendulum_encoder3runEv+0x64>

00001a94 <_ZN18task_motor_encoder3runEv>:
    1a94:	cf 93       	push	r28
    1a96:	df 93       	push	r29
    1a98:	cd b7       	in	r28, 0x3d	; 61
    1a9a:	de b7       	in	r29, 0x3e	; 62
    1a9c:	28 97       	sbiw	r28, 0x08	; 8
    1a9e:	cd bf       	out	0x3d, r28	; 61
    1aa0:	de bf       	out	0x3e, r29	; 62
    1aa2:	1c 01       	movw	r2, r24
    1aa4:	0e 94 66 1f 	call	0x3ecc	; 0x3ecc <xTaskGetTickCount>
    1aa8:	69 83       	std	Y+1, r22	; 0x01
    1aaa:	7a 83       	std	Y+2, r23	; 0x02
    1aac:	8b 83       	std	Y+3, r24	; 0x03
    1aae:	9c 83       	std	Y+4, r25	; 0x04
    1ab0:	e0 e8       	ldi	r30, 0x80	; 128
    1ab2:	f6 e0       	ldi	r31, 0x06	; 6
    1ab4:	8c e0       	ldi	r24, 0x0C	; 12
    1ab6:	82 83       	std	Z+2, r24	; 0x02
    1ab8:	82 89       	ldd	r24, Z+18	; 0x12
    1aba:	83 60       	ori	r24, 0x03	; 3
    1abc:	82 8b       	std	Z+18, r24	; 0x12
    1abe:	83 89       	ldd	r24, Z+19	; 0x13
    1ac0:	83 60       	ori	r24, 0x03	; 3
    1ac2:	83 8b       	std	Z+19, r24	; 0x13
    1ac4:	e0 e8       	ldi	r30, 0x80	; 128
    1ac6:	f1 e0       	ldi	r31, 0x01	; 1
    1ac8:	82 e7       	ldi	r24, 0x72	; 114
    1aca:	80 83       	st	Z, r24
    1acc:	89 e0       	ldi	r24, 0x09	; 9
    1ace:	80 87       	std	Z+8, r24	; 0x08
    1ad0:	e0 e0       	ldi	r30, 0x00	; 0
    1ad2:	f9 e0       	ldi	r31, 0x09	; 9
    1ad4:	88 e6       	ldi	r24, 0x68	; 104
    1ad6:	83 83       	std	Z+3, r24	; 0x03
    1ad8:	8f ef       	ldi	r24, 0xFF	; 255
    1ada:	9f ef       	ldi	r25, 0xFF	; 255
    1adc:	86 a3       	std	Z+38, r24	; 0x26
    1ade:	97 a3       	std	Z+39, r25	; 0x27
    1ae0:	81 e0       	ldi	r24, 0x01	; 1
    1ae2:	80 83       	st	Z, r24
    1ae4:	e0 91 be 2c 	lds	r30, 0x2CBE	; 0x802cbe <linear_offset>
    1ae8:	f0 91 bf 2c 	lds	r31, 0x2CBF	; 0x802cbf <linear_offset+0x1>
    1aec:	0f b6       	in	r0, 0x3f	; 63
    1aee:	f8 94       	cli
    1af0:	0f 92       	push	r0
    1af2:	10 82       	st	Z, r1
    1af4:	11 82       	std	Z+1, r1	; 0x01
    1af6:	12 82       	std	Z+2, r1	; 0x02
    1af8:	13 82       	std	Z+3, r1	; 0x03
    1afa:	0f 90       	pop	r0
    1afc:	0f be       	out	0x3f, r0	; 63
    1afe:	89 80       	ldd	r8, Y+1	; 0x01
    1b00:	9a 80       	ldd	r9, Y+2	; 0x02
    1b02:	ab 80       	ldd	r10, Y+3	; 0x03
    1b04:	bc 80       	ldd	r11, Y+4	; 0x04
    1b06:	1d 82       	std	Y+5, r1	; 0x05
    1b08:	1e 82       	std	Y+6, r1	; 0x06
    1b0a:	1f 82       	std	Y+7, r1	; 0x07
    1b0c:	18 86       	std	Y+8, r1	; 0x08
    1b0e:	0e 94 66 1f 	call	0x3ecc	; 0x3ecc <xTaskGetTickCount>
    1b12:	6b 01       	movw	r12, r22
    1b14:	7c 01       	movw	r14, r24
    1b16:	68 19       	sub	r22, r8
    1b18:	79 09       	sbc	r23, r9
    1b1a:	8a 09       	sbc	r24, r10
    1b1c:	9b 09       	sbc	r25, r11
    1b1e:	0e 94 75 25 	call	0x4aea	; 0x4aea <__floatunsisf>
    1b22:	20 e0       	ldi	r18, 0x00	; 0
    1b24:	30 e0       	ldi	r19, 0x00	; 0
    1b26:	4a e7       	ldi	r20, 0x7A	; 122
    1b28:	54 e4       	ldi	r21, 0x44	; 68
    1b2a:	0e 94 cd 24 	call	0x499a	; 0x499a <__divsf3>
    1b2e:	4b 01       	movw	r8, r22
    1b30:	5c 01       	movw	r10, r24
    1b32:	60 91 20 09 	lds	r22, 0x0920	; 0x800920 <__TEXT_REGION_LENGTH__+0x700920>
    1b36:	70 91 21 09 	lds	r23, 0x0921	; 0x800921 <__TEXT_REGION_LENGTH__+0x700921>
    1b3a:	0f b6       	in	r0, 0x3f	; 63
    1b3c:	f8 94       	cli
    1b3e:	0f 92       	push	r0
    1b40:	0f 90       	pop	r0
    1b42:	0f be       	out	0x3f, r0	; 63
    1b44:	07 2e       	mov	r0, r23
    1b46:	00 0c       	add	r0, r0
    1b48:	88 0b       	sbc	r24, r24
    1b4a:	99 0b       	sbc	r25, r25
    1b4c:	0e 94 77 25 	call	0x4aee	; 0x4aee <__floatsisf>
    1b50:	22 e8       	ldi	r18, 0x82	; 130
    1b52:	38 ea       	ldi	r19, 0xA8	; 168
    1b54:	4b e7       	ldi	r20, 0x7B	; 123
    1b56:	58 e3       	ldi	r21, 0x38	; 56
    1b58:	0e 94 2c 26 	call	0x4c58	; 0x4c58 <__mulsf3>
    1b5c:	e0 91 be 2c 	lds	r30, 0x2CBE	; 0x802cbe <linear_offset>
    1b60:	f0 91 bf 2c 	lds	r31, 0x2CBF	; 0x802cbf <linear_offset+0x1>
    1b64:	20 81       	ld	r18, Z
    1b66:	31 81       	ldd	r19, Z+1	; 0x01
    1b68:	42 81       	ldd	r20, Z+2	; 0x02
    1b6a:	53 81       	ldd	r21, Z+3	; 0x03
    1b6c:	0e 94 5b 24 	call	0x48b6	; 0x48b6 <__subsf3>
    1b70:	16 2f       	mov	r17, r22
    1b72:	07 2f       	mov	r16, r23
    1b74:	78 2e       	mov	r7, r24
    1b76:	69 2e       	mov	r6, r25
    1b78:	e0 91 c8 2c 	lds	r30, 0x2CC8	; 0x802cc8 <linear_position>
    1b7c:	f0 91 c9 2c 	lds	r31, 0x2CC9	; 0x802cc9 <linear_position+0x1>
    1b80:	0f b6       	in	r0, 0x3f	; 63
    1b82:	f8 94       	cli
    1b84:	0f 92       	push	r0
    1b86:	86 2f       	mov	r24, r22
    1b88:	90 2f       	mov	r25, r16
    1b8a:	a7 2d       	mov	r26, r7
    1b8c:	b6 2d       	mov	r27, r6
    1b8e:	80 83       	st	Z, r24
    1b90:	91 83       	std	Z+1, r25	; 0x01
    1b92:	a2 83       	std	Z+2, r26	; 0x02
    1b94:	b3 83       	std	Z+3, r27	; 0x03
    1b96:	0f 90       	pop	r0
    1b98:	0f be       	out	0x3f, r0	; 63
    1b9a:	20 e0       	ldi	r18, 0x00	; 0
    1b9c:	30 e0       	ldi	r19, 0x00	; 0
    1b9e:	a9 01       	movw	r20, r18
    1ba0:	c5 01       	movw	r24, r10
    1ba2:	b4 01       	movw	r22, r8
    1ba4:	0e 94 27 26 	call	0x4c4e	; 0x4c4e <__gesf2>
    1ba8:	18 16       	cp	r1, r24
    1baa:	e4 f4       	brge	.+56     	; 0x1be4 <_ZN18task_motor_encoder3runEv+0x150>
    1bac:	40 90 c6 2c 	lds	r4, 0x2CC6	; 0x802cc6 <linear_velocity>
    1bb0:	50 90 c7 2c 	lds	r5, 0x2CC7	; 0x802cc7 <linear_velocity+0x1>
    1bb4:	0f b6       	in	r0, 0x3f	; 63
    1bb6:	f8 94       	cli
    1bb8:	0f 92       	push	r0
    1bba:	2d 81       	ldd	r18, Y+5	; 0x05
    1bbc:	3e 81       	ldd	r19, Y+6	; 0x06
    1bbe:	4f 81       	ldd	r20, Y+7	; 0x07
    1bc0:	58 85       	ldd	r21, Y+8	; 0x08
    1bc2:	61 2f       	mov	r22, r17
    1bc4:	70 2f       	mov	r23, r16
    1bc6:	87 2d       	mov	r24, r7
    1bc8:	96 2d       	mov	r25, r6
    1bca:	0e 94 5b 24 	call	0x48b6	; 0x48b6 <__subsf3>
    1bce:	a5 01       	movw	r20, r10
    1bd0:	94 01       	movw	r18, r8
    1bd2:	0e 94 cd 24 	call	0x499a	; 0x499a <__divsf3>
    1bd6:	f2 01       	movw	r30, r4
    1bd8:	60 83       	st	Z, r22
    1bda:	71 83       	std	Z+1, r23	; 0x01
    1bdc:	82 83       	std	Z+2, r24	; 0x02
    1bde:	93 83       	std	Z+3, r25	; 0x03
    1be0:	0f 90       	pop	r0
    1be2:	0f be       	out	0x3f, r0	; 63
    1be4:	f1 01       	movw	r30, r2
    1be6:	86 85       	ldd	r24, Z+14	; 0x0e
    1be8:	97 85       	ldd	r25, Z+15	; 0x0f
    1bea:	a0 89       	ldd	r26, Z+16	; 0x10
    1bec:	b1 89       	ldd	r27, Z+17	; 0x11
    1bee:	01 96       	adiw	r24, 0x01	; 1
    1bf0:	a1 1d       	adc	r26, r1
    1bf2:	b1 1d       	adc	r27, r1
    1bf4:	86 87       	std	Z+14, r24	; 0x0e
    1bf6:	97 87       	std	Z+15, r25	; 0x0f
    1bf8:	a0 8b       	std	Z+16, r26	; 0x10
    1bfa:	b1 8b       	std	Z+17, r27	; 0x11
    1bfc:	41 e0       	ldi	r20, 0x01	; 1
    1bfe:	50 e0       	ldi	r21, 0x00	; 0
    1c00:	60 e0       	ldi	r22, 0x00	; 0
    1c02:	70 e0       	ldi	r23, 0x00	; 0
    1c04:	ce 01       	movw	r24, r28
    1c06:	01 96       	adiw	r24, 0x01	; 1
    1c08:	0e 94 04 21 	call	0x4208	; 0x4208 <vTaskDelayUntil>
    1c0c:	1d 83       	std	Y+5, r17	; 0x05
    1c0e:	0e 83       	std	Y+6, r16	; 0x06
    1c10:	7f 82       	std	Y+7, r7	; 0x07
    1c12:	68 86       	std	Y+8, r6	; 0x08
    1c14:	46 01       	movw	r8, r12
    1c16:	57 01       	movw	r10, r14
    1c18:	7a cf       	rjmp	.-268    	; 0x1b0e <_ZN18task_motor_encoder3runEv+0x7a>

00001c1a <_ZN18task_motor_command3runEv>:
    1c1a:	cf 93       	push	r28
    1c1c:	df 93       	push	r29
    1c1e:	00 d0       	rcall	.+0      	; 0x1c20 <_ZN18task_motor_command3runEv+0x6>
    1c20:	1f 92       	push	r1
    1c22:	cd b7       	in	r28, 0x3d	; 61
    1c24:	de b7       	in	r29, 0x3e	; 62
    1c26:	8c 01       	movw	r16, r24
    1c28:	0e 94 66 1f 	call	0x3ecc	; 0x3ecc <xTaskGetTickCount>
    1c2c:	69 83       	std	Y+1, r22	; 0x01
    1c2e:	7a 83       	std	Y+2, r23	; 0x02
    1c30:	8b 83       	std	Y+3, r24	; 0x03
    1c32:	9c 83       	std	Y+4, r25	; 0x04
    1c34:	a0 e4       	ldi	r26, 0x40	; 64
    1c36:	b6 e0       	ldi	r27, 0x06	; 6
    1c38:	87 e0       	ldi	r24, 0x07	; 7
    1c3a:	11 96       	adiw	r26, 0x01	; 1
    1c3c:	8c 93       	st	X, r24
    1c3e:	11 97       	sbiw	r26, 0x01	; 1
    1c40:	84 e0       	ldi	r24, 0x04	; 4
    1c42:	15 96       	adiw	r26, 0x05	; 5
    1c44:	8c 93       	st	X, r24
    1c46:	15 97       	sbiw	r26, 0x05	; 5
    1c48:	e0 e0       	ldi	r30, 0x00	; 0
    1c4a:	f8 e0       	ldi	r31, 0x08	; 8
    1c4c:	81 e0       	ldi	r24, 0x01	; 1
    1c4e:	80 83       	st	Z, r24
    1c50:	83 e0       	ldi	r24, 0x03	; 3
    1c52:	81 83       	std	Z+1, r24	; 0x01
    1c54:	a6 a3       	std	Z+38, r26	; 0x26
    1c56:	b7 a3       	std	Z+39, r27	; 0x27
    1c58:	10 a6       	std	Z+40, r1	; 0x28
    1c5a:	11 a6       	std	Z+41, r1	; 0x29
    1c5c:	12 a6       	std	Z+42, r1	; 0x2a
    1c5e:	13 a6       	std	Z+43, r1	; 0x2b
    1c60:	81 81       	ldd	r24, Z+1	; 0x01
    1c62:	80 63       	ori	r24, 0x30	; 48
    1c64:	81 83       	std	Z+1, r24	; 0x01
    1c66:	e1 2c       	mov	r14, r1
    1c68:	68 94       	set
    1c6a:	ff 24       	eor	r15, r15
    1c6c:	f3 f8       	bld	r15, 3
    1c6e:	0f b6       	in	r0, 0x3f	; 63
    1c70:	f8 94       	cli
    1c72:	0f 92       	push	r0
    1c74:	e0 91 bc 2c 	lds	r30, 0x2CBC	; 0x802cbc <motor_command>
    1c78:	f0 91 bd 2c 	lds	r31, 0x2CBD	; 0x802cbd <motor_command+0x1>
    1c7c:	80 81       	ld	r24, Z
    1c7e:	91 81       	ldd	r25, Z+1	; 0x01
    1c80:	0f 90       	pop	r0
    1c82:	0f be       	out	0x3f, r0	; 63
    1c84:	f8 01       	movw	r30, r16
    1c86:	82 8b       	std	Z+18, r24	; 0x12
    1c88:	93 8b       	std	Z+19, r25	; 0x13
    1c8a:	99 23       	and	r25, r25
    1c8c:	34 f0       	brlt	.+12     	; 0x1c9a <_ZN18task_motor_command3runEv+0x80>
    1c8e:	f7 01       	movw	r30, r14
    1c90:	80 a7       	std	Z+40, r24	; 0x28
    1c92:	91 a7       	std	Z+41, r25	; 0x29
    1c94:	12 a6       	std	Z+42, r1	; 0x2a
    1c96:	13 a6       	std	Z+43, r1	; 0x2b
    1c98:	0c c0       	rjmp	.+24     	; 0x1cb2 <_ZN18task_motor_command3runEv+0x98>
    1c9a:	f7 01       	movw	r30, r14
    1c9c:	10 a6       	std	Z+40, r1	; 0x28
    1c9e:	11 a6       	std	Z+41, r1	; 0x29
    1ca0:	f8 01       	movw	r30, r16
    1ca2:	82 89       	ldd	r24, Z+18	; 0x12
    1ca4:	93 89       	ldd	r25, Z+19	; 0x13
    1ca6:	91 95       	neg	r25
    1ca8:	81 95       	neg	r24
    1caa:	91 09       	sbc	r25, r1
    1cac:	f7 01       	movw	r30, r14
    1cae:	82 a7       	std	Z+42, r24	; 0x2a
    1cb0:	93 a7       	std	Z+43, r25	; 0x2b
    1cb2:	f8 01       	movw	r30, r16
    1cb4:	86 85       	ldd	r24, Z+14	; 0x0e
    1cb6:	97 85       	ldd	r25, Z+15	; 0x0f
    1cb8:	a0 89       	ldd	r26, Z+16	; 0x10
    1cba:	b1 89       	ldd	r27, Z+17	; 0x11
    1cbc:	01 96       	adiw	r24, 0x01	; 1
    1cbe:	a1 1d       	adc	r26, r1
    1cc0:	b1 1d       	adc	r27, r1
    1cc2:	86 87       	std	Z+14, r24	; 0x0e
    1cc4:	97 87       	std	Z+15, r25	; 0x0f
    1cc6:	a0 8b       	std	Z+16, r26	; 0x10
    1cc8:	b1 8b       	std	Z+17, r27	; 0x11
    1cca:	41 e0       	ldi	r20, 0x01	; 1
    1ccc:	50 e0       	ldi	r21, 0x00	; 0
    1cce:	60 e0       	ldi	r22, 0x00	; 0
    1cd0:	70 e0       	ldi	r23, 0x00	; 0
    1cd2:	ce 01       	movw	r24, r28
    1cd4:	01 96       	adiw	r24, 0x01	; 1
    1cd6:	0e 94 04 21 	call	0x4208	; 0x4208 <vTaskDelayUntil>
    1cda:	c9 cf       	rjmp	.-110    	; 0x1c6e <_ZN18task_motor_command3runEv+0x54>

00001cdc <_ZN17task_limit_switch3runEv>:
    1cdc:	cf 93       	push	r28
    1cde:	df 93       	push	r29
    1ce0:	00 d0       	rcall	.+0      	; 0x1ce2 <_ZN17task_limit_switch3runEv+0x6>
    1ce2:	1f 92       	push	r1
    1ce4:	cd b7       	in	r28, 0x3d	; 61
    1ce6:	de b7       	in	r29, 0x3e	; 62
    1ce8:	8c 01       	movw	r16, r24
    1cea:	0e 94 66 1f 	call	0x3ecc	; 0x3ecc <xTaskGetTickCount>
    1cee:	69 83       	std	Y+1, r22	; 0x01
    1cf0:	7a 83       	std	Y+2, r23	; 0x02
    1cf2:	8b 83       	std	Y+3, r24	; 0x03
    1cf4:	9c 83       	std	Y+4, r25	; 0x04
    1cf6:	e0 e6       	ldi	r30, 0x60	; 96
    1cf8:	f6 e0       	ldi	r31, 0x06	; 6
    1cfa:	90 81       	ld	r25, Z
    1cfc:	d8 01       	movw	r26, r16
    1cfe:	52 96       	adiw	r26, 0x12	; 18
    1d00:	8c 91       	ld	r24, X
    1d02:	52 97       	sbiw	r26, 0x12	; 18
    1d04:	89 2b       	or	r24, r25
    1d06:	80 83       	st	Z, r24
    1d08:	94 81       	ldd	r25, Z+4	; 0x04
    1d0a:	52 96       	adiw	r26, 0x12	; 18
    1d0c:	8c 91       	ld	r24, X
    1d0e:	52 97       	sbiw	r26, 0x12	; 18
    1d10:	89 2b       	or	r24, r25
    1d12:	84 83       	std	Z+4, r24	; 0x04
    1d14:	52 96       	adiw	r26, 0x12	; 18
    1d16:	8c 91       	ld	r24, X
    1d18:	81 30       	cpi	r24, 0x01	; 1
    1d1a:	21 f4       	brne	.+8      	; 0x1d24 <_ZN17task_limit_switch3runEv+0x48>
    1d1c:	88 e1       	ldi	r24, 0x18	; 24
    1d1e:	80 93 70 06 	sts	0x0670, r24	; 0x800670 <__TEXT_REGION_LENGTH__+0x700670>
    1d22:	05 c0       	rjmp	.+10     	; 0x1d2e <_ZN17task_limit_switch3runEv+0x52>
    1d24:	84 30       	cpi	r24, 0x04	; 4
    1d26:	19 f4       	brne	.+6      	; 0x1d2e <_ZN17task_limit_switch3runEv+0x52>
    1d28:	88 e1       	ldi	r24, 0x18	; 24
    1d2a:	80 93 72 06 	sts	0x0672, r24	; 0x800672 <__TEXT_REGION_LENGTH__+0x700672>
    1d2e:	0f 2e       	mov	r0, r31
    1d30:	f8 e6       	ldi	r31, 0x68	; 104
    1d32:	ef 2e       	mov	r14, r31
    1d34:	f6 e0       	ldi	r31, 0x06	; 6
    1d36:	ff 2e       	mov	r15, r31
    1d38:	f0 2d       	mov	r31, r0
    1d3a:	dd 24       	eor	r13, r13
    1d3c:	d3 94       	inc	r13
    1d3e:	f7 01       	movw	r30, r14
    1d40:	80 81       	ld	r24, Z
    1d42:	80 fd       	sbrc	r24, 0
    1d44:	0b c0       	rjmp	.+22     	; 0x1d5c <_ZN17task_limit_switch3runEv+0x80>
    1d46:	e0 91 cc 2c 	lds	r30, 0x2CCC	; 0x802ccc <leftLimitSwitch>
    1d4a:	f0 91 cd 2c 	lds	r31, 0x2CCD	; 0x802ccd <leftLimitSwitch+0x1>
    1d4e:	0f b6       	in	r0, 0x3f	; 63
    1d50:	f8 94       	cli
    1d52:	0f 92       	push	r0
    1d54:	d0 82       	st	Z, r13
    1d56:	0f 90       	pop	r0
    1d58:	0f be       	out	0x3f, r0	; 63
    1d5a:	0a c0       	rjmp	.+20     	; 0x1d70 <_ZN17task_limit_switch3runEv+0x94>
    1d5c:	e0 91 cc 2c 	lds	r30, 0x2CCC	; 0x802ccc <leftLimitSwitch>
    1d60:	f0 91 cd 2c 	lds	r31, 0x2CCD	; 0x802ccd <leftLimitSwitch+0x1>
    1d64:	0f b6       	in	r0, 0x3f	; 63
    1d66:	f8 94       	cli
    1d68:	0f 92       	push	r0
    1d6a:	10 82       	st	Z, r1
    1d6c:	0f 90       	pop	r0
    1d6e:	0f be       	out	0x3f, r0	; 63
    1d70:	d7 01       	movw	r26, r14
    1d72:	8c 91       	ld	r24, X
    1d74:	82 fd       	sbrc	r24, 2
    1d76:	0b c0       	rjmp	.+22     	; 0x1d8e <_ZN17task_limit_switch3runEv+0xb2>
    1d78:	e0 91 ca 2c 	lds	r30, 0x2CCA	; 0x802cca <rightLimitSwitch>
    1d7c:	f0 91 cb 2c 	lds	r31, 0x2CCB	; 0x802ccb <rightLimitSwitch+0x1>
    1d80:	0f b6       	in	r0, 0x3f	; 63
    1d82:	f8 94       	cli
    1d84:	0f 92       	push	r0
    1d86:	d0 82       	st	Z, r13
    1d88:	0f 90       	pop	r0
    1d8a:	0f be       	out	0x3f, r0	; 63
    1d8c:	0a c0       	rjmp	.+20     	; 0x1da2 <_ZN17task_limit_switch3runEv+0xc6>
    1d8e:	e0 91 ca 2c 	lds	r30, 0x2CCA	; 0x802cca <rightLimitSwitch>
    1d92:	f0 91 cb 2c 	lds	r31, 0x2CCB	; 0x802ccb <rightLimitSwitch+0x1>
    1d96:	0f b6       	in	r0, 0x3f	; 63
    1d98:	f8 94       	cli
    1d9a:	0f 92       	push	r0
    1d9c:	10 82       	st	Z, r1
    1d9e:	0f 90       	pop	r0
    1da0:	0f be       	out	0x3f, r0	; 63
    1da2:	f8 01       	movw	r30, r16
    1da4:	86 85       	ldd	r24, Z+14	; 0x0e
    1da6:	97 85       	ldd	r25, Z+15	; 0x0f
    1da8:	a0 89       	ldd	r26, Z+16	; 0x10
    1daa:	b1 89       	ldd	r27, Z+17	; 0x11
    1dac:	01 96       	adiw	r24, 0x01	; 1
    1dae:	a1 1d       	adc	r26, r1
    1db0:	b1 1d       	adc	r27, r1
    1db2:	86 87       	std	Z+14, r24	; 0x0e
    1db4:	97 87       	std	Z+15, r25	; 0x0f
    1db6:	a0 8b       	std	Z+16, r26	; 0x10
    1db8:	b1 8b       	std	Z+17, r27	; 0x11
    1dba:	45 e0       	ldi	r20, 0x05	; 5
    1dbc:	50 e0       	ldi	r21, 0x00	; 0
    1dbe:	60 e0       	ldi	r22, 0x00	; 0
    1dc0:	70 e0       	ldi	r23, 0x00	; 0
    1dc2:	ce 01       	movw	r24, r28
    1dc4:	01 96       	adiw	r24, 0x01	; 1
    1dc6:	0e 94 04 21 	call	0x4208	; 0x4208 <vTaskDelayUntil>
    1dca:	b9 cf       	rjmp	.-142    	; 0x1d3e <_ZN17task_limit_switch3runEv+0x62>

00001dcc <_ZN5rs23212clear_screenEv>:
    1dcc:	dc 01       	movw	r26, r24
    1dce:	ed 91       	ld	r30, X+
    1dd0:	fc 91       	ld	r31, X
    1dd2:	02 80       	ldd	r0, Z+2	; 0x02
    1dd4:	f3 81       	ldd	r31, Z+3	; 0x03
    1dd6:	e0 2d       	mov	r30, r0
    1dd8:	6c e0       	ldi	r22, 0x0C	; 12
    1dda:	19 95       	eicall
    1ddc:	08 95       	ret

00001dde <_ZN5rs23214check_for_charEv>:
    1dde:	cf 93       	push	r28
    1de0:	df 93       	push	r29
    1de2:	ec 01       	movw	r28, r24
    1de4:	a9 8d       	ldd	r26, Y+25	; 0x19
    1de6:	ba 8d       	ldd	r27, Y+26	; 0x1a
    1de8:	eb 8d       	ldd	r30, Y+27	; 0x1b
    1dea:	fc 8d       	ldd	r31, Y+28	; 0x1c
    1dec:	81 e0       	ldi	r24, 0x01	; 1
    1dee:	4d 91       	ld	r20, X+
    1df0:	5c 91       	ld	r21, X
    1df2:	20 81       	ld	r18, Z
    1df4:	31 81       	ldd	r19, Z+1	; 0x01
    1df6:	42 17       	cp	r20, r18
    1df8:	53 07       	cpc	r21, r19
    1dfa:	09 f4       	brne	.+2      	; 0x1dfe <_ZN5rs23214check_for_charEv+0x20>
    1dfc:	80 e0       	ldi	r24, 0x00	; 0
    1dfe:	df 91       	pop	r29
    1e00:	cf 91       	pop	r28
    1e02:	08 95       	ret

00001e04 <_ZN5rs2327getcharEv>:
    1e04:	cf 93       	push	r28
    1e06:	df 93       	push	r29
    1e08:	fc 01       	movw	r30, r24
    1e0a:	c1 8d       	ldd	r28, Z+25	; 0x19
    1e0c:	d2 8d       	ldd	r29, Z+26	; 0x1a
    1e0e:	28 81       	ld	r18, Y
    1e10:	39 81       	ldd	r19, Y+1	; 0x01
    1e12:	a3 8d       	ldd	r26, Z+27	; 0x1b
    1e14:	b4 8d       	ldd	r27, Z+28	; 0x1c
    1e16:	4d 91       	ld	r20, X+
    1e18:	5c 91       	ld	r21, X
    1e1a:	24 17       	cp	r18, r20
    1e1c:	35 07       	cpc	r19, r21
    1e1e:	e9 f3       	breq	.-6      	; 0x1e1a <_ZN5rs2327getcharEv+0x16>
    1e20:	a7 89       	ldd	r26, Z+23	; 0x17
    1e22:	b0 8d       	ldd	r27, Z+24	; 0x18
    1e24:	0d 90       	ld	r0, X+
    1e26:	bc 91       	ld	r27, X
    1e28:	a0 2d       	mov	r26, r0
    1e2a:	a2 0f       	add	r26, r18
    1e2c:	b3 1f       	adc	r27, r19
    1e2e:	8c 91       	ld	r24, X
    1e30:	2f 5f       	subi	r18, 0xFF	; 255
    1e32:	3f 4f       	sbci	r19, 0xFF	; 255
    1e34:	28 83       	st	Y, r18
    1e36:	39 83       	std	Y+1, r19	; 0x01
    1e38:	24 36       	cpi	r18, 0x64	; 100
    1e3a:	31 05       	cpc	r19, r1
    1e3c:	28 f0       	brcs	.+10     	; 0x1e48 <_ZN5rs2327getcharEv+0x44>
    1e3e:	01 8c       	ldd	r0, Z+25	; 0x19
    1e40:	f2 8d       	ldd	r31, Z+26	; 0x1a
    1e42:	e0 2d       	mov	r30, r0
    1e44:	10 82       	st	Z, r1
    1e46:	11 82       	std	Z+1, r1	; 0x01
    1e48:	90 e0       	ldi	r25, 0x00	; 0
    1e4a:	df 91       	pop	r29
    1e4c:	cf 91       	pop	r28
    1e4e:	08 95       	ret

00001e50 <_ZN5rs2327putcharEc>:
    1e50:	dc 01       	movw	r26, r24
    1e52:	50 96       	adiw	r26, 0x10	; 16
    1e54:	ed 91       	ld	r30, X+
    1e56:	fc 91       	ld	r31, X
    1e58:	51 97       	sbiw	r26, 0x11	; 17
    1e5a:	80 81       	ld	r24, Z
    1e5c:	54 96       	adiw	r26, 0x14	; 20
    1e5e:	4c 91       	ld	r20, X
    1e60:	54 97       	sbiw	r26, 0x14	; 20
    1e62:	84 23       	and	r24, r20
    1e64:	29 f0       	breq	.+10     	; 0x1e70 <_ZN5rs2327putcharEc+0x20>
    1e66:	09 c0       	rjmp	.+18     	; 0x1e7a <_ZN5rs2327putcharEc+0x2a>
    1e68:	21 50       	subi	r18, 0x01	; 1
    1e6a:	31 09       	sbc	r19, r1
    1e6c:	19 f4       	brne	.+6      	; 0x1e74 <_ZN5rs2327putcharEc+0x24>
    1e6e:	12 c0       	rjmp	.+36     	; 0x1e94 <_ZN5rs2327putcharEc+0x44>
    1e70:	21 e2       	ldi	r18, 0x21	; 33
    1e72:	3e e4       	ldi	r19, 0x4E	; 78
    1e74:	90 81       	ld	r25, Z
    1e76:	94 23       	and	r25, r20
    1e78:	b9 f3       	breq	.-18     	; 0x1e68 <_ZN5rs2327putcharEc+0x18>
    1e7a:	90 81       	ld	r25, Z
    1e7c:	56 96       	adiw	r26, 0x16	; 22
    1e7e:	8c 91       	ld	r24, X
    1e80:	56 97       	sbiw	r26, 0x16	; 22
    1e82:	89 2b       	or	r24, r25
    1e84:	80 83       	st	Z, r24
    1e86:	1e 96       	adiw	r26, 0x0e	; 14
    1e88:	ed 91       	ld	r30, X+
    1e8a:	fc 91       	ld	r31, X
    1e8c:	1f 97       	sbiw	r26, 0x0f	; 15
    1e8e:	60 83       	st	Z, r22
    1e90:	81 e0       	ldi	r24, 0x01	; 1
    1e92:	08 95       	ret
    1e94:	80 e0       	ldi	r24, 0x00	; 0
    1e96:	08 95       	ret

00001e98 <_GLOBAL__sub_I_counter>:
    1e98:	cf 93       	push	r28
    1e9a:	df 93       	push	r29
    1e9c:	ce ec       	ldi	r28, 0xCE	; 206
    1e9e:	dc e2       	ldi	r29, 0x2C	; 44
    1ea0:	8a e0       	ldi	r24, 0x0A	; 10
    1ea2:	8a 83       	std	Y+2, r24	; 0x02
    1ea4:	1b 82       	std	Y+3, r1	; 0x03
    1ea6:	83 e0       	ldi	r24, 0x03	; 3
    1ea8:	8d 83       	std	Y+5, r24	; 0x05
    1eaa:	1c 82       	std	Y+4, r1	; 0x04
    1eac:	1e 82       	std	Y+6, r1	; 0x06
    1eae:	1f 82       	std	Y+7, r1	; 0x07
    1eb0:	8a e5       	ldi	r24, 0x5A	; 90
    1eb2:	90 e2       	ldi	r25, 0x20	; 32
    1eb4:	88 83       	st	Y, r24
    1eb6:	99 83       	std	Y+1, r25	; 0x01
    1eb8:	1e 86       	std	Y+14, r1	; 0x0e
    1eba:	1f 86       	std	Y+15, r1	; 0x0f
    1ebc:	40 e0       	ldi	r20, 0x00	; 0
    1ebe:	61 e0       	ldi	r22, 0x01	; 1
    1ec0:	80 e2       	ldi	r24, 0x20	; 32
    1ec2:	0e 94 32 1c 	call	0x3864	; 0x3864 <xQueueGenericCreate>
    1ec6:	88 87       	std	Y+8, r24	; 0x08
    1ec8:	99 87       	std	Y+9, r25	; 0x09
    1eca:	8a e0       	ldi	r24, 0x0A	; 10
    1ecc:	90 e0       	ldi	r25, 0x00	; 0
    1ece:	a0 e0       	ldi	r26, 0x00	; 0
    1ed0:	b0 e0       	ldi	r27, 0x00	; 0
    1ed2:	8a 87       	std	Y+10, r24	; 0x0a
    1ed4:	9b 87       	std	Y+11, r25	; 0x0b
    1ed6:	ac 87       	std	Y+12, r26	; 0x0c
    1ed8:	bd 87       	std	Y+13, r27	; 0x0d
    1eda:	df 91       	pop	r29
    1edc:	cf 91       	pop	r28
    1ede:	08 95       	ret

00001ee0 <main>:
    1ee0:	af 92       	push	r10
    1ee2:	bf 92       	push	r11
    1ee4:	df 92       	push	r13
    1ee6:	ef 92       	push	r14
    1ee8:	ff 92       	push	r15
    1eea:	0f 93       	push	r16
    1eec:	1f 93       	push	r17
    1eee:	cf 93       	push	r28
    1ef0:	df 93       	push	r29
    1ef2:	cd b7       	in	r28, 0x3d	; 61
    1ef4:	de b7       	in	r29, 0x3e	; 62
    1ef6:	6e 97       	sbiw	r28, 0x1e	; 30
    1ef8:	cd bf       	out	0x3d, r28	; 61
    1efa:	de bf       	out	0x3e, r29	; 62
    1efc:	e0 e6       	ldi	r30, 0x60	; 96
    1efe:	f6 e0       	ldi	r31, 0x06	; 6
    1f00:	80 e1       	ldi	r24, 0x10	; 16
    1f02:	81 83       	std	Z+1, r24	; 0x01
    1f04:	85 83       	std	Z+5, r24	; 0x05
    1f06:	f8 94       	cli
    1f08:	e0 e5       	ldi	r30, 0x50	; 80
    1f0a:	f0 e0       	ldi	r31, 0x00	; 0
    1f0c:	80 81       	ld	r24, Z
    1f0e:	82 60       	ori	r24, 0x02	; 2
    1f10:	80 83       	st	Z, r24
    1f12:	81 81       	ldd	r24, Z+1	; 0x01
    1f14:	81 ff       	sbrs	r24, 1
    1f16:	fd cf       	rjmp	.-6      	; 0x1f12 <main+0x32>
    1f18:	80 91 40 00 	lds	r24, 0x0040	; 0x800040 <__TEXT_REGION_LENGTH__+0x700040>
    1f1c:	9f b7       	in	r25, 0x3f	; 63
    1f1e:	9e 8f       	std	Y+30, r25	; 0x1e
    1f20:	f8 94       	cli
    1f22:	1b be       	out	0x3b, r1	; 59
    1f24:	88 7f       	andi	r24, 0xF8	; 248
    1f26:	81 60       	ori	r24, 0x01	; 1
    1f28:	20 e4       	ldi	r18, 0x40	; 64
    1f2a:	30 e0       	ldi	r19, 0x00	; 0
    1f2c:	f9 01       	movw	r30, r18
    1f2e:	08 ed       	ldi	r16, 0xD8	; 216
    1f30:	04 bf       	out	0x34, r16	; 52
    1f32:	80 83       	st	Z, r24
    1f34:	8e 8d       	ldd	r24, Y+30	; 0x1e
    1f36:	8f bf       	out	0x3f, r24	; 63
    1f38:	e0 e5       	ldi	r30, 0x50	; 80
    1f3a:	f0 e0       	ldi	r31, 0x00	; 0
    1f3c:	80 81       	ld	r24, Z
    1f3e:	8e 7f       	andi	r24, 0xFE	; 254
    1f40:	80 83       	st	Z, r24
    1f42:	9d ef       	ldi	r25, 0xFD	; 253
    1f44:	88 ed       	ldi	r24, 0xD8	; 216
    1f46:	08 b6       	in	r0, 0x38	; 56
    1f48:	18 be       	out	0x38, r1	; 56
    1f4a:	84 bf       	out	0x34, r24	; 52
    1f4c:	90 93 80 00 	sts	0x0080, r25	; 0x800080 <__TEXT_REGION_LENGTH__+0x700080>
    1f50:	08 be       	out	0x38, r0	; 56
    1f52:	81 e0       	ldi	r24, 0x01	; 1
    1f54:	90 e0       	ldi	r25, 0x00	; 0
    1f56:	0e 94 4c 18 	call	0x3098	; 0x3098 <pvPortMalloc>
    1f5a:	80 93 cc 2c 	sts	0x2CCC, r24	; 0x802ccc <leftLimitSwitch>
    1f5e:	90 93 cd 2c 	sts	0x2CCD, r25	; 0x802ccd <leftLimitSwitch+0x1>
    1f62:	81 e0       	ldi	r24, 0x01	; 1
    1f64:	90 e0       	ldi	r25, 0x00	; 0
    1f66:	0e 94 4c 18 	call	0x3098	; 0x3098 <pvPortMalloc>
    1f6a:	80 93 ca 2c 	sts	0x2CCA, r24	; 0x802cca <rightLimitSwitch>
    1f6e:	90 93 cb 2c 	sts	0x2CCB, r25	; 0x802ccb <rightLimitSwitch+0x1>
    1f72:	84 e0       	ldi	r24, 0x04	; 4
    1f74:	90 e0       	ldi	r25, 0x00	; 0
    1f76:	0e 94 4c 18 	call	0x3098	; 0x3098 <pvPortMalloc>
    1f7a:	80 93 c8 2c 	sts	0x2CC8, r24	; 0x802cc8 <linear_position>
    1f7e:	90 93 c9 2c 	sts	0x2CC9, r25	; 0x802cc9 <linear_position+0x1>
    1f82:	84 e0       	ldi	r24, 0x04	; 4
    1f84:	90 e0       	ldi	r25, 0x00	; 0
    1f86:	0e 94 4c 18 	call	0x3098	; 0x3098 <pvPortMalloc>
    1f8a:	80 93 c6 2c 	sts	0x2CC6, r24	; 0x802cc6 <linear_velocity>
    1f8e:	90 93 c7 2c 	sts	0x2CC7, r25	; 0x802cc7 <linear_velocity+0x1>
    1f92:	82 e0       	ldi	r24, 0x02	; 2
    1f94:	90 e0       	ldi	r25, 0x00	; 0
    1f96:	0e 94 4c 18 	call	0x3098	; 0x3098 <pvPortMalloc>
    1f9a:	82 e0       	ldi	r24, 0x02	; 2
    1f9c:	90 e0       	ldi	r25, 0x00	; 0
    1f9e:	0e 94 4c 18 	call	0x3098	; 0x3098 <pvPortMalloc>
    1fa2:	82 e0       	ldi	r24, 0x02	; 2
    1fa4:	90 e0       	ldi	r25, 0x00	; 0
    1fa6:	0e 94 4c 18 	call	0x3098	; 0x3098 <pvPortMalloc>
    1faa:	80 93 c4 2c 	sts	0x2CC4, r24	; 0x802cc4 <pendulum_encoder>
    1fae:	90 93 c5 2c 	sts	0x2CC5, r25	; 0x802cc5 <pendulum_encoder+0x1>
    1fb2:	84 e0       	ldi	r24, 0x04	; 4
    1fb4:	90 e0       	ldi	r25, 0x00	; 0
    1fb6:	0e 94 4c 18 	call	0x3098	; 0x3098 <pvPortMalloc>
    1fba:	80 93 c2 2c 	sts	0x2CC2, r24	; 0x802cc2 <pendulum_encoder_radians>
    1fbe:	90 93 c3 2c 	sts	0x2CC3, r25	; 0x802cc3 <pendulum_encoder_radians+0x1>
    1fc2:	84 e0       	ldi	r24, 0x04	; 4
    1fc4:	90 e0       	ldi	r25, 0x00	; 0
    1fc6:	0e 94 4c 18 	call	0x3098	; 0x3098 <pvPortMalloc>
    1fca:	80 93 c0 2c 	sts	0x2CC0, r24	; 0x802cc0 <pendulum_encoder_w_radians>
    1fce:	90 93 c1 2c 	sts	0x2CC1, r25	; 0x802cc1 <pendulum_encoder_w_radians+0x1>
    1fd2:	84 e0       	ldi	r24, 0x04	; 4
    1fd4:	90 e0       	ldi	r25, 0x00	; 0
    1fd6:	0e 94 4c 18 	call	0x3098	; 0x3098 <pvPortMalloc>
    1fda:	80 93 be 2c 	sts	0x2CBE, r24	; 0x802cbe <linear_offset>
    1fde:	90 93 bf 2c 	sts	0x2CBF, r25	; 0x802cbf <linear_offset+0x1>
    1fe2:	82 e0       	ldi	r24, 0x02	; 2
    1fe4:	90 e0       	ldi	r25, 0x00	; 0
    1fe6:	0e 94 4c 18 	call	0x3098	; 0x3098 <pvPortMalloc>
    1fea:	80 93 bc 2c 	sts	0x2CBC, r24	; 0x802cbc <motor_command>
    1fee:	90 93 bd 2c 	sts	0x2CBD, r25	; 0x802cbd <motor_command+0x1>
    1ff2:	81 e0       	ldi	r24, 0x01	; 1
    1ff4:	90 e0       	ldi	r25, 0x00	; 0
    1ff6:	0e 94 4c 18 	call	0x3098	; 0x3098 <pvPortMalloc>
    1ffa:	80 93 ba 2c 	sts	0x2CBA, r24	; 0x802cba <begin>
    1ffe:	90 93 bb 2c 	sts	0x2CBB, r25	; 0x802cbb <begin+0x1>
    2002:	81 e0       	ldi	r24, 0x01	; 1
    2004:	90 e0       	ldi	r25, 0x00	; 0
    2006:	0e 94 4c 18 	call	0x3098	; 0x3098 <pvPortMalloc>
    200a:	80 93 b8 2c 	sts	0x2CB8, r24	; 0x802cb8 <go>
    200e:	90 93 b9 2c 	sts	0x2CB9, r25	; 0x802cb9 <go+0x1>
    2012:	81 e0       	ldi	r24, 0x01	; 1
    2014:	90 e0       	ldi	r25, 0x00	; 0
    2016:	0e 94 4c 18 	call	0x3098	; 0x3098 <pvPortMalloc>
    201a:	80 93 b6 2c 	sts	0x2CB6, r24	; 0x802cb6 <stop>
    201e:	90 93 b7 2c 	sts	0x2CB7, r25	; 0x802cb7 <stop+0x1>
    2022:	81 e0       	ldi	r24, 0x01	; 1
    2024:	90 e0       	ldi	r25, 0x00	; 0
    2026:	0e 94 4c 18 	call	0x3098	; 0x3098 <pvPortMalloc>
    202a:	80 93 b4 2c 	sts	0x2CB4, r24	; 0x802cb4 <reset>
    202e:	90 93 b5 2c 	sts	0x2CB5, r25	; 0x802cb5 <reset+0x1>
    2032:	8a e4       	ldi	r24, 0x4A	; 74
    2034:	90 e2       	ldi	r25, 0x20	; 32
    2036:	89 83       	std	Y+1, r24	; 0x01
    2038:	9a 83       	std	Y+2, r25	; 0x02
    203a:	8a e0       	ldi	r24, 0x0A	; 10
    203c:	8b 83       	std	Y+3, r24	; 0x03
    203e:	1c 82       	std	Y+4, r1	; 0x04
    2040:	43 e0       	ldi	r20, 0x03	; 3
    2042:	4e 83       	std	Y+6, r20	; 0x06
    2044:	1d 82       	std	Y+5, r1	; 0x05
    2046:	1f 82       	std	Y+7, r1	; 0x07
    2048:	18 86       	std	Y+8, r1	; 0x08
    204a:	a0 e4       	ldi	r26, 0x40	; 64
    204c:	b6 e0       	ldi	r27, 0x06	; 6
    204e:	ab 87       	std	Y+11, r26	; 0x0b
    2050:	bc 87       	std	Y+12, r27	; 0x0c
    2052:	86 e0       	ldi	r24, 0x06	; 6
    2054:	8d 87       	std	Y+13, r24	; 0x0d
    2056:	0f 2e       	mov	r0, r31
    2058:	f7 e0       	ldi	r31, 0x07	; 7
    205a:	df 2e       	mov	r13, r31
    205c:	f0 2d       	mov	r31, r0
    205e:	de 86       	std	Y+14, r13	; 0x0e
    2060:	e0 eb       	ldi	r30, 0xB0	; 176
    2062:	f8 e0       	ldi	r31, 0x08	; 8
    2064:	ef 87       	std	Y+15, r30	; 0x0f
    2066:	f8 8b       	std	Y+16, r31	; 0x10
    2068:	81 eb       	ldi	r24, 0xB1	; 177
    206a:	98 e0       	ldi	r25, 0x08	; 8
    206c:	89 8b       	std	Y+17, r24	; 0x11
    206e:	9a 8b       	std	Y+18, r25	; 0x12
    2070:	84 eb       	ldi	r24, 0xB4	; 180
    2072:	98 e0       	ldi	r25, 0x08	; 8
    2074:	8b 8b       	std	Y+19, r24	; 0x13
    2076:	9c 8b       	std	Y+20, r25	; 0x14
    2078:	2e 85       	ldd	r18, Y+14	; 0x0e
    207a:	14 96       	adiw	r26, 0x04	; 4
    207c:	5c 91       	ld	r21, X
    207e:	14 97       	sbiw	r26, 0x04	; 4
    2080:	81 e0       	ldi	r24, 0x01	; 1
    2082:	90 e0       	ldi	r25, 0x00	; 0
    2084:	bc 01       	movw	r22, r24
    2086:	02 c0       	rjmp	.+4      	; 0x208c <main+0x1ac>
    2088:	66 0f       	add	r22, r22
    208a:	77 1f       	adc	r23, r23
    208c:	2a 95       	dec	r18
    208e:	e2 f7       	brpl	.-8      	; 0x2088 <main+0x1a8>
    2090:	9b 01       	movw	r18, r22
    2092:	25 2b       	or	r18, r21
    2094:	14 96       	adiw	r26, 0x04	; 4
    2096:	2c 93       	st	X, r18
    2098:	2e 85       	ldd	r18, Y+14	; 0x0e
    209a:	ab 85       	ldd	r26, Y+11	; 0x0b
    209c:	bc 85       	ldd	r27, Y+12	; 0x0c
    209e:	5c 91       	ld	r21, X
    20a0:	bc 01       	movw	r22, r24
    20a2:	02 c0       	rjmp	.+4      	; 0x20a8 <main+0x1c8>
    20a4:	66 0f       	add	r22, r22
    20a6:	77 1f       	adc	r23, r23
    20a8:	2a 95       	dec	r18
    20aa:	e2 f7       	brpl	.-8      	; 0x20a4 <main+0x1c4>
    20ac:	9b 01       	movw	r18, r22
    20ae:	25 2b       	or	r18, r21
    20b0:	2c 93       	st	X, r18
    20b2:	3d 85       	ldd	r19, Y+13	; 0x0d
    20b4:	ab 85       	ldd	r26, Y+11	; 0x0b
    20b6:	bc 85       	ldd	r27, Y+12	; 0x0c
    20b8:	2c 91       	ld	r18, X
    20ba:	02 c0       	rjmp	.+4      	; 0x20c0 <main+0x1e0>
    20bc:	88 0f       	add	r24, r24
    20be:	99 1f       	adc	r25, r25
    20c0:	3a 95       	dec	r19
    20c2:	e2 f7       	brpl	.-8      	; 0x20bc <main+0x1dc>
    20c4:	80 95       	com	r24
    20c6:	90 95       	com	r25
    20c8:	82 23       	and	r24, r18
    20ca:	8c 93       	st	X, r24
    20cc:	68 94       	set
    20ce:	bb 24       	eor	r11, r11
    20d0:	b4 f8       	bld	r11, 4
    20d2:	b3 82       	std	Z+3, r11	; 0x03
    20d4:	45 83       	std	Z+5, r20	; 0x05
    20d6:	80 ef       	ldi	r24, 0xF0	; 240
    20d8:	87 83       	std	Z+7, r24	; 0x07
    20da:	81 e2       	ldi	r24, 0x21	; 33
    20dc:	86 83       	std	Z+6, r24	; 0x06
    20de:	88 e1       	ldi	r24, 0x18	; 24
    20e0:	84 83       	std	Z+4, r24	; 0x04
    20e2:	80 e8       	ldi	r24, 0x80	; 128
    20e4:	8e 8b       	std	Y+22, r24	; 0x16
    20e6:	80 e4       	ldi	r24, 0x40	; 64
    20e8:	8f 8b       	std	Y+23, r24	; 0x17
    20ea:	80 e2       	ldi	r24, 0x20	; 32
    20ec:	8d 8b       	std	Y+21, r24	; 0x15
    20ee:	ef 85       	ldd	r30, Y+15	; 0x0f
    20f0:	f8 89       	ldd	r31, Y+16	; 0x10
    20f2:	80 81       	ld	r24, Z
    20f4:	80 81       	ld	r24, Z
    20f6:	8a e0       	ldi	r24, 0x0A	; 10
    20f8:	90 e2       	ldi	r25, 0x20	; 32
    20fa:	89 83       	std	Y+1, r24	; 0x01
    20fc:	9a 83       	std	Y+2, r25	; 0x02
    20fe:	84 ef       	ldi	r24, 0xF4	; 244
    2100:	9c e2       	ldi	r25, 0x2C	; 44
    2102:	88 8f       	std	Y+24, r24	; 0x18
    2104:	99 8f       	std	Y+25, r25	; 0x19
    2106:	82 ef       	ldi	r24, 0xF2	; 242
    2108:	9c e2       	ldi	r25, 0x2C	; 44
    210a:	8a 8f       	std	Y+26, r24	; 0x1a
    210c:	9b 8f       	std	Y+27, r25	; 0x1b
    210e:	80 ef       	ldi	r24, 0xF0	; 240
    2110:	9c e2       	ldi	r25, 0x2C	; 44
    2112:	8c 8f       	std	Y+28, r24	; 0x1c
    2114:	9d 8f       	std	Y+29, r25	; 0x1d
    2116:	84 e6       	ldi	r24, 0x64	; 100
    2118:	90 e0       	ldi	r25, 0x00	; 0
    211a:	0e 94 4c 18 	call	0x3098	; 0x3098 <pvPortMalloc>
    211e:	80 93 f4 2c 	sts	0x2CF4, r24	; 0x802cf4 <rcvC1_buffer>
    2122:	90 93 f5 2c 	sts	0x2CF5, r25	; 0x802cf5 <rcvC1_buffer+0x1>
    2126:	ea 8d       	ldd	r30, Y+26	; 0x1a
    2128:	fb 8d       	ldd	r31, Y+27	; 0x1b
    212a:	10 82       	st	Z, r1
    212c:	11 82       	std	Z+1, r1	; 0x01
    212e:	ec 8d       	ldd	r30, Y+28	; 0x1c
    2130:	fd 8d       	ldd	r31, Y+29	; 0x1d
    2132:	10 82       	st	Z, r1
    2134:	11 82       	std	Z+1, r1	; 0x01
    2136:	67 e0       	ldi	r22, 0x07	; 7
    2138:	ce 01       	movw	r24, r28
    213a:	01 96       	adiw	r24, 0x01	; 1
    213c:	0e 94 17 14 	call	0x282e	; 0x282e <_ZN8emstreamlsE15ser_manipulator>
    2140:	7c 01       	movw	r14, r24
    2142:	6e e9       	ldi	r22, 0x9E	; 158
    2144:	70 e2       	ldi	r23, 0x20	; 32
    2146:	0e 94 5e 14 	call	0x28bc	; 0x28bc <_ZN8emstream4putsEPKc>
    214a:	66 e0       	ldi	r22, 0x06	; 6
    214c:	c7 01       	movw	r24, r14
    214e:	0e 94 17 14 	call	0x282e	; 0x282e <_ZN8emstreamlsE15ser_manipulator>
    2152:	66 e0       	ldi	r22, 0x06	; 6
    2154:	0e 94 17 14 	call	0x282e	; 0x282e <_ZN8emstreamlsE15ser_manipulator>
    2158:	82 e1       	ldi	r24, 0x12	; 18
    215a:	90 e0       	ldi	r25, 0x00	; 0
    215c:	0e 94 4c 18 	call	0x3098	; 0x3098 <pvPortMalloc>
    2160:	7c 01       	movw	r14, r24
    2162:	8e 01       	movw	r16, r28
    2164:	0f 5f       	subi	r16, 0xFF	; 255
    2166:	1f 4f       	sbci	r17, 0xFF	; 255
    2168:	24 e0       	ldi	r18, 0x04	; 4
    216a:	31 e0       	ldi	r19, 0x01	; 1
    216c:	40 e0       	ldi	r20, 0x00	; 0
    216e:	6d eb       	ldi	r22, 0xBD	; 189
    2170:	70 e2       	ldi	r23, 0x20	; 32
    2172:	0e 94 85 17 	call	0x2f0a	; 0x2f0a <_ZN8frt_taskC2EPKchjP8emstream>
    2176:	8a e1       	ldi	r24, 0x1A	; 26
    2178:	90 e2       	ldi	r25, 0x20	; 32
    217a:	d7 01       	movw	r26, r14
    217c:	8d 93       	st	X+, r24
    217e:	9c 93       	st	X, r25
    2180:	82 e1       	ldi	r24, 0x12	; 18
    2182:	90 e0       	ldi	r25, 0x00	; 0
    2184:	0e 94 4c 18 	call	0x3098	; 0x3098 <pvPortMalloc>
    2188:	7c 01       	movw	r14, r24
    218a:	24 e0       	ldi	r18, 0x04	; 4
    218c:	31 e0       	ldi	r19, 0x01	; 1
    218e:	44 e0       	ldi	r20, 0x04	; 4
    2190:	65 ec       	ldi	r22, 0xC5	; 197
    2192:	70 e2       	ldi	r23, 0x20	; 32
    2194:	0e 94 85 17 	call	0x2f0a	; 0x2f0a <_ZN8frt_taskC2EPKchjP8emstream>
    2198:	82 e2       	ldi	r24, 0x22	; 34
    219a:	90 e2       	ldi	r25, 0x20	; 32
    219c:	f7 01       	movw	r30, r14
    219e:	80 83       	st	Z, r24
    21a0:	91 83       	std	Z+1, r25	; 0x01
    21a2:	82 e1       	ldi	r24, 0x12	; 18
    21a4:	90 e0       	ldi	r25, 0x00	; 0
    21a6:	0e 94 4c 18 	call	0x3098	; 0x3098 <pvPortMalloc>
    21aa:	7c 01       	movw	r14, r24
    21ac:	24 e0       	ldi	r18, 0x04	; 4
    21ae:	31 e0       	ldi	r19, 0x01	; 1
    21b0:	44 e0       	ldi	r20, 0x04	; 4
    21b2:	6c ec       	ldi	r22, 0xCC	; 204
    21b4:	70 e2       	ldi	r23, 0x20	; 32
    21b6:	0e 94 85 17 	call	0x2f0a	; 0x2f0a <_ZN8frt_taskC2EPKchjP8emstream>
    21ba:	8a e2       	ldi	r24, 0x2A	; 42
    21bc:	90 e2       	ldi	r25, 0x20	; 32
    21be:	d7 01       	movw	r26, r14
    21c0:	8d 93       	st	X+, r24
    21c2:	9c 93       	st	X, r25
    21c4:	82 e4       	ldi	r24, 0x42	; 66
    21c6:	90 e0       	ldi	r25, 0x00	; 0
    21c8:	0e 94 4c 18 	call	0x3098	; 0x3098 <pvPortMalloc>
    21cc:	7c 01       	movw	r14, r24
    21ce:	24 e0       	ldi	r18, 0x04	; 4
    21d0:	31 e0       	ldi	r19, 0x01	; 1
    21d2:	44 e0       	ldi	r20, 0x04	; 4
    21d4:	63 ed       	ldi	r22, 0xD3	; 211
    21d6:	70 e2       	ldi	r23, 0x20	; 32
    21d8:	0e 94 85 17 	call	0x2f0a	; 0x2f0a <_ZN8frt_taskC2EPKchjP8emstream>
    21dc:	82 e3       	ldi	r24, 0x32	; 50
    21de:	90 e2       	ldi	r25, 0x20	; 32
    21e0:	f7 01       	movw	r30, r14
    21e2:	80 83       	st	Z, r24
    21e4:	91 83       	std	Z+1, r25	; 0x01
    21e6:	12 8e       	std	Z+26, r1	; 0x1a
    21e8:	13 8e       	std	Z+27, r1	; 0x1b
    21ea:	14 8e       	std	Z+28, r1	; 0x1c
    21ec:	15 8e       	std	Z+29, r1	; 0x1d
    21ee:	16 8e       	std	Z+30, r1	; 0x1e
    21f0:	17 8e       	std	Z+31, r1	; 0x1f
    21f2:	10 a2       	std	Z+32, r1	; 0x20
    21f4:	11 a2       	std	Z+33, r1	; 0x21
    21f6:	80 e0       	ldi	r24, 0x00	; 0
    21f8:	90 e8       	ldi	r25, 0x80	; 128
    21fa:	ab eb       	ldi	r26, 0xBB	; 187
    21fc:	b5 e4       	ldi	r27, 0x45	; 69
    21fe:	86 a3       	std	Z+38, r24	; 0x26
    2200:	97 a3       	std	Z+39, r25	; 0x27
    2202:	a0 a7       	std	Z+40, r26	; 0x28
    2204:	b1 a7       	std	Z+41, r27	; 0x29
    2206:	80 e0       	ldi	r24, 0x00	; 0
    2208:	90 e0       	ldi	r25, 0x00	; 0
    220a:	a0 e4       	ldi	r26, 0x40	; 64
    220c:	b0 e4       	ldi	r27, 0x40	; 64
    220e:	82 a7       	std	Z+42, r24	; 0x2a
    2210:	93 a7       	std	Z+43, r25	; 0x2b
    2212:	a4 a7       	std	Z+44, r26	; 0x2c
    2214:	b5 a7       	std	Z+45, r27	; 0x2d
    2216:	f2 96       	adiw	r30, 0x32	; 50
    2218:	df 01       	movw	r26, r30
    221a:	1d 92       	st	X+, r1
    221c:	ba 94       	dec	r11
    221e:	e9 f7       	brne	.-6      	; 0x221a <main+0x33a>
    2220:	84 e1       	ldi	r24, 0x14	; 20
    2222:	90 e0       	ldi	r25, 0x00	; 0
    2224:	0e 94 4c 18 	call	0x3098	; 0x3098 <pvPortMalloc>
    2228:	7c 01       	movw	r14, r24
    222a:	24 e0       	ldi	r18, 0x04	; 4
    222c:	31 e0       	ldi	r19, 0x01	; 1
    222e:	43 e0       	ldi	r20, 0x03	; 3
    2230:	6b ed       	ldi	r22, 0xDB	; 219
    2232:	70 e2       	ldi	r23, 0x20	; 32
    2234:	0e 94 85 17 	call	0x2f0a	; 0x2f0a <_ZN8frt_taskC2EPKchjP8emstream>
    2238:	8a e3       	ldi	r24, 0x3A	; 58
    223a:	90 e2       	ldi	r25, 0x20	; 32
    223c:	f7 01       	movw	r30, r14
    223e:	80 83       	st	Z, r24
    2240:	91 83       	std	Z+1, r25	; 0x01
    2242:	12 8a       	std	Z+18, r1	; 0x12
    2244:	13 8a       	std	Z+19, r1	; 0x13
    2246:	83 e1       	ldi	r24, 0x13	; 19
    2248:	90 e0       	ldi	r25, 0x00	; 0
    224a:	0e 94 4c 18 	call	0x3098	; 0x3098 <pvPortMalloc>
    224e:	7c 01       	movw	r14, r24
    2250:	24 e0       	ldi	r18, 0x04	; 4
    2252:	31 e0       	ldi	r19, 0x01	; 1
    2254:	42 e0       	ldi	r20, 0x02	; 2
    2256:	62 ee       	ldi	r22, 0xE2	; 226
    2258:	70 e2       	ldi	r23, 0x20	; 32
    225a:	0e 94 85 17 	call	0x2f0a	; 0x2f0a <_ZN8frt_taskC2EPKchjP8emstream>
    225e:	0f 2e       	mov	r0, r31
    2260:	f2 e4       	ldi	r31, 0x42	; 66
    2262:	af 2e       	mov	r10, r31
    2264:	f0 e2       	ldi	r31, 0x20	; 32
    2266:	bf 2e       	mov	r11, r31
    2268:	f0 2d       	mov	r31, r0
    226a:	d7 01       	movw	r26, r14
    226c:	ad 92       	st	X+, r10
    226e:	bc 92       	st	X, r11
    2270:	11 97       	sbiw	r26, 0x01	; 1
    2272:	81 e0       	ldi	r24, 0x01	; 1
    2274:	52 96       	adiw	r26, 0x12	; 18
    2276:	8c 93       	st	X, r24
    2278:	83 e1       	ldi	r24, 0x13	; 19
    227a:	90 e0       	ldi	r25, 0x00	; 0
    227c:	0e 94 4c 18 	call	0x3098	; 0x3098 <pvPortMalloc>
    2280:	7c 01       	movw	r14, r24
    2282:	24 e0       	ldi	r18, 0x04	; 4
    2284:	31 e0       	ldi	r19, 0x01	; 1
    2286:	41 e0       	ldi	r20, 0x01	; 1
    2288:	69 ee       	ldi	r22, 0xE9	; 233
    228a:	70 e2       	ldi	r23, 0x20	; 32
    228c:	0e 94 85 17 	call	0x2f0a	; 0x2f0a <_ZN8frt_taskC2EPKchjP8emstream>
    2290:	f7 01       	movw	r30, r14
    2292:	a0 82       	st	Z, r10
    2294:	b1 82       	std	Z+1, r11	; 0x01
    2296:	84 e0       	ldi	r24, 0x04	; 4
    2298:	82 8b       	std	Z+18, r24	; 0x12
    229a:	d0 92 a2 00 	sts	0x00A2, r13	; 0x8000a2 <__TEXT_REGION_LENGTH__+0x7000a2>
    229e:	78 94       	sei
    22a0:	0e 94 2d 1f 	call	0x3e5a	; 0x3e5a <vTaskStartScheduler>
    22a4:	80 e0       	ldi	r24, 0x00	; 0
    22a6:	90 e0       	ldi	r25, 0x00	; 0
    22a8:	6e 96       	adiw	r28, 0x1e	; 30
    22aa:	cd bf       	out	0x3d, r28	; 61
    22ac:	de bf       	out	0x3e, r29	; 62
    22ae:	df 91       	pop	r29
    22b0:	cf 91       	pop	r28
    22b2:	1f 91       	pop	r17
    22b4:	0f 91       	pop	r16
    22b6:	ff 90       	pop	r15
    22b8:	ef 90       	pop	r14
    22ba:	df 90       	pop	r13
    22bc:	bf 90       	pop	r11
    22be:	af 90       	pop	r10
    22c0:	08 95       	ret

000022c2 <__vector_58>:
    22c2:	1f 92       	push	r1
    22c4:	0f 92       	push	r0
    22c6:	0f b6       	in	r0, 0x3f	; 63
    22c8:	0f 92       	push	r0
    22ca:	11 24       	eor	r1, r1
    22cc:	08 b6       	in	r0, 0x38	; 56
    22ce:	0f 92       	push	r0
    22d0:	18 be       	out	0x38, r1	; 56
    22d2:	0b b6       	in	r0, 0x3b	; 59
    22d4:	0f 92       	push	r0
    22d6:	1b be       	out	0x3b, r1	; 59
    22d8:	2f 93       	push	r18
    22da:	3f 93       	push	r19
    22dc:	8f 93       	push	r24
    22de:	9f 93       	push	r25
    22e0:	ef 93       	push	r30
    22e2:	ff 93       	push	r31
    22e4:	20 91 a0 0a 	lds	r18, 0x0AA0	; 0x800aa0 <__TEXT_REGION_LENGTH__+0x700aa0>
    22e8:	e0 91 e2 2c 	lds	r30, 0x2CE2	; 0x802ce2 <rcvE0_buffer>
    22ec:	f0 91 e3 2c 	lds	r31, 0x2CE3	; 0x802ce3 <rcvE0_buffer+0x1>
    22f0:	80 91 de 2c 	lds	r24, 0x2CDE	; 0x802cde <rcvE0_write_index>
    22f4:	90 91 df 2c 	lds	r25, 0x2CDF	; 0x802cdf <rcvE0_write_index+0x1>
    22f8:	e8 0f       	add	r30, r24
    22fa:	f9 1f       	adc	r31, r25
    22fc:	20 83       	st	Z, r18
    22fe:	80 91 de 2c 	lds	r24, 0x2CDE	; 0x802cde <rcvE0_write_index>
    2302:	90 91 df 2c 	lds	r25, 0x2CDF	; 0x802cdf <rcvE0_write_index+0x1>
    2306:	01 96       	adiw	r24, 0x01	; 1
    2308:	84 36       	cpi	r24, 0x64	; 100
    230a:	91 05       	cpc	r25, r1
    230c:	60 f4       	brcc	.+24     	; 0x2326 <__vector_58+0x64>
    230e:	80 93 de 2c 	sts	0x2CDE, r24	; 0x802cde <rcvE0_write_index>
    2312:	90 93 df 2c 	sts	0x2CDF, r25	; 0x802cdf <rcvE0_write_index+0x1>
    2316:	20 91 e0 2c 	lds	r18, 0x2CE0	; 0x802ce0 <rcvE0_read_index>
    231a:	30 91 e1 2c 	lds	r19, 0x2CE1	; 0x802ce1 <rcvE0_read_index+0x1>
    231e:	82 17       	cp	r24, r18
    2320:	93 07       	cpc	r25, r19
    2322:	f1 f4       	brne	.+60     	; 0x2360 <__vector_58+0x9e>
    2324:	0c c0       	rjmp	.+24     	; 0x233e <__vector_58+0x7c>
    2326:	10 92 de 2c 	sts	0x2CDE, r1	; 0x802cde <rcvE0_write_index>
    232a:	10 92 df 2c 	sts	0x2CDF, r1	; 0x802cdf <rcvE0_write_index+0x1>
    232e:	80 91 e0 2c 	lds	r24, 0x2CE0	; 0x802ce0 <rcvE0_read_index>
    2332:	90 91 e1 2c 	lds	r25, 0x2CE1	; 0x802ce1 <rcvE0_read_index+0x1>
    2336:	18 16       	cp	r1, r24
    2338:	19 06       	cpc	r1, r25
    233a:	91 f4       	brne	.+36     	; 0x2360 <__vector_58+0x9e>
    233c:	0e c0       	rjmp	.+28     	; 0x235a <__vector_58+0x98>
    233e:	01 96       	adiw	r24, 0x01	; 1
    2340:	84 36       	cpi	r24, 0x64	; 100
    2342:	91 05       	cpc	r25, r1
    2344:	28 f4       	brcc	.+10     	; 0x2350 <__vector_58+0x8e>
    2346:	80 93 e0 2c 	sts	0x2CE0, r24	; 0x802ce0 <rcvE0_read_index>
    234a:	90 93 e1 2c 	sts	0x2CE1, r25	; 0x802ce1 <rcvE0_read_index+0x1>
    234e:	08 c0       	rjmp	.+16     	; 0x2360 <__vector_58+0x9e>
    2350:	10 92 e0 2c 	sts	0x2CE0, r1	; 0x802ce0 <rcvE0_read_index>
    2354:	10 92 e1 2c 	sts	0x2CE1, r1	; 0x802ce1 <rcvE0_read_index+0x1>
    2358:	03 c0       	rjmp	.+6      	; 0x2360 <__vector_58+0x9e>
    235a:	81 e0       	ldi	r24, 0x01	; 1
    235c:	90 e0       	ldi	r25, 0x00	; 0
    235e:	f3 cf       	rjmp	.-26     	; 0x2346 <__vector_58+0x84>
    2360:	ff 91       	pop	r31
    2362:	ef 91       	pop	r30
    2364:	9f 91       	pop	r25
    2366:	8f 91       	pop	r24
    2368:	3f 91       	pop	r19
    236a:	2f 91       	pop	r18
    236c:	0f 90       	pop	r0
    236e:	0b be       	out	0x3b, r0	; 59
    2370:	0f 90       	pop	r0
    2372:	08 be       	out	0x38, r0	; 56
    2374:	0f 90       	pop	r0
    2376:	0f be       	out	0x3f, r0	; 63
    2378:	0f 90       	pop	r0
    237a:	1f 90       	pop	r1
    237c:	18 95       	reti

0000237e <__vector_91>:
    237e:	1f 92       	push	r1
    2380:	0f 92       	push	r0
    2382:	0f b6       	in	r0, 0x3f	; 63
    2384:	0f 92       	push	r0
    2386:	11 24       	eor	r1, r1
    2388:	08 b6       	in	r0, 0x38	; 56
    238a:	0f 92       	push	r0
    238c:	18 be       	out	0x38, r1	; 56
    238e:	0b b6       	in	r0, 0x3b	; 59
    2390:	0f 92       	push	r0
    2392:	1b be       	out	0x3b, r1	; 59
    2394:	2f 93       	push	r18
    2396:	3f 93       	push	r19
    2398:	8f 93       	push	r24
    239a:	9f 93       	push	r25
    239c:	ef 93       	push	r30
    239e:	ff 93       	push	r31
    23a0:	20 91 b0 09 	lds	r18, 0x09B0	; 0x8009b0 <__TEXT_REGION_LENGTH__+0x7009b0>
    23a4:	e0 91 e8 2c 	lds	r30, 0x2CE8	; 0x802ce8 <rcvD1_buffer>
    23a8:	f0 91 e9 2c 	lds	r31, 0x2CE9	; 0x802ce9 <rcvD1_buffer+0x1>
    23ac:	80 91 e4 2c 	lds	r24, 0x2CE4	; 0x802ce4 <rcvD1_write_index>
    23b0:	90 91 e5 2c 	lds	r25, 0x2CE5	; 0x802ce5 <rcvD1_write_index+0x1>
    23b4:	e8 0f       	add	r30, r24
    23b6:	f9 1f       	adc	r31, r25
    23b8:	20 83       	st	Z, r18
    23ba:	80 91 e4 2c 	lds	r24, 0x2CE4	; 0x802ce4 <rcvD1_write_index>
    23be:	90 91 e5 2c 	lds	r25, 0x2CE5	; 0x802ce5 <rcvD1_write_index+0x1>
    23c2:	01 96       	adiw	r24, 0x01	; 1
    23c4:	84 36       	cpi	r24, 0x64	; 100
    23c6:	91 05       	cpc	r25, r1
    23c8:	60 f4       	brcc	.+24     	; 0x23e2 <__vector_91+0x64>
    23ca:	80 93 e4 2c 	sts	0x2CE4, r24	; 0x802ce4 <rcvD1_write_index>
    23ce:	90 93 e5 2c 	sts	0x2CE5, r25	; 0x802ce5 <rcvD1_write_index+0x1>
    23d2:	20 91 e6 2c 	lds	r18, 0x2CE6	; 0x802ce6 <rcvD1_read_index>
    23d6:	30 91 e7 2c 	lds	r19, 0x2CE7	; 0x802ce7 <rcvD1_read_index+0x1>
    23da:	82 17       	cp	r24, r18
    23dc:	93 07       	cpc	r25, r19
    23de:	f1 f4       	brne	.+60     	; 0x241c <__vector_91+0x9e>
    23e0:	0c c0       	rjmp	.+24     	; 0x23fa <__vector_91+0x7c>
    23e2:	10 92 e4 2c 	sts	0x2CE4, r1	; 0x802ce4 <rcvD1_write_index>
    23e6:	10 92 e5 2c 	sts	0x2CE5, r1	; 0x802ce5 <rcvD1_write_index+0x1>
    23ea:	80 91 e6 2c 	lds	r24, 0x2CE6	; 0x802ce6 <rcvD1_read_index>
    23ee:	90 91 e7 2c 	lds	r25, 0x2CE7	; 0x802ce7 <rcvD1_read_index+0x1>
    23f2:	18 16       	cp	r1, r24
    23f4:	19 06       	cpc	r1, r25
    23f6:	91 f4       	brne	.+36     	; 0x241c <__vector_91+0x9e>
    23f8:	0e c0       	rjmp	.+28     	; 0x2416 <__vector_91+0x98>
    23fa:	01 96       	adiw	r24, 0x01	; 1
    23fc:	84 36       	cpi	r24, 0x64	; 100
    23fe:	91 05       	cpc	r25, r1
    2400:	28 f4       	brcc	.+10     	; 0x240c <__vector_91+0x8e>
    2402:	80 93 e6 2c 	sts	0x2CE6, r24	; 0x802ce6 <rcvD1_read_index>
    2406:	90 93 e7 2c 	sts	0x2CE7, r25	; 0x802ce7 <rcvD1_read_index+0x1>
    240a:	08 c0       	rjmp	.+16     	; 0x241c <__vector_91+0x9e>
    240c:	10 92 e6 2c 	sts	0x2CE6, r1	; 0x802ce6 <rcvD1_read_index>
    2410:	10 92 e7 2c 	sts	0x2CE7, r1	; 0x802ce7 <rcvD1_read_index+0x1>
    2414:	03 c0       	rjmp	.+6      	; 0x241c <__vector_91+0x9e>
    2416:	81 e0       	ldi	r24, 0x01	; 1
    2418:	90 e0       	ldi	r25, 0x00	; 0
    241a:	f3 cf       	rjmp	.-26     	; 0x2402 <__vector_91+0x84>
    241c:	ff 91       	pop	r31
    241e:	ef 91       	pop	r30
    2420:	9f 91       	pop	r25
    2422:	8f 91       	pop	r24
    2424:	3f 91       	pop	r19
    2426:	2f 91       	pop	r18
    2428:	0f 90       	pop	r0
    242a:	0b be       	out	0x3b, r0	; 59
    242c:	0f 90       	pop	r0
    242e:	08 be       	out	0x38, r0	; 56
    2430:	0f 90       	pop	r0
    2432:	0f be       	out	0x3f, r0	; 63
    2434:	0f 90       	pop	r0
    2436:	1f 90       	pop	r1
    2438:	18 95       	reti

0000243a <__vector_88>:
    243a:	1f 92       	push	r1
    243c:	0f 92       	push	r0
    243e:	0f b6       	in	r0, 0x3f	; 63
    2440:	0f 92       	push	r0
    2442:	11 24       	eor	r1, r1
    2444:	08 b6       	in	r0, 0x38	; 56
    2446:	0f 92       	push	r0
    2448:	18 be       	out	0x38, r1	; 56
    244a:	0b b6       	in	r0, 0x3b	; 59
    244c:	0f 92       	push	r0
    244e:	1b be       	out	0x3b, r1	; 59
    2450:	2f 93       	push	r18
    2452:	3f 93       	push	r19
    2454:	8f 93       	push	r24
    2456:	9f 93       	push	r25
    2458:	ef 93       	push	r30
    245a:	ff 93       	push	r31
    245c:	20 91 a0 09 	lds	r18, 0x09A0	; 0x8009a0 <__TEXT_REGION_LENGTH__+0x7009a0>
    2460:	e0 91 ee 2c 	lds	r30, 0x2CEE	; 0x802cee <rcvD0_buffer>
    2464:	f0 91 ef 2c 	lds	r31, 0x2CEF	; 0x802cef <rcvD0_buffer+0x1>
    2468:	80 91 f6 2c 	lds	r24, 0x2CF6	; 0x802cf6 <rcvC0_write_index>
    246c:	90 91 f7 2c 	lds	r25, 0x2CF7	; 0x802cf7 <rcvC0_write_index+0x1>
    2470:	e8 0f       	add	r30, r24
    2472:	f9 1f       	adc	r31, r25
    2474:	20 83       	st	Z, r18
    2476:	80 91 ea 2c 	lds	r24, 0x2CEA	; 0x802cea <rcvD0_write_index>
    247a:	90 91 eb 2c 	lds	r25, 0x2CEB	; 0x802ceb <rcvD0_write_index+0x1>
    247e:	01 96       	adiw	r24, 0x01	; 1
    2480:	84 36       	cpi	r24, 0x64	; 100
    2482:	91 05       	cpc	r25, r1
    2484:	60 f4       	brcc	.+24     	; 0x249e <__vector_88+0x64>
    2486:	80 93 ea 2c 	sts	0x2CEA, r24	; 0x802cea <rcvD0_write_index>
    248a:	90 93 eb 2c 	sts	0x2CEB, r25	; 0x802ceb <rcvD0_write_index+0x1>
    248e:	20 91 ec 2c 	lds	r18, 0x2CEC	; 0x802cec <rcvD0_read_index>
    2492:	30 91 ed 2c 	lds	r19, 0x2CED	; 0x802ced <rcvD0_read_index+0x1>
    2496:	82 17       	cp	r24, r18
    2498:	93 07       	cpc	r25, r19
    249a:	f1 f4       	brne	.+60     	; 0x24d8 <__vector_88+0x9e>
    249c:	0c c0       	rjmp	.+24     	; 0x24b6 <__vector_88+0x7c>
    249e:	10 92 ea 2c 	sts	0x2CEA, r1	; 0x802cea <rcvD0_write_index>
    24a2:	10 92 eb 2c 	sts	0x2CEB, r1	; 0x802ceb <rcvD0_write_index+0x1>
    24a6:	80 91 ec 2c 	lds	r24, 0x2CEC	; 0x802cec <rcvD0_read_index>
    24aa:	90 91 ed 2c 	lds	r25, 0x2CED	; 0x802ced <rcvD0_read_index+0x1>
    24ae:	18 16       	cp	r1, r24
    24b0:	19 06       	cpc	r1, r25
    24b2:	91 f4       	brne	.+36     	; 0x24d8 <__vector_88+0x9e>
    24b4:	0e c0       	rjmp	.+28     	; 0x24d2 <__vector_88+0x98>
    24b6:	01 96       	adiw	r24, 0x01	; 1
    24b8:	84 36       	cpi	r24, 0x64	; 100
    24ba:	91 05       	cpc	r25, r1
    24bc:	28 f4       	brcc	.+10     	; 0x24c8 <__vector_88+0x8e>
    24be:	80 93 ec 2c 	sts	0x2CEC, r24	; 0x802cec <rcvD0_read_index>
    24c2:	90 93 ed 2c 	sts	0x2CED, r25	; 0x802ced <rcvD0_read_index+0x1>
    24c6:	08 c0       	rjmp	.+16     	; 0x24d8 <__vector_88+0x9e>
    24c8:	10 92 ec 2c 	sts	0x2CEC, r1	; 0x802cec <rcvD0_read_index>
    24cc:	10 92 ed 2c 	sts	0x2CED, r1	; 0x802ced <rcvD0_read_index+0x1>
    24d0:	03 c0       	rjmp	.+6      	; 0x24d8 <__vector_88+0x9e>
    24d2:	81 e0       	ldi	r24, 0x01	; 1
    24d4:	90 e0       	ldi	r25, 0x00	; 0
    24d6:	f3 cf       	rjmp	.-26     	; 0x24be <__vector_88+0x84>
    24d8:	ff 91       	pop	r31
    24da:	ef 91       	pop	r30
    24dc:	9f 91       	pop	r25
    24de:	8f 91       	pop	r24
    24e0:	3f 91       	pop	r19
    24e2:	2f 91       	pop	r18
    24e4:	0f 90       	pop	r0
    24e6:	0b be       	out	0x3b, r0	; 59
    24e8:	0f 90       	pop	r0
    24ea:	08 be       	out	0x38, r0	; 56
    24ec:	0f 90       	pop	r0
    24ee:	0f be       	out	0x3f, r0	; 63
    24f0:	0f 90       	pop	r0
    24f2:	1f 90       	pop	r1
    24f4:	18 95       	reti

000024f6 <__vector_28>:
    24f6:	1f 92       	push	r1
    24f8:	0f 92       	push	r0
    24fa:	0f b6       	in	r0, 0x3f	; 63
    24fc:	0f 92       	push	r0
    24fe:	11 24       	eor	r1, r1
    2500:	08 b6       	in	r0, 0x38	; 56
    2502:	0f 92       	push	r0
    2504:	18 be       	out	0x38, r1	; 56
    2506:	0b b6       	in	r0, 0x3b	; 59
    2508:	0f 92       	push	r0
    250a:	1b be       	out	0x3b, r1	; 59
    250c:	2f 93       	push	r18
    250e:	3f 93       	push	r19
    2510:	8f 93       	push	r24
    2512:	9f 93       	push	r25
    2514:	ef 93       	push	r30
    2516:	ff 93       	push	r31
    2518:	20 91 b0 08 	lds	r18, 0x08B0	; 0x8008b0 <__TEXT_REGION_LENGTH__+0x7008b0>
    251c:	e0 91 f4 2c 	lds	r30, 0x2CF4	; 0x802cf4 <rcvC1_buffer>
    2520:	f0 91 f5 2c 	lds	r31, 0x2CF5	; 0x802cf5 <rcvC1_buffer+0x1>
    2524:	80 91 f0 2c 	lds	r24, 0x2CF0	; 0x802cf0 <rcvC1_write_index>
    2528:	90 91 f1 2c 	lds	r25, 0x2CF1	; 0x802cf1 <rcvC1_write_index+0x1>
    252c:	e8 0f       	add	r30, r24
    252e:	f9 1f       	adc	r31, r25
    2530:	20 83       	st	Z, r18
    2532:	80 91 f0 2c 	lds	r24, 0x2CF0	; 0x802cf0 <rcvC1_write_index>
    2536:	90 91 f1 2c 	lds	r25, 0x2CF1	; 0x802cf1 <rcvC1_write_index+0x1>
    253a:	01 96       	adiw	r24, 0x01	; 1
    253c:	84 36       	cpi	r24, 0x64	; 100
    253e:	91 05       	cpc	r25, r1
    2540:	60 f4       	brcc	.+24     	; 0x255a <__vector_28+0x64>
    2542:	80 93 f0 2c 	sts	0x2CF0, r24	; 0x802cf0 <rcvC1_write_index>
    2546:	90 93 f1 2c 	sts	0x2CF1, r25	; 0x802cf1 <rcvC1_write_index+0x1>
    254a:	20 91 f2 2c 	lds	r18, 0x2CF2	; 0x802cf2 <rcvC1_read_index>
    254e:	30 91 f3 2c 	lds	r19, 0x2CF3	; 0x802cf3 <rcvC1_read_index+0x1>
    2552:	82 17       	cp	r24, r18
    2554:	93 07       	cpc	r25, r19
    2556:	f1 f4       	brne	.+60     	; 0x2594 <__vector_28+0x9e>
    2558:	0c c0       	rjmp	.+24     	; 0x2572 <__vector_28+0x7c>
    255a:	10 92 f0 2c 	sts	0x2CF0, r1	; 0x802cf0 <rcvC1_write_index>
    255e:	10 92 f1 2c 	sts	0x2CF1, r1	; 0x802cf1 <rcvC1_write_index+0x1>
    2562:	80 91 f2 2c 	lds	r24, 0x2CF2	; 0x802cf2 <rcvC1_read_index>
    2566:	90 91 f3 2c 	lds	r25, 0x2CF3	; 0x802cf3 <rcvC1_read_index+0x1>
    256a:	18 16       	cp	r1, r24
    256c:	19 06       	cpc	r1, r25
    256e:	91 f4       	brne	.+36     	; 0x2594 <__vector_28+0x9e>
    2570:	0e c0       	rjmp	.+28     	; 0x258e <__vector_28+0x98>
    2572:	01 96       	adiw	r24, 0x01	; 1
    2574:	84 36       	cpi	r24, 0x64	; 100
    2576:	91 05       	cpc	r25, r1
    2578:	28 f4       	brcc	.+10     	; 0x2584 <__vector_28+0x8e>
    257a:	80 93 f2 2c 	sts	0x2CF2, r24	; 0x802cf2 <rcvC1_read_index>
    257e:	90 93 f3 2c 	sts	0x2CF3, r25	; 0x802cf3 <rcvC1_read_index+0x1>
    2582:	08 c0       	rjmp	.+16     	; 0x2594 <__vector_28+0x9e>
    2584:	10 92 f2 2c 	sts	0x2CF2, r1	; 0x802cf2 <rcvC1_read_index>
    2588:	10 92 f3 2c 	sts	0x2CF3, r1	; 0x802cf3 <rcvC1_read_index+0x1>
    258c:	03 c0       	rjmp	.+6      	; 0x2594 <__vector_28+0x9e>
    258e:	81 e0       	ldi	r24, 0x01	; 1
    2590:	90 e0       	ldi	r25, 0x00	; 0
    2592:	f3 cf       	rjmp	.-26     	; 0x257a <__vector_28+0x84>
    2594:	ff 91       	pop	r31
    2596:	ef 91       	pop	r30
    2598:	9f 91       	pop	r25
    259a:	8f 91       	pop	r24
    259c:	3f 91       	pop	r19
    259e:	2f 91       	pop	r18
    25a0:	0f 90       	pop	r0
    25a2:	0b be       	out	0x3b, r0	; 59
    25a4:	0f 90       	pop	r0
    25a6:	08 be       	out	0x38, r0	; 56
    25a8:	0f 90       	pop	r0
    25aa:	0f be       	out	0x3f, r0	; 63
    25ac:	0f 90       	pop	r0
    25ae:	1f 90       	pop	r1
    25b0:	18 95       	reti

000025b2 <__vector_25>:
    25b2:	1f 92       	push	r1
    25b4:	0f 92       	push	r0
    25b6:	0f b6       	in	r0, 0x3f	; 63
    25b8:	0f 92       	push	r0
    25ba:	11 24       	eor	r1, r1
    25bc:	08 b6       	in	r0, 0x38	; 56
    25be:	0f 92       	push	r0
    25c0:	18 be       	out	0x38, r1	; 56
    25c2:	0b b6       	in	r0, 0x3b	; 59
    25c4:	0f 92       	push	r0
    25c6:	1b be       	out	0x3b, r1	; 59
    25c8:	2f 93       	push	r18
    25ca:	3f 93       	push	r19
    25cc:	8f 93       	push	r24
    25ce:	9f 93       	push	r25
    25d0:	ef 93       	push	r30
    25d2:	ff 93       	push	r31
    25d4:	20 91 a0 08 	lds	r18, 0x08A0	; 0x8008a0 <__TEXT_REGION_LENGTH__+0x7008a0>
    25d8:	e0 91 fa 2c 	lds	r30, 0x2CFA	; 0x802cfa <rcvC0_buffer>
    25dc:	f0 91 fb 2c 	lds	r31, 0x2CFB	; 0x802cfb <rcvC0_buffer+0x1>
    25e0:	80 91 f6 2c 	lds	r24, 0x2CF6	; 0x802cf6 <rcvC0_write_index>
    25e4:	90 91 f7 2c 	lds	r25, 0x2CF7	; 0x802cf7 <rcvC0_write_index+0x1>
    25e8:	e8 0f       	add	r30, r24
    25ea:	f9 1f       	adc	r31, r25
    25ec:	20 83       	st	Z, r18
    25ee:	80 91 f6 2c 	lds	r24, 0x2CF6	; 0x802cf6 <rcvC0_write_index>
    25f2:	90 91 f7 2c 	lds	r25, 0x2CF7	; 0x802cf7 <rcvC0_write_index+0x1>
    25f6:	01 96       	adiw	r24, 0x01	; 1
    25f8:	84 36       	cpi	r24, 0x64	; 100
    25fa:	91 05       	cpc	r25, r1
    25fc:	60 f4       	brcc	.+24     	; 0x2616 <__vector_25+0x64>
    25fe:	80 93 f6 2c 	sts	0x2CF6, r24	; 0x802cf6 <rcvC0_write_index>
    2602:	90 93 f7 2c 	sts	0x2CF7, r25	; 0x802cf7 <rcvC0_write_index+0x1>
    2606:	20 91 f8 2c 	lds	r18, 0x2CF8	; 0x802cf8 <rcvC0_read_index>
    260a:	30 91 f9 2c 	lds	r19, 0x2CF9	; 0x802cf9 <rcvC0_read_index+0x1>
    260e:	82 17       	cp	r24, r18
    2610:	93 07       	cpc	r25, r19
    2612:	f1 f4       	brne	.+60     	; 0x2650 <__vector_25+0x9e>
    2614:	0c c0       	rjmp	.+24     	; 0x262e <__vector_25+0x7c>
    2616:	10 92 f6 2c 	sts	0x2CF6, r1	; 0x802cf6 <rcvC0_write_index>
    261a:	10 92 f7 2c 	sts	0x2CF7, r1	; 0x802cf7 <rcvC0_write_index+0x1>
    261e:	80 91 f8 2c 	lds	r24, 0x2CF8	; 0x802cf8 <rcvC0_read_index>
    2622:	90 91 f9 2c 	lds	r25, 0x2CF9	; 0x802cf9 <rcvC0_read_index+0x1>
    2626:	18 16       	cp	r1, r24
    2628:	19 06       	cpc	r1, r25
    262a:	91 f4       	brne	.+36     	; 0x2650 <__vector_25+0x9e>
    262c:	0e c0       	rjmp	.+28     	; 0x264a <__vector_25+0x98>
    262e:	01 96       	adiw	r24, 0x01	; 1
    2630:	84 36       	cpi	r24, 0x64	; 100
    2632:	91 05       	cpc	r25, r1
    2634:	28 f4       	brcc	.+10     	; 0x2640 <__vector_25+0x8e>
    2636:	80 93 f8 2c 	sts	0x2CF8, r24	; 0x802cf8 <rcvC0_read_index>
    263a:	90 93 f9 2c 	sts	0x2CF9, r25	; 0x802cf9 <rcvC0_read_index+0x1>
    263e:	08 c0       	rjmp	.+16     	; 0x2650 <__vector_25+0x9e>
    2640:	10 92 f8 2c 	sts	0x2CF8, r1	; 0x802cf8 <rcvC0_read_index>
    2644:	10 92 f9 2c 	sts	0x2CF9, r1	; 0x802cf9 <rcvC0_read_index+0x1>
    2648:	03 c0       	rjmp	.+6      	; 0x2650 <__vector_25+0x9e>
    264a:	81 e0       	ldi	r24, 0x01	; 1
    264c:	90 e0       	ldi	r25, 0x00	; 0
    264e:	f3 cf       	rjmp	.-26     	; 0x2636 <__vector_25+0x84>
    2650:	ff 91       	pop	r31
    2652:	ef 91       	pop	r30
    2654:	9f 91       	pop	r25
    2656:	8f 91       	pop	r24
    2658:	3f 91       	pop	r19
    265a:	2f 91       	pop	r18
    265c:	0f 90       	pop	r0
    265e:	0b be       	out	0x3b, r0	; 59
    2660:	0f 90       	pop	r0
    2662:	08 be       	out	0x38, r0	; 56
    2664:	0f 90       	pop	r0
    2666:	0f be       	out	0x3f, r0	; 63
    2668:	0f 90       	pop	r0
    266a:	1f 90       	pop	r1
    266c:	18 95       	reti

0000266e <_ZN8emstreamlsEh>:
    266e:	cf 92       	push	r12
    2670:	df 92       	push	r13
    2672:	ef 92       	push	r14
    2674:	ff 92       	push	r15
    2676:	0f 93       	push	r16
    2678:	1f 93       	push	r17
    267a:	cf 93       	push	r28
    267c:	df 93       	push	r29
    267e:	cd b7       	in	r28, 0x3d	; 61
    2680:	de b7       	in	r29, 0x3e	; 62
    2682:	29 97       	sbiw	r28, 0x09	; 9
    2684:	cd bf       	out	0x3d, r28	; 61
    2686:	de bf       	out	0x3e, r29	; 62
    2688:	8c 01       	movw	r16, r24
    268a:	e6 2e       	mov	r14, r22
    268c:	dc 01       	movw	r26, r24
    268e:	13 96       	adiw	r26, 0x03	; 3
    2690:	8c 91       	ld	r24, X
    2692:	13 97       	sbiw	r26, 0x03	; 3
    2694:	88 23       	and	r24, r24
    2696:	41 f0       	breq	.+16     	; 0x26a8 <_ZN8emstreamlsEh+0x3a>
    2698:	ed 91       	ld	r30, X+
    269a:	fc 91       	ld	r31, X
    269c:	02 80       	ldd	r0, Z+2	; 0x02
    269e:	f3 81       	ldd	r31, Z+3	; 0x03
    26a0:	e0 2d       	mov	r30, r0
    26a2:	c8 01       	movw	r24, r16
    26a4:	19 95       	eicall
    26a6:	56 c0       	rjmp	.+172    	; 0x2754 <_ZN8emstreamlsEh+0xe6>
    26a8:	f8 01       	movw	r30, r16
    26aa:	42 81       	ldd	r20, Z+2	; 0x02
    26ac:	42 30       	cpi	r20, 0x02	; 2
    26ae:	19 f5       	brne	.+70     	; 0x26f6 <_ZN8emstreamlsEh+0x88>
    26b0:	68 94       	set
    26b2:	cc 24       	eor	r12, r12
    26b4:	c3 f8       	bld	r12, 3
    26b6:	d1 2c       	mov	r13, r1
    26b8:	68 94       	set
    26ba:	ff 24       	eor	r15, r15
    26bc:	f7 f8       	bld	r15, 7
    26be:	8e 2d       	mov	r24, r14
    26c0:	8f 21       	and	r24, r15
    26c2:	51 f0       	breq	.+20     	; 0x26d8 <_ZN8emstreamlsEh+0x6a>
    26c4:	d8 01       	movw	r26, r16
    26c6:	ed 91       	ld	r30, X+
    26c8:	fc 91       	ld	r31, X
    26ca:	02 80       	ldd	r0, Z+2	; 0x02
    26cc:	f3 81       	ldd	r31, Z+3	; 0x03
    26ce:	e0 2d       	mov	r30, r0
    26d0:	61 e3       	ldi	r22, 0x31	; 49
    26d2:	c8 01       	movw	r24, r16
    26d4:	19 95       	eicall
    26d6:	09 c0       	rjmp	.+18     	; 0x26ea <_ZN8emstreamlsEh+0x7c>
    26d8:	d8 01       	movw	r26, r16
    26da:	ed 91       	ld	r30, X+
    26dc:	fc 91       	ld	r31, X
    26de:	02 80       	ldd	r0, Z+2	; 0x02
    26e0:	f3 81       	ldd	r31, Z+3	; 0x03
    26e2:	e0 2d       	mov	r30, r0
    26e4:	60 e3       	ldi	r22, 0x30	; 48
    26e6:	c8 01       	movw	r24, r16
    26e8:	19 95       	eicall
    26ea:	f6 94       	lsr	r15
    26ec:	b1 e0       	ldi	r27, 0x01	; 1
    26ee:	cb 1a       	sub	r12, r27
    26f0:	d1 08       	sbc	r13, r1
    26f2:	29 f7       	brne	.-54     	; 0x26be <_ZN8emstreamlsEh+0x50>
    26f4:	2f c0       	rjmp	.+94     	; 0x2754 <_ZN8emstreamlsEh+0xe6>
    26f6:	40 31       	cpi	r20, 0x10	; 16
    26f8:	f9 f4       	brne	.+62     	; 0x2738 <_ZN8emstreamlsEh+0xca>
    26fa:	62 95       	swap	r22
    26fc:	6f 70       	andi	r22, 0x0F	; 15
    26fe:	01 90       	ld	r0, Z+
    2700:	f0 81       	ld	r31, Z
    2702:	e0 2d       	mov	r30, r0
    2704:	02 80       	ldd	r0, Z+2	; 0x02
    2706:	f3 81       	ldd	r31, Z+3	; 0x03
    2708:	e0 2d       	mov	r30, r0
    270a:	6a 30       	cpi	r22, 0x0A	; 10
    270c:	10 f0       	brcs	.+4      	; 0x2712 <_ZN8emstreamlsEh+0xa4>
    270e:	69 5c       	subi	r22, 0xC9	; 201
    2710:	01 c0       	rjmp	.+2      	; 0x2714 <_ZN8emstreamlsEh+0xa6>
    2712:	60 5d       	subi	r22, 0xD0	; 208
    2714:	c8 01       	movw	r24, r16
    2716:	19 95       	eicall
    2718:	6e 2d       	mov	r22, r14
    271a:	6f 70       	andi	r22, 0x0F	; 15
    271c:	d8 01       	movw	r26, r16
    271e:	ed 91       	ld	r30, X+
    2720:	fc 91       	ld	r31, X
    2722:	02 80       	ldd	r0, Z+2	; 0x02
    2724:	f3 81       	ldd	r31, Z+3	; 0x03
    2726:	e0 2d       	mov	r30, r0
    2728:	6a 30       	cpi	r22, 0x0A	; 10
    272a:	10 f0       	brcs	.+4      	; 0x2730 <_ZN8emstreamlsEh+0xc2>
    272c:	69 5c       	subi	r22, 0xC9	; 201
    272e:	01 c0       	rjmp	.+2      	; 0x2732 <_ZN8emstreamlsEh+0xc4>
    2730:	60 5d       	subi	r22, 0xD0	; 208
    2732:	c8 01       	movw	r24, r16
    2734:	19 95       	eicall
    2736:	0e c0       	rjmp	.+28     	; 0x2754 <_ZN8emstreamlsEh+0xe6>
    2738:	50 e0       	ldi	r21, 0x00	; 0
    273a:	be 01       	movw	r22, r28
    273c:	6f 5f       	subi	r22, 0xFF	; 255
    273e:	7f 4f       	sbci	r23, 0xFF	; 255
    2740:	8e 2d       	mov	r24, r14
    2742:	90 e0       	ldi	r25, 0x00	; 0
    2744:	0e 94 26 24 	call	0x484c	; 0x484c <utoa>
    2748:	be 01       	movw	r22, r28
    274a:	6f 5f       	subi	r22, 0xFF	; 255
    274c:	7f 4f       	sbci	r23, 0xFF	; 255
    274e:	c8 01       	movw	r24, r16
    2750:	0e 94 5e 14 	call	0x28bc	; 0x28bc <_ZN8emstream4putsEPKc>
    2754:	c8 01       	movw	r24, r16
    2756:	29 96       	adiw	r28, 0x09	; 9
    2758:	cd bf       	out	0x3d, r28	; 61
    275a:	de bf       	out	0x3e, r29	; 62
    275c:	df 91       	pop	r29
    275e:	cf 91       	pop	r28
    2760:	1f 91       	pop	r17
    2762:	0f 91       	pop	r16
    2764:	ff 90       	pop	r15
    2766:	ef 90       	pop	r14
    2768:	df 90       	pop	r13
    276a:	cf 90       	pop	r12
    276c:	08 95       	ret

0000276e <_ZN8emstream12clear_screenEv>:
    276e:	08 95       	ret

00002770 <_ZN8emstream12transmit_nowEv>:
    2770:	08 95       	ret

00002772 <_ZN8emstream14check_for_charEv>:
    2772:	80 e0       	ldi	r24, 0x00	; 0
    2774:	08 95       	ret

00002776 <_ZN8emstream7getcharEv>:
    2776:	80 e0       	ldi	r24, 0x00	; 0
    2778:	90 e0       	ldi	r25, 0x00	; 0
    277a:	08 95       	ret

0000277c <_ZN8emstream13ready_to_sendEv>:
    277c:	81 e0       	ldi	r24, 0x01	; 1
    277e:	08 95       	ret

00002780 <__cxa_pure_virtual>:
    2780:	08 95       	ret

00002782 <_ZN14frt_text_queue7getcharEv>:
    2782:	0f 93       	push	r16
    2784:	cf 93       	push	r28
    2786:	df 93       	push	r29
    2788:	1f 92       	push	r1
    278a:	cd b7       	in	r28, 0x3d	; 61
    278c:	de b7       	in	r29, 0x3e	; 62
    278e:	00 e0       	ldi	r16, 0x00	; 0
    2790:	2f ef       	ldi	r18, 0xFF	; 255
    2792:	3f ef       	ldi	r19, 0xFF	; 255
    2794:	a9 01       	movw	r20, r18
    2796:	be 01       	movw	r22, r28
    2798:	6f 5f       	subi	r22, 0xFF	; 255
    279a:	7f 4f       	sbci	r23, 0xFF	; 255
    279c:	fc 01       	movw	r30, r24
    279e:	80 85       	ldd	r24, Z+8	; 0x08
    27a0:	91 85       	ldd	r25, Z+9	; 0x09
    27a2:	0e 94 fb 1c 	call	0x39f6	; 0x39f6 <xQueueGenericReceive>
    27a6:	81 30       	cpi	r24, 0x01	; 1
    27a8:	19 f4       	brne	.+6      	; 0x27b0 <_ZN14frt_text_queue7getcharEv+0x2e>
    27aa:	89 81       	ldd	r24, Y+1	; 0x01
    27ac:	90 e0       	ldi	r25, 0x00	; 0
    27ae:	02 c0       	rjmp	.+4      	; 0x27b4 <_ZN14frt_text_queue7getcharEv+0x32>
    27b0:	8f ef       	ldi	r24, 0xFF	; 255
    27b2:	9f ef       	ldi	r25, 0xFF	; 255
    27b4:	0f 90       	pop	r0
    27b6:	df 91       	pop	r29
    27b8:	cf 91       	pop	r28
    27ba:	0f 91       	pop	r16
    27bc:	08 95       	ret

000027be <_ZN14frt_text_queue14check_for_charEv>:
    27be:	fc 01       	movw	r30, r24
    27c0:	80 85       	ldd	r24, Z+8	; 0x08
    27c2:	91 85       	ldd	r25, Z+9	; 0x09
    27c4:	0e 94 bf 1d 	call	0x3b7e	; 0x3b7e <uxQueueMessagesWaiting>
    27c8:	91 e0       	ldi	r25, 0x01	; 1
    27ca:	81 11       	cpse	r24, r1
    27cc:	01 c0       	rjmp	.+2      	; 0x27d0 <_ZN14frt_text_queue14check_for_charEv+0x12>
    27ce:	90 e0       	ldi	r25, 0x00	; 0
    27d0:	89 2f       	mov	r24, r25
    27d2:	08 95       	ret

000027d4 <_ZN14frt_text_queue7putcharEc>:
    27d4:	0f 93       	push	r16
    27d6:	cf 93       	push	r28
    27d8:	df 93       	push	r29
    27da:	1f 92       	push	r1
    27dc:	cd b7       	in	r28, 0x3d	; 61
    27de:	de b7       	in	r29, 0x3e	; 62
    27e0:	69 83       	std	Y+1, r22	; 0x01
    27e2:	fc 01       	movw	r30, r24
    27e4:	22 85       	ldd	r18, Z+10	; 0x0a
    27e6:	33 85       	ldd	r19, Z+11	; 0x0b
    27e8:	44 85       	ldd	r20, Z+12	; 0x0c
    27ea:	55 85       	ldd	r21, Z+13	; 0x0d
    27ec:	00 e0       	ldi	r16, 0x00	; 0
    27ee:	be 01       	movw	r22, r28
    27f0:	6f 5f       	subi	r22, 0xFF	; 255
    27f2:	7f 4f       	sbci	r23, 0xFF	; 255
    27f4:	80 85       	ldd	r24, Z+8	; 0x08
    27f6:	91 85       	ldd	r25, Z+9	; 0x09
    27f8:	0e 94 60 1c 	call	0x38c0	; 0x38c0 <xQueueGenericSend>
    27fc:	91 e0       	ldi	r25, 0x01	; 1
    27fe:	81 11       	cpse	r24, r1
    2800:	01 c0       	rjmp	.+2      	; 0x2804 <_ZN14frt_text_queue7putcharEc+0x30>
    2802:	90 e0       	ldi	r25, 0x00	; 0
    2804:	89 2f       	mov	r24, r25
    2806:	0f 90       	pop	r0
    2808:	df 91       	pop	r29
    280a:	cf 91       	pop	r28
    280c:	0f 91       	pop	r16
    280e:	08 95       	ret

00002810 <_call_static_run_method>:
    2810:	ec 01       	movw	r28, r24
    2812:	e8 81       	ld	r30, Y
    2814:	f9 81       	ldd	r31, Y+1	; 0x01
    2816:	01 90       	ld	r0, Z+
    2818:	f0 81       	ld	r31, Z
    281a:	e0 2d       	mov	r30, r0
    281c:	19 95       	eicall
    281e:	1a 82       	std	Y+2, r1	; 0x02
    2820:	1b 82       	std	Y+3, r1	; 0x03
    2822:	6f ef       	ldi	r22, 0xFF	; 255
    2824:	7f ef       	ldi	r23, 0xFF	; 255
    2826:	cb 01       	movw	r24, r22
    2828:	0e 94 71 21 	call	0x42e2	; 0x42e2 <vTaskDelay>
    282c:	fa cf       	rjmp	.-12     	; 0x2822 <_call_static_run_method+0x12>

0000282e <_ZN8emstreamlsE15ser_manipulator>:
    282e:	cf 93       	push	r28
    2830:	df 93       	push	r29
    2832:	ec 01       	movw	r28, r24
    2834:	86 2f       	mov	r24, r22
    2836:	90 e0       	ldi	r25, 0x00	; 0
    2838:	8b 30       	cpi	r24, 0x0B	; 11
    283a:	91 05       	cpc	r25, r1
    283c:	d8 f5       	brcc	.+118    	; 0x28b4 <_ZN8emstreamlsE15ser_manipulator+0x86>
    283e:	fc 01       	movw	r30, r24
    2840:	88 27       	eor	r24, r24
    2842:	e6 5a       	subi	r30, 0xA6	; 166
    2844:	fe 4f       	sbci	r31, 0xFE	; 254
    2846:	8f 4f       	sbci	r24, 0xFF	; 255
    2848:	0c 94 a9 26 	jmp	0x4d52	; 0x4d52 <__tablejump2__>
    284c:	82 e0       	ldi	r24, 0x02	; 2
    284e:	8a 83       	std	Y+2, r24	; 0x02
    2850:	31 c0       	rjmp	.+98     	; 0x28b4 <_ZN8emstreamlsE15ser_manipulator+0x86>
    2852:	88 e0       	ldi	r24, 0x08	; 8
    2854:	8a 83       	std	Y+2, r24	; 0x02
    2856:	2e c0       	rjmp	.+92     	; 0x28b4 <_ZN8emstreamlsE15ser_manipulator+0x86>
    2858:	8a e0       	ldi	r24, 0x0A	; 10
    285a:	8a 83       	std	Y+2, r24	; 0x02
    285c:	2b c0       	rjmp	.+86     	; 0x28b4 <_ZN8emstreamlsE15ser_manipulator+0x86>
    285e:	80 e1       	ldi	r24, 0x10	; 16
    2860:	8a 83       	std	Y+2, r24	; 0x02
    2862:	28 c0       	rjmp	.+80     	; 0x28b4 <_ZN8emstreamlsE15ser_manipulator+0x86>
    2864:	81 e0       	ldi	r24, 0x01	; 1
    2866:	8b 83       	std	Y+3, r24	; 0x03
    2868:	25 c0       	rjmp	.+74     	; 0x28b4 <_ZN8emstreamlsE15ser_manipulator+0x86>
    286a:	1b 82       	std	Y+3, r1	; 0x03
    286c:	23 c0       	rjmp	.+70     	; 0x28b4 <_ZN8emstreamlsE15ser_manipulator+0x86>
    286e:	e8 81       	ld	r30, Y
    2870:	f9 81       	ldd	r31, Y+1	; 0x01
    2872:	02 80       	ldd	r0, Z+2	; 0x02
    2874:	f3 81       	ldd	r31, Z+3	; 0x03
    2876:	e0 2d       	mov	r30, r0
    2878:	6d e0       	ldi	r22, 0x0D	; 13
    287a:	ce 01       	movw	r24, r28
    287c:	19 95       	eicall
    287e:	e8 81       	ld	r30, Y
    2880:	f9 81       	ldd	r31, Y+1	; 0x01
    2882:	02 80       	ldd	r0, Z+2	; 0x02
    2884:	f3 81       	ldd	r31, Z+3	; 0x03
    2886:	e0 2d       	mov	r30, r0
    2888:	6a e0       	ldi	r22, 0x0A	; 10
    288a:	ce 01       	movw	r24, r28
    288c:	19 95       	eicall
    288e:	12 c0       	rjmp	.+36     	; 0x28b4 <_ZN8emstreamlsE15ser_manipulator+0x86>
    2890:	e8 81       	ld	r30, Y
    2892:	f9 81       	ldd	r31, Y+1	; 0x01
    2894:	02 84       	ldd	r0, Z+10	; 0x0a
    2896:	f3 85       	ldd	r31, Z+11	; 0x0b
    2898:	e0 2d       	mov	r30, r0
    289a:	ce 01       	movw	r24, r28
    289c:	19 95       	eicall
    289e:	0a c0       	rjmp	.+20     	; 0x28b4 <_ZN8emstreamlsE15ser_manipulator+0x86>
    28a0:	e8 81       	ld	r30, Y
    28a2:	f9 81       	ldd	r31, Y+1	; 0x01
    28a4:	00 84       	ldd	r0, Z+8	; 0x08
    28a6:	f1 85       	ldd	r31, Z+9	; 0x09
    28a8:	e0 2d       	mov	r30, r0
    28aa:	ce 01       	movw	r24, r28
    28ac:	19 95       	eicall
    28ae:	02 c0       	rjmp	.+4      	; 0x28b4 <_ZN8emstreamlsE15ser_manipulator+0x86>
    28b0:	81 e0       	ldi	r24, 0x01	; 1
    28b2:	8c 83       	std	Y+4, r24	; 0x04
    28b4:	ce 01       	movw	r24, r28
    28b6:	df 91       	pop	r29
    28b8:	cf 91       	pop	r28
    28ba:	08 95       	ret

000028bc <_ZN8emstream4putsEPKc>:
    28bc:	0f 93       	push	r16
    28be:	1f 93       	push	r17
    28c0:	cf 93       	push	r28
    28c2:	df 93       	push	r29
    28c4:	8c 01       	movw	r16, r24
    28c6:	fb 01       	movw	r30, r22
    28c8:	dc 01       	movw	r26, r24
    28ca:	14 96       	adiw	r26, 0x04	; 4
    28cc:	8c 91       	ld	r24, X
    28ce:	81 11       	cpse	r24, r1
    28d0:	04 c0       	rjmp	.+8      	; 0x28da <_ZN8emstream4putsEPKc+0x1e>
    28d2:	60 81       	ld	r22, Z
    28d4:	61 11       	cpse	r22, r1
    28d6:	17 c0       	rjmp	.+46     	; 0x2906 <_ZN8emstream4putsEPKc+0x4a>
    28d8:	23 c0       	rjmp	.+70     	; 0x2920 <_ZN8emstream4putsEPKc+0x64>
    28da:	d8 01       	movw	r26, r16
    28dc:	14 96       	adiw	r26, 0x04	; 4
    28de:	1c 92       	st	X, r1
    28e0:	eb 01       	movw	r28, r22
    28e2:	21 96       	adiw	r28, 0x01	; 1
    28e4:	64 91       	lpm	r22, Z
    28e6:	66 23       	and	r22, r22
    28e8:	d9 f0       	breq	.+54     	; 0x2920 <_ZN8emstream4putsEPKc+0x64>
    28ea:	d8 01       	movw	r26, r16
    28ec:	ed 91       	ld	r30, X+
    28ee:	fc 91       	ld	r31, X
    28f0:	02 80       	ldd	r0, Z+2	; 0x02
    28f2:	f3 81       	ldd	r31, Z+3	; 0x03
    28f4:	e0 2d       	mov	r30, r0
    28f6:	c8 01       	movw	r24, r16
    28f8:	19 95       	eicall
    28fa:	fe 01       	movw	r30, r28
    28fc:	64 91       	lpm	r22, Z
    28fe:	21 96       	adiw	r28, 0x01	; 1
    2900:	61 11       	cpse	r22, r1
    2902:	f3 cf       	rjmp	.-26     	; 0x28ea <_ZN8emstream4putsEPKc+0x2e>
    2904:	0d c0       	rjmp	.+26     	; 0x2920 <_ZN8emstream4putsEPKc+0x64>
    2906:	ef 01       	movw	r28, r30
    2908:	21 96       	adiw	r28, 0x01	; 1
    290a:	d8 01       	movw	r26, r16
    290c:	ed 91       	ld	r30, X+
    290e:	fc 91       	ld	r31, X
    2910:	02 80       	ldd	r0, Z+2	; 0x02
    2912:	f3 81       	ldd	r31, Z+3	; 0x03
    2914:	e0 2d       	mov	r30, r0
    2916:	c8 01       	movw	r24, r16
    2918:	19 95       	eicall
    291a:	69 91       	ld	r22, Y+
    291c:	61 11       	cpse	r22, r1
    291e:	f5 cf       	rjmp	.-22     	; 0x290a <_ZN8emstream4putsEPKc+0x4e>
    2920:	df 91       	pop	r29
    2922:	cf 91       	pop	r28
    2924:	1f 91       	pop	r17
    2926:	0f 91       	pop	r16
    2928:	08 95       	ret

0000292a <_ZN8emstreamlsEm>:
    292a:	df 92       	push	r13
    292c:	ef 92       	push	r14
    292e:	ff 92       	push	r15
    2930:	0f 93       	push	r16
    2932:	1f 93       	push	r17
    2934:	cf 93       	push	r28
    2936:	df 93       	push	r29
    2938:	cd b7       	in	r28, 0x3d	; 61
    293a:	de b7       	in	r29, 0x3e	; 62
    293c:	a1 97       	sbiw	r28, 0x21	; 33
    293e:	cd bf       	out	0x3d, r28	; 61
    2940:	de bf       	out	0x3e, r29	; 62
    2942:	8c 01       	movw	r16, r24
    2944:	d4 2e       	mov	r13, r20
    2946:	e5 2e       	mov	r14, r21
    2948:	f6 2e       	mov	r15, r22
    294a:	97 2f       	mov	r25, r23
    294c:	f8 01       	movw	r30, r16
    294e:	22 81       	ldd	r18, Z+2	; 0x02
    2950:	20 31       	cpi	r18, 0x10	; 16
    2952:	21 f0       	breq	.+8      	; 0x295c <_ZN8emstreamlsEm+0x32>
    2954:	28 30       	cpi	r18, 0x08	; 8
    2956:	11 f0       	breq	.+4      	; 0x295c <_ZN8emstreamlsEm+0x32>
    2958:	22 30       	cpi	r18, 0x02	; 2
    295a:	71 f4       	brne	.+28     	; 0x2978 <_ZN8emstreamlsEm+0x4e>
    295c:	69 2f       	mov	r22, r25
    295e:	c8 01       	movw	r24, r16
    2960:	0e 94 37 13 	call	0x266e	; 0x266e <_ZN8emstreamlsEh>
    2964:	6f 2d       	mov	r22, r15
    2966:	0e 94 37 13 	call	0x266e	; 0x266e <_ZN8emstreamlsEh>
    296a:	6e 2d       	mov	r22, r14
    296c:	0e 94 37 13 	call	0x266e	; 0x266e <_ZN8emstreamlsEh>
    2970:	6d 2d       	mov	r22, r13
    2972:	0e 94 37 13 	call	0x266e	; 0x266e <_ZN8emstreamlsEh>
    2976:	0f c0       	rjmp	.+30     	; 0x2996 <_ZN8emstreamlsEm+0x6c>
    2978:	30 e0       	ldi	r19, 0x00	; 0
    297a:	ae 01       	movw	r20, r28
    297c:	4f 5f       	subi	r20, 0xFF	; 255
    297e:	5f 4f       	sbci	r21, 0xFF	; 255
    2980:	6d 2d       	mov	r22, r13
    2982:	7e 2d       	mov	r23, r14
    2984:	8f 2d       	mov	r24, r15
    2986:	0e 94 f9 23 	call	0x47f2	; 0x47f2 <ultoa>
    298a:	be 01       	movw	r22, r28
    298c:	6f 5f       	subi	r22, 0xFF	; 255
    298e:	7f 4f       	sbci	r23, 0xFF	; 255
    2990:	c8 01       	movw	r24, r16
    2992:	0e 94 5e 14 	call	0x28bc	; 0x28bc <_ZN8emstream4putsEPKc>
    2996:	c8 01       	movw	r24, r16
    2998:	a1 96       	adiw	r28, 0x21	; 33
    299a:	cd bf       	out	0x3d, r28	; 61
    299c:	de bf       	out	0x3e, r29	; 62
    299e:	df 91       	pop	r29
    29a0:	cf 91       	pop	r28
    29a2:	1f 91       	pop	r17
    29a4:	0f 91       	pop	r16
    29a6:	ff 90       	pop	r15
    29a8:	ef 90       	pop	r14
    29aa:	df 90       	pop	r13
    29ac:	08 95       	ret

000029ae <_ZN8emstreamlsEj>:
    29ae:	ff 92       	push	r15
    29b0:	0f 93       	push	r16
    29b2:	1f 93       	push	r17
    29b4:	cf 93       	push	r28
    29b6:	df 93       	push	r29
    29b8:	cd b7       	in	r28, 0x3d	; 61
    29ba:	de b7       	in	r29, 0x3e	; 62
    29bc:	61 97       	sbiw	r28, 0x11	; 17
    29be:	cd bf       	out	0x3d, r28	; 61
    29c0:	de bf       	out	0x3e, r29	; 62
    29c2:	8c 01       	movw	r16, r24
    29c4:	f6 2e       	mov	r15, r22
    29c6:	97 2f       	mov	r25, r23
    29c8:	f8 01       	movw	r30, r16
    29ca:	42 81       	ldd	r20, Z+2	; 0x02
    29cc:	40 31       	cpi	r20, 0x10	; 16
    29ce:	21 f0       	breq	.+8      	; 0x29d8 <_ZN8emstreamlsEj+0x2a>
    29d0:	48 30       	cpi	r20, 0x08	; 8
    29d2:	11 f0       	breq	.+4      	; 0x29d8 <_ZN8emstreamlsEj+0x2a>
    29d4:	42 30       	cpi	r20, 0x02	; 2
    29d6:	41 f4       	brne	.+16     	; 0x29e8 <_ZN8emstreamlsEj+0x3a>
    29d8:	69 2f       	mov	r22, r25
    29da:	c8 01       	movw	r24, r16
    29dc:	0e 94 37 13 	call	0x266e	; 0x266e <_ZN8emstreamlsEh>
    29e0:	6f 2d       	mov	r22, r15
    29e2:	0e 94 37 13 	call	0x266e	; 0x266e <_ZN8emstreamlsEh>
    29e6:	0d c0       	rjmp	.+26     	; 0x2a02 <_ZN8emstreamlsEj+0x54>
    29e8:	50 e0       	ldi	r21, 0x00	; 0
    29ea:	be 01       	movw	r22, r28
    29ec:	6f 5f       	subi	r22, 0xFF	; 255
    29ee:	7f 4f       	sbci	r23, 0xFF	; 255
    29f0:	8f 2d       	mov	r24, r15
    29f2:	0e 94 26 24 	call	0x484c	; 0x484c <utoa>
    29f6:	be 01       	movw	r22, r28
    29f8:	6f 5f       	subi	r22, 0xFF	; 255
    29fa:	7f 4f       	sbci	r23, 0xFF	; 255
    29fc:	c8 01       	movw	r24, r16
    29fe:	0e 94 5e 14 	call	0x28bc	; 0x28bc <_ZN8emstream4putsEPKc>
    2a02:	c8 01       	movw	r24, r16
    2a04:	61 96       	adiw	r28, 0x11	; 17
    2a06:	cd bf       	out	0x3d, r28	; 61
    2a08:	de bf       	out	0x3e, r29	; 62
    2a0a:	df 91       	pop	r29
    2a0c:	cf 91       	pop	r28
    2a0e:	1f 91       	pop	r17
    2a10:	0f 91       	pop	r16
    2a12:	ff 90       	pop	r15
    2a14:	08 95       	ret

00002a16 <_ZN8emstreamlsEi>:
    2a16:	0f 93       	push	r16
    2a18:	1f 93       	push	r17
    2a1a:	cf 93       	push	r28
    2a1c:	df 93       	push	r29
    2a1e:	cd b7       	in	r28, 0x3d	; 61
    2a20:	de b7       	in	r29, 0x3e	; 62
    2a22:	61 97       	sbiw	r28, 0x11	; 17
    2a24:	cd bf       	out	0x3d, r28	; 61
    2a26:	de bf       	out	0x3e, r29	; 62
    2a28:	8c 01       	movw	r16, r24
    2a2a:	cb 01       	movw	r24, r22
    2a2c:	f8 01       	movw	r30, r16
    2a2e:	22 81       	ldd	r18, Z+2	; 0x02
    2a30:	2a 30       	cpi	r18, 0x0A	; 10
    2a32:	21 f0       	breq	.+8      	; 0x2a3c <_ZN8emstreamlsEi+0x26>
    2a34:	c8 01       	movw	r24, r16
    2a36:	0e 94 d7 14 	call	0x29ae	; 0x29ae <_ZN8emstreamlsEj>
    2a3a:	0c c0       	rjmp	.+24     	; 0x2a54 <_ZN8emstreamlsEi+0x3e>
    2a3c:	4a e0       	ldi	r20, 0x0A	; 10
    2a3e:	be 01       	movw	r22, r28
    2a40:	6f 5f       	subi	r22, 0xFF	; 255
    2a42:	7f 4f       	sbci	r23, 0xFF	; 255
    2a44:	0e 94 ee 23 	call	0x47dc	; 0x47dc <__itoa_ncheck>
    2a48:	be 01       	movw	r22, r28
    2a4a:	6f 5f       	subi	r22, 0xFF	; 255
    2a4c:	7f 4f       	sbci	r23, 0xFF	; 255
    2a4e:	c8 01       	movw	r24, r16
    2a50:	0e 94 5e 14 	call	0x28bc	; 0x28bc <_ZN8emstream4putsEPKc>
    2a54:	c8 01       	movw	r24, r16
    2a56:	61 96       	adiw	r28, 0x11	; 17
    2a58:	cd bf       	out	0x3d, r28	; 61
    2a5a:	de bf       	out	0x3e, r29	; 62
    2a5c:	df 91       	pop	r29
    2a5e:	cf 91       	pop	r28
    2a60:	1f 91       	pop	r17
    2a62:	0f 91       	pop	r16
    2a64:	08 95       	ret

00002a66 <_ZN8frt_task12print_statusER8emstream>:
    2a66:	8f 92       	push	r8
    2a68:	9f 92       	push	r9
    2a6a:	af 92       	push	r10
    2a6c:	bf 92       	push	r11
    2a6e:	cf 92       	push	r12
    2a70:	df 92       	push	r13
    2a72:	ef 92       	push	r14
    2a74:	ff 92       	push	r15
    2a76:	0f 93       	push	r16
    2a78:	1f 93       	push	r17
    2a7a:	cf 93       	push	r28
    2a7c:	df 93       	push	r29
    2a7e:	ec 01       	movw	r28, r24
    2a80:	8b 01       	movw	r16, r22
    2a82:	8a 81       	ldd	r24, Y+2	; 0x02
    2a84:	9b 81       	ldd	r25, Y+3	; 0x03
    2a86:	0e 94 74 1f 	call	0x3ee8	; 0x3ee8 <pcTaskGetTaskName>
    2a8a:	bc 01       	movw	r22, r24
    2a8c:	c8 01       	movw	r24, r16
    2a8e:	0e 94 5e 14 	call	0x28bc	; 0x28bc <_ZN8emstream4putsEPKc>
    2a92:	d8 01       	movw	r26, r16
    2a94:	ed 91       	ld	r30, X+
    2a96:	fc 91       	ld	r31, X
    2a98:	02 80       	ldd	r0, Z+2	; 0x02
    2a9a:	f3 81       	ldd	r31, Z+3	; 0x03
    2a9c:	e0 2d       	mov	r30, r0
    2a9e:	69 e0       	ldi	r22, 0x09	; 9
    2aa0:	c8 01       	movw	r24, r16
    2aa2:	19 95       	eicall
    2aa4:	8a 81       	ldd	r24, Y+2	; 0x02
    2aa6:	9b 81       	ldd	r25, Y+3	; 0x03
    2aa8:	0e 94 74 1f 	call	0x3ee8	; 0x3ee8 <pcTaskGetTaskName>
    2aac:	fc 01       	movw	r30, r24
    2aae:	01 90       	ld	r0, Z+
    2ab0:	00 20       	and	r0, r0
    2ab2:	e9 f7       	brne	.-6      	; 0x2aae <_ZN8frt_task12print_statusER8emstream+0x48>
    2ab4:	31 97       	sbiw	r30, 0x01	; 1
    2ab6:	e8 1b       	sub	r30, r24
    2ab8:	f9 0b       	sbc	r31, r25
    2aba:	38 97       	sbiw	r30, 0x08	; 8
    2abc:	48 f4       	brcc	.+18     	; 0x2ad0 <_ZN8frt_task12print_statusER8emstream+0x6a>
    2abe:	d8 01       	movw	r26, r16
    2ac0:	ed 91       	ld	r30, X+
    2ac2:	fc 91       	ld	r31, X
    2ac4:	02 80       	ldd	r0, Z+2	; 0x02
    2ac6:	f3 81       	ldd	r31, Z+3	; 0x03
    2ac8:	e0 2d       	mov	r30, r0
    2aca:	69 e0       	ldi	r22, 0x09	; 9
    2acc:	c8 01       	movw	r24, r16
    2ace:	19 95       	eicall
    2ad0:	ce 84       	ldd	r12, Y+14	; 0x0e
    2ad2:	df 84       	ldd	r13, Y+15	; 0x0f
    2ad4:	e8 88       	ldd	r14, Y+16	; 0x10
    2ad6:	f9 88       	ldd	r15, Y+17	; 0x11
    2ad8:	a8 84       	ldd	r10, Y+8	; 0x08
    2ada:	b9 84       	ldd	r11, Y+9	; 0x09
    2adc:	8a 81       	ldd	r24, Y+2	; 0x02
    2ade:	9b 81       	ldd	r25, Y+3	; 0x03
    2ae0:	0e 94 e7 22 	call	0x45ce	; 0x45ce <uxTaskGetStackHighWaterMark>
    2ae4:	98 2e       	mov	r9, r24
    2ae6:	8c 84       	ldd	r8, Y+12	; 0x0c
    2ae8:	8a 81       	ldd	r24, Y+2	; 0x02
    2aea:	9b 81       	ldd	r25, Y+3	; 0x03
    2aec:	0e 94 1f 1f 	call	0x3e3e	; 0x3e3e <uxTaskPriorityGet>
    2af0:	68 2f       	mov	r22, r24
    2af2:	c8 01       	movw	r24, r16
    2af4:	0e 94 37 13 	call	0x266e	; 0x266e <_ZN8emstreamlsEh>
    2af8:	6a e0       	ldi	r22, 0x0A	; 10
    2afa:	0e 94 17 14 	call	0x282e	; 0x282e <_ZN8emstreamlsE15ser_manipulator>
    2afe:	ec 01       	movw	r28, r24
    2b00:	68 e3       	ldi	r22, 0x38	; 56
    2b02:	77 e0       	ldi	r23, 0x07	; 7
    2b04:	0e 94 5e 14 	call	0x28bc	; 0x28bc <_ZN8emstream4putsEPKc>
    2b08:	68 2d       	mov	r22, r8
    2b0a:	ce 01       	movw	r24, r28
    2b0c:	0e 94 37 13 	call	0x266e	; 0x266e <_ZN8emstreamlsEh>
    2b10:	6a e0       	ldi	r22, 0x0A	; 10
    2b12:	0e 94 17 14 	call	0x282e	; 0x282e <_ZN8emstreamlsE15ser_manipulator>
    2b16:	ec 01       	movw	r28, r24
    2b18:	66 e3       	ldi	r22, 0x36	; 54
    2b1a:	77 e0       	ldi	r23, 0x07	; 7
    2b1c:	0e 94 5e 14 	call	0x28bc	; 0x28bc <_ZN8emstream4putsEPKc>
    2b20:	69 2d       	mov	r22, r9
    2b22:	ce 01       	movw	r24, r28
    2b24:	0e 94 37 13 	call	0x266e	; 0x266e <_ZN8emstreamlsEh>
    2b28:	6a e0       	ldi	r22, 0x0A	; 10
    2b2a:	0e 94 17 14 	call	0x282e	; 0x282e <_ZN8emstreamlsE15ser_manipulator>
    2b2e:	ec 01       	movw	r28, r24
    2b30:	64 e3       	ldi	r22, 0x34	; 52
    2b32:	77 e0       	ldi	r23, 0x07	; 7
    2b34:	0e 94 5e 14 	call	0x28bc	; 0x28bc <_ZN8emstream4putsEPKc>
    2b38:	b5 01       	movw	r22, r10
    2b3a:	ce 01       	movw	r24, r28
    2b3c:	0e 94 d7 14 	call	0x29ae	; 0x29ae <_ZN8emstreamlsEj>
    2b40:	6a e0       	ldi	r22, 0x0A	; 10
    2b42:	0e 94 17 14 	call	0x282e	; 0x282e <_ZN8emstreamlsE15ser_manipulator>
    2b46:	ec 01       	movw	r28, r24
    2b48:	62 e3       	ldi	r22, 0x32	; 50
    2b4a:	77 e0       	ldi	r23, 0x07	; 7
    2b4c:	0e 94 5e 14 	call	0x28bc	; 0x28bc <_ZN8emstream4putsEPKc>
    2b50:	6a e0       	ldi	r22, 0x0A	; 10
    2b52:	ce 01       	movw	r24, r28
    2b54:	0e 94 17 14 	call	0x282e	; 0x282e <_ZN8emstreamlsE15ser_manipulator>
    2b58:	ec 01       	movw	r28, r24
    2b5a:	60 e3       	ldi	r22, 0x30	; 48
    2b5c:	77 e0       	ldi	r23, 0x07	; 7
    2b5e:	0e 94 5e 14 	call	0x28bc	; 0x28bc <_ZN8emstream4putsEPKc>
    2b62:	b7 01       	movw	r22, r14
    2b64:	a6 01       	movw	r20, r12
    2b66:	ce 01       	movw	r24, r28
    2b68:	0e 94 95 14 	call	0x292a	; 0x292a <_ZN8emstreamlsEm>
    2b6c:	df 91       	pop	r29
    2b6e:	cf 91       	pop	r28
    2b70:	1f 91       	pop	r17
    2b72:	0f 91       	pop	r16
    2b74:	ff 90       	pop	r15
    2b76:	ef 90       	pop	r14
    2b78:	df 90       	pop	r13
    2b7a:	cf 90       	pop	r12
    2b7c:	bf 90       	pop	r11
    2b7e:	af 90       	pop	r10
    2b80:	9f 90       	pop	r9
    2b82:	8f 90       	pop	r8
    2b84:	08 95       	ret

00002b86 <_Z15hex_dump_memoryPhS_P8emstreambh>:
    2b86:	5f 92       	push	r5
    2b88:	6f 92       	push	r6
    2b8a:	7f 92       	push	r7
    2b8c:	8f 92       	push	r8
    2b8e:	9f 92       	push	r9
    2b90:	af 92       	push	r10
    2b92:	bf 92       	push	r11
    2b94:	cf 92       	push	r12
    2b96:	df 92       	push	r13
    2b98:	ef 92       	push	r14
    2b9a:	ff 92       	push	r15
    2b9c:	0f 93       	push	r16
    2b9e:	1f 93       	push	r17
    2ba0:	cf 93       	push	r28
    2ba2:	df 93       	push	r29
    2ba4:	5c 01       	movw	r10, r24
    2ba6:	3b 01       	movw	r6, r22
    2ba8:	4a 01       	movw	r8, r20
    2baa:	12 2f       	mov	r17, r18
    2bac:	50 2e       	mov	r5, r16
    2bae:	63 e0       	ldi	r22, 0x03	; 3
    2bb0:	ca 01       	movw	r24, r20
    2bb2:	0e 94 17 14 	call	0x282e	; 0x282e <_ZN8emstreamlsE15ser_manipulator>
    2bb6:	a6 14       	cp	r10, r6
    2bb8:	b7 04       	cpc	r11, r7
    2bba:	08 f0       	brcs	.+2      	; 0x2bbe <_Z15hex_dump_memoryPhS_P8emstreambh+0x38>
    2bbc:	7c c0       	rjmp	.+248    	; 0x2cb6 <_Z15hex_dump_memoryPhS_P8emstreambh+0x130>
    2bbe:	65 01       	movw	r12, r10
    2bc0:	84 e1       	ldi	r24, 0x14	; 20
    2bc2:	c8 0e       	add	r12, r24
    2bc4:	d1 1c       	adc	r13, r1
    2bc6:	00 e0       	ldi	r16, 0x00	; 0
    2bc8:	75 01       	movw	r14, r10
    2bca:	b5 01       	movw	r22, r10
    2bcc:	c4 01       	movw	r24, r8
    2bce:	0e 94 d7 14 	call	0x29ae	; 0x29ae <_ZN8emstreamlsEj>
    2bd2:	6a e0       	ldi	r22, 0x0A	; 10
    2bd4:	0e 94 17 14 	call	0x282e	; 0x282e <_ZN8emstreamlsE15ser_manipulator>
    2bd8:	6a e4       	ldi	r22, 0x4A	; 74
    2bda:	77 e0       	ldi	r23, 0x07	; 7
    2bdc:	0e 94 5e 14 	call	0x28bc	; 0x28bc <_ZN8emstream4putsEPKc>
    2be0:	11 23       	and	r17, r17
    2be2:	09 f4       	brne	.+2      	; 0x2be6 <_Z15hex_dump_memoryPhS_P8emstreambh+0x60>
    2be4:	6d c0       	rjmp	.+218    	; 0x2cc0 <_Z15hex_dump_memoryPhS_P8emstreambh+0x13a>
    2be6:	00 23       	and	r16, r16
    2be8:	09 f4       	brne	.+2      	; 0x2bec <_Z15hex_dump_memoryPhS_P8emstreambh+0x66>
    2bea:	6a c0       	rjmp	.+212    	; 0x2cc0 <_Z15hex_dump_memoryPhS_P8emstreambh+0x13a>
    2bec:	6a e0       	ldi	r22, 0x0A	; 10
    2bee:	c4 01       	movw	r24, r8
    2bf0:	0e 94 17 14 	call	0x282e	; 0x282e <_ZN8emstreamlsE15ser_manipulator>
    2bf4:	65 e4       	ldi	r22, 0x45	; 69
    2bf6:	77 e0       	ldi	r23, 0x07	; 7
    2bf8:	0e 94 5e 14 	call	0x28bc	; 0x28bc <_ZN8emstream4putsEPKc>
    2bfc:	61 c0       	rjmp	.+194    	; 0x2cc0 <_Z15hex_dump_memoryPhS_P8emstreambh+0x13a>
    2bfe:	11 23       	and	r17, r17
    2c00:	71 f0       	breq	.+28     	; 0x2c1e <_Z15hex_dump_memoryPhS_P8emstreambh+0x98>
    2c02:	01 11       	cpse	r16, r1
    2c04:	0c c0       	rjmp	.+24     	; 0x2c1e <_Z15hex_dump_memoryPhS_P8emstreambh+0x98>
    2c06:	88 81       	ld	r24, Y
    2c08:	85 15       	cp	r24, r5
    2c0a:	49 f0       	breq	.+18     	; 0x2c1e <_Z15hex_dump_memoryPhS_P8emstreambh+0x98>
    2c0c:	6a e0       	ldi	r22, 0x0A	; 10
    2c0e:	c4 01       	movw	r24, r8
    2c10:	0e 94 17 14 	call	0x282e	; 0x282e <_ZN8emstreamlsE15ser_manipulator>
    2c14:	60 e4       	ldi	r22, 0x40	; 64
    2c16:	77 e0       	ldi	r23, 0x07	; 7
    2c18:	0e 94 5e 14 	call	0x28bc	; 0x28bc <_ZN8emstream4putsEPKc>
    2c1c:	01 e0       	ldi	r16, 0x01	; 1
    2c1e:	69 91       	ld	r22, Y+
    2c20:	c4 01       	movw	r24, r8
    2c22:	0e 94 37 13 	call	0x266e	; 0x266e <_ZN8emstreamlsEh>
    2c26:	dc 01       	movw	r26, r24
    2c28:	ed 91       	ld	r30, X+
    2c2a:	fc 91       	ld	r31, X
    2c2c:	02 80       	ldd	r0, Z+2	; 0x02
    2c2e:	f3 81       	ldd	r31, Z+3	; 0x03
    2c30:	e0 2d       	mov	r30, r0
    2c32:	60 e2       	ldi	r22, 0x20	; 32
    2c34:	19 95       	eicall
    2c36:	cc 16       	cp	r12, r28
    2c38:	dd 06       	cpc	r13, r29
    2c3a:	09 f7       	brne	.-62     	; 0x2bfe <_Z15hex_dump_memoryPhS_P8emstreambh+0x78>
    2c3c:	11 23       	and	r17, r17
    2c3e:	89 f0       	breq	.+34     	; 0x2c62 <_Z15hex_dump_memoryPhS_P8emstreambh+0xdc>
    2c40:	6a e0       	ldi	r22, 0x0A	; 10
    2c42:	c4 01       	movw	r24, r8
    2c44:	0e 94 17 14 	call	0x282e	; 0x282e <_ZN8emstreamlsE15ser_manipulator>
    2c48:	ec 01       	movw	r28, r24
    2c4a:	6a e3       	ldi	r22, 0x3A	; 58
    2c4c:	77 e0       	ldi	r23, 0x07	; 7
    2c4e:	0e 94 5e 14 	call	0x28bc	; 0x28bc <_ZN8emstream4putsEPKc>
    2c52:	e8 81       	ld	r30, Y
    2c54:	f9 81       	ldd	r31, Y+1	; 0x01
    2c56:	02 80       	ldd	r0, Z+2	; 0x02
    2c58:	f3 81       	ldd	r31, Z+3	; 0x03
    2c5a:	e0 2d       	mov	r30, r0
    2c5c:	60 e2       	ldi	r22, 0x20	; 32
    2c5e:	ce 01       	movw	r24, r28
    2c60:	19 95       	eicall
    2c62:	f7 01       	movw	r30, r14
    2c64:	61 91       	ld	r22, Z+
    2c66:	7f 01       	movw	r14, r30
    2c68:	80 ee       	ldi	r24, 0xE0	; 224
    2c6a:	86 0f       	add	r24, r22
    2c6c:	8f 35       	cpi	r24, 0x5F	; 95
    2c6e:	48 f4       	brcc	.+18     	; 0x2c82 <_Z15hex_dump_memoryPhS_P8emstreambh+0xfc>
    2c70:	d4 01       	movw	r26, r8
    2c72:	ed 91       	ld	r30, X+
    2c74:	fc 91       	ld	r31, X
    2c76:	02 80       	ldd	r0, Z+2	; 0x02
    2c78:	f3 81       	ldd	r31, Z+3	; 0x03
    2c7a:	e0 2d       	mov	r30, r0
    2c7c:	c4 01       	movw	r24, r8
    2c7e:	19 95       	eicall
    2c80:	09 c0       	rjmp	.+18     	; 0x2c94 <_Z15hex_dump_memoryPhS_P8emstreambh+0x10e>
    2c82:	d4 01       	movw	r26, r8
    2c84:	ed 91       	ld	r30, X+
    2c86:	fc 91       	ld	r31, X
    2c88:	02 80       	ldd	r0, Z+2	; 0x02
    2c8a:	f3 81       	ldd	r31, Z+3	; 0x03
    2c8c:	e0 2d       	mov	r30, r0
    2c8e:	6e e2       	ldi	r22, 0x2E	; 46
    2c90:	c4 01       	movw	r24, r8
    2c92:	19 95       	eicall
    2c94:	ce 14       	cp	r12, r14
    2c96:	df 04       	cpc	r13, r15
    2c98:	21 f7       	brne	.-56     	; 0x2c62 <_Z15hex_dump_memoryPhS_P8emstreambh+0xdc>
    2c9a:	b4 e1       	ldi	r27, 0x14	; 20
    2c9c:	ab 0e       	add	r10, r27
    2c9e:	b1 1c       	adc	r11, r1
    2ca0:	66 e0       	ldi	r22, 0x06	; 6
    2ca2:	c4 01       	movw	r24, r8
    2ca4:	0e 94 17 14 	call	0x282e	; 0x282e <_ZN8emstreamlsE15ser_manipulator>
    2ca8:	e4 e1       	ldi	r30, 0x14	; 20
    2caa:	ce 0e       	add	r12, r30
    2cac:	d1 1c       	adc	r13, r1
    2cae:	a6 14       	cp	r10, r6
    2cb0:	b7 04       	cpc	r11, r7
    2cb2:	08 f4       	brcc	.+2      	; 0x2cb6 <_Z15hex_dump_memoryPhS_P8emstreambh+0x130>
    2cb4:	89 cf       	rjmp	.-238    	; 0x2bc8 <_Z15hex_dump_memoryPhS_P8emstreambh+0x42>
    2cb6:	62 e0       	ldi	r22, 0x02	; 2
    2cb8:	c4 01       	movw	r24, r8
    2cba:	0e 94 17 14 	call	0x282e	; 0x282e <_ZN8emstreamlsE15ser_manipulator>
    2cbe:	02 c0       	rjmp	.+4      	; 0x2cc4 <_Z15hex_dump_memoryPhS_P8emstreambh+0x13e>
    2cc0:	e7 01       	movw	r28, r14
    2cc2:	9d cf       	rjmp	.-198    	; 0x2bfe <_Z15hex_dump_memoryPhS_P8emstreambh+0x78>
    2cc4:	df 91       	pop	r29
    2cc6:	cf 91       	pop	r28
    2cc8:	1f 91       	pop	r17
    2cca:	0f 91       	pop	r16
    2ccc:	ff 90       	pop	r15
    2cce:	ef 90       	pop	r14
    2cd0:	df 90       	pop	r13
    2cd2:	cf 90       	pop	r12
    2cd4:	bf 90       	pop	r11
    2cd6:	af 90       	pop	r10
    2cd8:	9f 90       	pop	r9
    2cda:	8f 90       	pop	r8
    2cdc:	7f 90       	pop	r7
    2cde:	6f 90       	pop	r6
    2ce0:	5f 90       	pop	r5
    2ce2:	08 95       	ret

00002ce4 <_ZN10time_stamp10set_to_nowEv>:
    2ce4:	cf 93       	push	r28
    2ce6:	df 93       	push	r29
    2ce8:	ec 01       	movw	r28, r24
    2cea:	0f b6       	in	r0, 0x3f	; 63
    2cec:	f8 94       	cli
    2cee:	0f 92       	push	r0
    2cf0:	80 91 20 08 	lds	r24, 0x0820	; 0x800820 <__TEXT_REGION_LENGTH__+0x700820>
    2cf4:	90 91 21 08 	lds	r25, 0x0821	; 0x800821 <__TEXT_REGION_LENGTH__+0x700821>
    2cf8:	8c 83       	std	Y+4, r24	; 0x04
    2cfa:	9d 83       	std	Y+5, r25	; 0x05
    2cfc:	0e 94 66 1f 	call	0x3ecc	; 0x3ecc <xTaskGetTickCount>
    2d00:	68 83       	st	Y, r22
    2d02:	79 83       	std	Y+1, r23	; 0x01
    2d04:	8a 83       	std	Y+2, r24	; 0x02
    2d06:	9b 83       	std	Y+3, r25	; 0x03
    2d08:	0f 90       	pop	r0
    2d0a:	0f be       	out	0x3f, r0	; 63
    2d0c:	ce 01       	movw	r24, r28
    2d0e:	df 91       	pop	r29
    2d10:	cf 91       	pop	r28
    2d12:	08 95       	ret

00002d14 <_ZlsR8emstreamR10time_stamp>:
    2d14:	8f 92       	push	r8
    2d16:	9f 92       	push	r9
    2d18:	af 92       	push	r10
    2d1a:	bf 92       	push	r11
    2d1c:	ef 92       	push	r14
    2d1e:	ff 92       	push	r15
    2d20:	0f 93       	push	r16
    2d22:	1f 93       	push	r17
    2d24:	cf 93       	push	r28
    2d26:	df 93       	push	r29
    2d28:	cd b7       	in	r28, 0x3d	; 61
    2d2a:	de b7       	in	r29, 0x3e	; 62
    2d2c:	2f 97       	sbiw	r28, 0x0f	; 15
    2d2e:	cd bf       	out	0x3d, r28	; 61
    2d30:	de bf       	out	0x3e, r29	; 62
    2d32:	8c 01       	movw	r16, r24
    2d34:	7b 01       	movw	r14, r22
    2d36:	db 01       	movw	r26, r22
    2d38:	6d 91       	ld	r22, X+
    2d3a:	7d 91       	ld	r23, X+
    2d3c:	8d 91       	ld	r24, X+
    2d3e:	9c 91       	ld	r25, X
    2d40:	0f 2e       	mov	r0, r31
    2d42:	f8 ee       	ldi	r31, 0xE8	; 232
    2d44:	8f 2e       	mov	r8, r31
    2d46:	f3 e0       	ldi	r31, 0x03	; 3
    2d48:	9f 2e       	mov	r9, r31
    2d4a:	a1 2c       	mov	r10, r1
    2d4c:	b1 2c       	mov	r11, r1
    2d4e:	f0 2d       	mov	r31, r0
    2d50:	a5 01       	movw	r20, r10
    2d52:	94 01       	movw	r18, r8
    2d54:	0e 94 ad 23 	call	0x475a	; 0x475a <__udivmodsi4>
    2d58:	ba 01       	movw	r22, r20
    2d5a:	a9 01       	movw	r20, r18
    2d5c:	c8 01       	movw	r24, r16
    2d5e:	0e 94 95 14 	call	0x292a	; 0x292a <_ZN8emstreamlsEm>
    2d62:	d8 01       	movw	r26, r16
    2d64:	ed 91       	ld	r30, X+
    2d66:	fc 91       	ld	r31, X
    2d68:	02 80       	ldd	r0, Z+2	; 0x02
    2d6a:	f3 81       	ldd	r31, Z+3	; 0x03
    2d6c:	e0 2d       	mov	r30, r0
    2d6e:	6e e2       	ldi	r22, 0x2E	; 46
    2d70:	c8 01       	movw	r24, r16
    2d72:	19 95       	eicall
    2d74:	f7 01       	movw	r30, r14
    2d76:	60 81       	ld	r22, Z
    2d78:	71 81       	ldd	r23, Z+1	; 0x01
    2d7a:	82 81       	ldd	r24, Z+2	; 0x02
    2d7c:	93 81       	ldd	r25, Z+3	; 0x03
    2d7e:	a5 01       	movw	r20, r10
    2d80:	94 01       	movw	r18, r8
    2d82:	0e 94 ad 23 	call	0x475a	; 0x475a <__udivmodsi4>
    2d86:	9b 01       	movw	r18, r22
    2d88:	ac 01       	movw	r20, r24
    2d8a:	60 e4       	ldi	r22, 0x40	; 64
    2d8c:	72 e4       	ldi	r23, 0x42	; 66
    2d8e:	8f e0       	ldi	r24, 0x0F	; 15
    2d90:	90 e0       	ldi	r25, 0x00	; 0
    2d92:	0e 94 99 26 	call	0x4d32	; 0x4d32 <__mulsi3>
    2d96:	a5 01       	movw	r20, r10
    2d98:	94 01       	movw	r18, r8
    2d9a:	0e 94 ad 23 	call	0x475a	; 0x475a <__udivmodsi4>
    2d9e:	49 01       	movw	r8, r18
    2da0:	5a 01       	movw	r10, r20
    2da2:	f7 01       	movw	r30, r14
    2da4:	a4 81       	ldd	r26, Z+4	; 0x04
    2da6:	b5 81       	ldd	r27, Z+5	; 0x05
    2da8:	20 e4       	ldi	r18, 0x40	; 64
    2daa:	32 e4       	ldi	r19, 0x42	; 66
    2dac:	4f e0       	ldi	r20, 0x0F	; 15
    2dae:	50 e0       	ldi	r21, 0x00	; 0
    2db0:	0e 94 c1 26 	call	0x4d82	; 0x4d82 <__muluhisi3>
    2db4:	20 e0       	ldi	r18, 0x00	; 0
    2db6:	38 e4       	ldi	r19, 0x48	; 72
    2db8:	48 ee       	ldi	r20, 0xE8	; 232
    2dba:	51 e0       	ldi	r21, 0x01	; 1
    2dbc:	0e 94 ad 23 	call	0x475a	; 0x475a <__udivmodsi4>
    2dc0:	c5 01       	movw	r24, r10
    2dc2:	b4 01       	movw	r22, r8
    2dc4:	62 0f       	add	r22, r18
    2dc6:	73 1f       	adc	r23, r19
    2dc8:	84 1f       	adc	r24, r20
    2dca:	95 1f       	adc	r25, r21
    2dcc:	7e 01       	movw	r14, r28
    2dce:	f7 e0       	ldi	r31, 0x07	; 7
    2dd0:	ef 0e       	add	r14, r31
    2dd2:	f1 1c       	adc	r15, r1
    2dd4:	9e 01       	movw	r18, r28
    2dd6:	2f 5f       	subi	r18, 0xFF	; 255
    2dd8:	3f 4f       	sbci	r19, 0xFF	; 255
    2dda:	59 01       	movw	r10, r18
    2ddc:	2a e0       	ldi	r18, 0x0A	; 10
    2dde:	30 e0       	ldi	r19, 0x00	; 0
    2de0:	40 e0       	ldi	r20, 0x00	; 0
    2de2:	50 e0       	ldi	r21, 0x00	; 0
    2de4:	0e 94 8e 23 	call	0x471c	; 0x471c <__divmodsi4>
    2de8:	e6 2f       	mov	r30, r22
    2dea:	28 87       	std	Y+8, r18	; 0x08
    2dec:	39 87       	std	Y+9, r19	; 0x09
    2dee:	4a 87       	std	Y+10, r20	; 0x0a
    2df0:	5b 87       	std	Y+11, r21	; 0x0b
    2df2:	68 85       	ldd	r22, Y+8	; 0x08
    2df4:	79 85       	ldd	r23, Y+9	; 0x09
    2df6:	8a 85       	ldd	r24, Y+10	; 0x0a
    2df8:	9b 85       	ldd	r25, Y+11	; 0x0b
    2dfa:	20 e3       	ldi	r18, 0x30	; 48
    2dfc:	2e 0f       	add	r18, r30
    2dfe:	d7 01       	movw	r26, r14
    2e00:	2e 93       	st	-X, r18
    2e02:	7d 01       	movw	r14, r26
    2e04:	aa 15       	cp	r26, r10
    2e06:	bb 05       	cpc	r27, r11
    2e08:	49 f7       	brne	.-46     	; 0x2ddc <_ZlsR8emstreamR10time_stamp+0xc8>
    2e0a:	1f 82       	std	Y+7, r1	; 0x07
    2e0c:	be 01       	movw	r22, r28
    2e0e:	6f 5f       	subi	r22, 0xFF	; 255
    2e10:	7f 4f       	sbci	r23, 0xFF	; 255
    2e12:	c8 01       	movw	r24, r16
    2e14:	0e 94 5e 14 	call	0x28bc	; 0x28bc <_ZN8emstream4putsEPKc>
    2e18:	c8 01       	movw	r24, r16
    2e1a:	2f 96       	adiw	r28, 0x0f	; 15
    2e1c:	cd bf       	out	0x3d, r28	; 61
    2e1e:	de bf       	out	0x3e, r29	; 62
    2e20:	df 91       	pop	r29
    2e22:	cf 91       	pop	r28
    2e24:	1f 91       	pop	r17
    2e26:	0f 91       	pop	r16
    2e28:	ff 90       	pop	r15
    2e2a:	ef 90       	pop	r14
    2e2c:	bf 90       	pop	r11
    2e2e:	af 90       	pop	r10
    2e30:	9f 90       	pop	r9
    2e32:	8f 90       	pop	r8
    2e34:	08 95       	ret

00002e36 <_ZN8frt_task20print_status_in_listEP8emstream>:
    2e36:	0f 93       	push	r16
    2e38:	1f 93       	push	r17
    2e3a:	cf 93       	push	r28
    2e3c:	df 93       	push	r29
    2e3e:	ec 01       	movw	r28, r24
    2e40:	8b 01       	movw	r16, r22
    2e42:	e8 81       	ld	r30, Y
    2e44:	f9 81       	ldd	r31, Y+1	; 0x01
    2e46:	02 80       	ldd	r0, Z+2	; 0x02
    2e48:	f3 81       	ldd	r31, Z+3	; 0x03
    2e4a:	e0 2d       	mov	r30, r0
    2e4c:	19 95       	eicall
    2e4e:	66 e0       	ldi	r22, 0x06	; 6
    2e50:	c8 01       	movw	r24, r16
    2e52:	0e 94 17 14 	call	0x282e	; 0x282e <_ZN8emstreamlsE15ser_manipulator>
    2e56:	8c 81       	ldd	r24, Y+4	; 0x04
    2e58:	9d 81       	ldd	r25, Y+5	; 0x05
    2e5a:	00 97       	sbiw	r24, 0x00	; 0
    2e5c:	19 f0       	breq	.+6      	; 0x2e64 <_ZN8frt_task20print_status_in_listEP8emstream+0x2e>
    2e5e:	b8 01       	movw	r22, r16
    2e60:	0e 94 1b 17 	call	0x2e36	; 0x2e36 <_ZN8frt_task20print_status_in_listEP8emstream>
    2e64:	df 91       	pop	r29
    2e66:	cf 91       	pop	r28
    2e68:	1f 91       	pop	r17
    2e6a:	0f 91       	pop	r16
    2e6c:	08 95       	ret

00002e6e <_ZN8frt_task19print_stack_in_listEP8emstream>:
    2e6e:	cf 92       	push	r12
    2e70:	df 92       	push	r13
    2e72:	ef 92       	push	r14
    2e74:	ff 92       	push	r15
    2e76:	0f 93       	push	r16
    2e78:	1f 93       	push	r17
    2e7a:	cf 93       	push	r28
    2e7c:	df 93       	push	r29
    2e7e:	ec 01       	movw	r28, r24
    2e80:	7b 01       	movw	r14, r22
    2e82:	8a 81       	ldd	r24, Y+2	; 0x02
    2e84:	9b 81       	ldd	r25, Y+3	; 0x03
    2e86:	0e 94 74 1f 	call	0x3ee8	; 0x3ee8 <pcTaskGetTaskName>
    2e8a:	6c 01       	movw	r12, r24
    2e8c:	6a e0       	ldi	r22, 0x0A	; 10
    2e8e:	c7 01       	movw	r24, r14
    2e90:	0e 94 17 14 	call	0x282e	; 0x282e <_ZN8emstreamlsE15ser_manipulator>
    2e94:	8c 01       	movw	r16, r24
    2e96:	6b e2       	ldi	r22, 0x2B	; 43
    2e98:	77 e0       	ldi	r23, 0x07	; 7
    2e9a:	0e 94 5e 14 	call	0x28bc	; 0x28bc <_ZN8emstream4putsEPKc>
    2e9e:	6a e0       	ldi	r22, 0x0A	; 10
    2ea0:	c8 01       	movw	r24, r16
    2ea2:	0e 94 17 14 	call	0x282e	; 0x282e <_ZN8emstreamlsE15ser_manipulator>
    2ea6:	8c 01       	movw	r16, r24
    2ea8:	64 e2       	ldi	r22, 0x24	; 36
    2eaa:	77 e0       	ldi	r23, 0x07	; 7
    2eac:	0e 94 5e 14 	call	0x28bc	; 0x28bc <_ZN8emstream4putsEPKc>
    2eb0:	b6 01       	movw	r22, r12
    2eb2:	c8 01       	movw	r24, r16
    2eb4:	0e 94 5e 14 	call	0x28bc	; 0x28bc <_ZN8emstream4putsEPKc>
    2eb8:	6a e0       	ldi	r22, 0x0A	; 10
    2eba:	c8 01       	movw	r24, r16
    2ebc:	0e 94 17 14 	call	0x282e	; 0x282e <_ZN8emstreamlsE15ser_manipulator>
    2ec0:	8c 01       	movw	r16, r24
    2ec2:	6e e1       	ldi	r22, 0x1E	; 30
    2ec4:	77 e0       	ldi	r23, 0x07	; 7
    2ec6:	0e 94 5e 14 	call	0x28bc	; 0x28bc <_ZN8emstream4putsEPKc>
    2eca:	66 e0       	ldi	r22, 0x06	; 6
    2ecc:	c8 01       	movw	r24, r16
    2ece:	0e 94 17 14 	call	0x282e	; 0x282e <_ZN8emstreamlsE15ser_manipulator>
    2ed2:	8a 85       	ldd	r24, Y+10	; 0x0a
    2ed4:	9b 85       	ldd	r25, Y+11	; 0x0b
    2ed6:	e8 85       	ldd	r30, Y+8	; 0x08
    2ed8:	f9 85       	ldd	r31, Y+9	; 0x09
    2eda:	01 e1       	ldi	r16, 0x11	; 17
    2edc:	21 e0       	ldi	r18, 0x01	; 1
    2ede:	a7 01       	movw	r20, r14
    2ee0:	bc 01       	movw	r22, r24
    2ee2:	8e 1b       	sub	r24, r30
    2ee4:	9f 0b       	sbc	r25, r31
    2ee6:	0e 94 c3 15 	call	0x2b86	; 0x2b86 <_Z15hex_dump_memoryPhS_P8emstreambh>
    2eea:	8c 81       	ldd	r24, Y+4	; 0x04
    2eec:	9d 81       	ldd	r25, Y+5	; 0x05
    2eee:	00 97       	sbiw	r24, 0x00	; 0
    2ef0:	19 f0       	breq	.+6      	; 0x2ef8 <_ZN8frt_task19print_stack_in_listEP8emstream+0x8a>
    2ef2:	b7 01       	movw	r22, r14
    2ef4:	0e 94 37 17 	call	0x2e6e	; 0x2e6e <_ZN8frt_task19print_stack_in_listEP8emstream>
    2ef8:	df 91       	pop	r29
    2efa:	cf 91       	pop	r28
    2efc:	1f 91       	pop	r17
    2efe:	0f 91       	pop	r16
    2f00:	ff 90       	pop	r15
    2f02:	ef 90       	pop	r14
    2f04:	df 90       	pop	r13
    2f06:	cf 90       	pop	r12
    2f08:	08 95       	ret

00002f0a <_ZN8frt_taskC2EPKchjP8emstream>:
    2f0a:	4f 92       	push	r4
    2f0c:	5f 92       	push	r5
    2f0e:	6f 92       	push	r6
    2f10:	7f 92       	push	r7
    2f12:	8f 92       	push	r8
    2f14:	9f 92       	push	r9
    2f16:	af 92       	push	r10
    2f18:	bf 92       	push	r11
    2f1a:	cf 92       	push	r12
    2f1c:	df 92       	push	r13
    2f1e:	ef 92       	push	r14
    2f20:	ff 92       	push	r15
    2f22:	0f 93       	push	r16
    2f24:	1f 93       	push	r17
    2f26:	cf 93       	push	r28
    2f28:	df 93       	push	r29
    2f2a:	cd b7       	in	r28, 0x3d	; 61
    2f2c:	de b7       	in	r29, 0x3e	; 62
    2f2e:	2a 97       	sbiw	r28, 0x0a	; 10
    2f30:	cd bf       	out	0x3d, r28	; 61
    2f32:	de bf       	out	0x3e, r29	; 62
    2f34:	4c 01       	movw	r8, r24
    2f36:	29 01       	movw	r4, r18
    2f38:	38 01       	movw	r6, r16
    2f3a:	8a e6       	ldi	r24, 0x6A	; 106
    2f3c:	90 e2       	ldi	r25, 0x20	; 32
    2f3e:	f4 01       	movw	r30, r8
    2f40:	80 83       	st	Z, r24
    2f42:	91 83       	std	Z+1, r25	; 0x01
    2f44:	fb 01       	movw	r30, r22
    2f46:	80 81       	ld	r24, Z
    2f48:	88 23       	and	r24, r24
    2f4a:	69 f0       	breq	.+26     	; 0x2f66 <_ZN8frt_taskC2EPKchjP8emstream+0x5c>
    2f4c:	de 01       	movw	r26, r28
    2f4e:	11 96       	adiw	r26, 0x01	; 1
    2f50:	31 96       	adiw	r30, 0x01	; 1
    2f52:	90 e0       	ldi	r25, 0x00	; 0
    2f54:	02 c0       	rjmp	.+4      	; 0x2f5a <_ZN8frt_taskC2EPKchjP8emstream+0x50>
    2f56:	99 30       	cpi	r25, 0x09	; 9
    2f58:	39 f0       	breq	.+14     	; 0x2f68 <_ZN8frt_taskC2EPKchjP8emstream+0x5e>
    2f5a:	9f 5f       	subi	r25, 0xFF	; 255
    2f5c:	8d 93       	st	X+, r24
    2f5e:	81 91       	ld	r24, Z+
    2f60:	81 11       	cpse	r24, r1
    2f62:	f9 cf       	rjmp	.-14     	; 0x2f56 <_ZN8frt_taskC2EPKchjP8emstream+0x4c>
    2f64:	01 c0       	rjmp	.+2      	; 0x2f68 <_ZN8frt_taskC2EPKchjP8emstream+0x5e>
    2f66:	90 e0       	ldi	r25, 0x00	; 0
    2f68:	e1 e0       	ldi	r30, 0x01	; 1
    2f6a:	f0 e0       	ldi	r31, 0x00	; 0
    2f6c:	ec 0f       	add	r30, r28
    2f6e:	fd 1f       	adc	r31, r29
    2f70:	e9 0f       	add	r30, r25
    2f72:	f1 1d       	adc	r31, r1
    2f74:	10 82       	st	Z, r1
    2f76:	74 01       	movw	r14, r8
    2f78:	f2 e0       	ldi	r31, 0x02	; 2
    2f7a:	ef 0e       	add	r14, r31
    2f7c:	f1 1c       	adc	r15, r1
    2f7e:	a1 2c       	mov	r10, r1
    2f80:	b1 2c       	mov	r11, r1
    2f82:	c1 2c       	mov	r12, r1
    2f84:	d1 2c       	mov	r13, r1
    2f86:	04 2f       	mov	r16, r20
    2f88:	94 01       	movw	r18, r8
    2f8a:	a2 01       	movw	r20, r4
    2f8c:	be 01       	movw	r22, r28
    2f8e:	6f 5f       	subi	r22, 0xFF	; 255
    2f90:	7f 4f       	sbci	r23, 0xFF	; 255
    2f92:	88 e0       	ldi	r24, 0x08	; 8
    2f94:	94 e1       	ldi	r25, 0x14	; 20
    2f96:	0e 94 1d 1e 	call	0x3c3a	; 0x3c3a <xTaskGenericCreate>
    2f9a:	f4 01       	movw	r30, r8
    2f9c:	66 82       	std	Z+6, r6	; 0x06
    2f9e:	77 82       	std	Z+7, r7	; 0x07
    2fa0:	40 86       	std	Z+8, r4	; 0x08
    2fa2:	51 86       	std	Z+9, r5	; 0x09
    2fa4:	20 91 fc 2c 	lds	r18, 0x2CFC	; 0x802cfc <last_created_task_pointer>
    2fa8:	30 91 fd 2c 	lds	r19, 0x2CFD	; 0x802cfd <last_created_task_pointer+0x1>
    2fac:	24 83       	std	Z+4, r18	; 0x04
    2fae:	35 83       	std	Z+5, r19	; 0x05
    2fb0:	80 92 fc 2c 	sts	0x2CFC, r8	; 0x802cfc <last_created_task_pointer>
    2fb4:	90 92 fd 2c 	sts	0x2CFD, r9	; 0x802cfd <last_created_task_pointer+0x1>
    2fb8:	14 86       	std	Z+12, r1	; 0x0c
    2fba:	15 86       	std	Z+13, r1	; 0x0d
    2fbc:	40 90 68 3d 	lds	r4, 0x3D68	; 0x803d68 <portStackTopForTask>
    2fc0:	50 90 69 3d 	lds	r5, 0x3D69	; 0x803d69 <portStackTopForTask+0x1>
    2fc4:	ff ef       	ldi	r31, 0xFF	; 255
    2fc6:	4f 1a       	sub	r4, r31
    2fc8:	5f 0a       	sbc	r5, r31
    2fca:	40 92 68 3d 	sts	0x3D68, r4	; 0x803d68 <portStackTopForTask>
    2fce:	50 92 69 3d 	sts	0x3D69, r5	; 0x803d69 <portStackTopForTask+0x1>
    2fd2:	f4 01       	movw	r30, r8
    2fd4:	42 86       	std	Z+10, r4	; 0x0a
    2fd6:	53 86       	std	Z+11, r5	; 0x0b
    2fd8:	16 86       	std	Z+14, r1	; 0x0e
    2fda:	17 86       	std	Z+15, r1	; 0x0f
    2fdc:	10 8a       	std	Z+16, r1	; 0x10
    2fde:	11 8a       	std	Z+17, r1	; 0x11
    2fe0:	61 14       	cp	r6, r1
    2fe2:	71 04       	cpc	r7, r1
    2fe4:	09 f4       	brne	.+2      	; 0x2fe8 <_ZN8frt_taskC2EPKchjP8emstream+0xde>
    2fe6:	44 c0       	rjmp	.+136    	; 0x3070 <_ZN8frt_taskC2EPKchjP8emstream+0x166>
    2fe8:	81 30       	cpi	r24, 0x01	; 1
    2fea:	79 f5       	brne	.+94     	; 0x304a <_ZN8frt_taskC2EPKchjP8emstream+0x140>
    2fec:	6a e0       	ldi	r22, 0x0A	; 10
    2fee:	c3 01       	movw	r24, r6
    2ff0:	0e 94 17 14 	call	0x282e	; 0x282e <_ZN8emstreamlsE15ser_manipulator>
    2ff4:	7c 01       	movw	r14, r24
    2ff6:	68 e1       	ldi	r22, 0x18	; 24
    2ff8:	77 e0       	ldi	r23, 0x07	; 7
    2ffa:	0e 94 5e 14 	call	0x28bc	; 0x28bc <_ZN8emstream4putsEPKc>
    2ffe:	be 01       	movw	r22, r28
    3000:	6f 5f       	subi	r22, 0xFF	; 255
    3002:	7f 4f       	sbci	r23, 0xFF	; 255
    3004:	c7 01       	movw	r24, r14
    3006:	0e 94 5e 14 	call	0x28bc	; 0x28bc <_ZN8emstream4putsEPKc>
    300a:	6a e0       	ldi	r22, 0x0A	; 10
    300c:	c7 01       	movw	r24, r14
    300e:	0e 94 17 14 	call	0x282e	; 0x282e <_ZN8emstreamlsE15ser_manipulator>
    3012:	7c 01       	movw	r14, r24
    3014:	6f e0       	ldi	r22, 0x0F	; 15
    3016:	77 e0       	ldi	r23, 0x07	; 7
    3018:	0e 94 5e 14 	call	0x28bc	; 0x28bc <_ZN8emstream4putsEPKc>
    301c:	6a e0       	ldi	r22, 0x0A	; 10
    301e:	c7 01       	movw	r24, r14
    3020:	0e 94 17 14 	call	0x282e	; 0x282e <_ZN8emstreamlsE15ser_manipulator>
    3024:	7c 01       	movw	r14, r24
    3026:	61 e0       	ldi	r22, 0x01	; 1
    3028:	77 e0       	ldi	r23, 0x07	; 7
    302a:	0e 94 5e 14 	call	0x28bc	; 0x28bc <_ZN8emstream4putsEPKc>
    302e:	63 e0       	ldi	r22, 0x03	; 3
    3030:	c7 01       	movw	r24, r14
    3032:	0e 94 17 14 	call	0x282e	; 0x282e <_ZN8emstreamlsE15ser_manipulator>
    3036:	b2 01       	movw	r22, r4
    3038:	0e 94 d7 14 	call	0x29ae	; 0x29ae <_ZN8emstreamlsEj>
    303c:	62 e0       	ldi	r22, 0x02	; 2
    303e:	0e 94 17 14 	call	0x282e	; 0x282e <_ZN8emstreamlsE15ser_manipulator>
    3042:	66 e0       	ldi	r22, 0x06	; 6
    3044:	0e 94 17 14 	call	0x282e	; 0x282e <_ZN8emstreamlsE15ser_manipulator>
    3048:	13 c0       	rjmp	.+38     	; 0x3070 <_ZN8frt_taskC2EPKchjP8emstream+0x166>
    304a:	6a e0       	ldi	r22, 0x0A	; 10
    304c:	c3 01       	movw	r24, r6
    304e:	0e 94 17 14 	call	0x282e	; 0x282e <_ZN8emstreamlsE15ser_manipulator>
    3052:	4c 01       	movw	r8, r24
    3054:	6c ee       	ldi	r22, 0xEC	; 236
    3056:	76 e0       	ldi	r23, 0x06	; 6
    3058:	0e 94 5e 14 	call	0x28bc	; 0x28bc <_ZN8emstream4putsEPKc>
    305c:	be 01       	movw	r22, r28
    305e:	6f 5f       	subi	r22, 0xFF	; 255
    3060:	7f 4f       	sbci	r23, 0xFF	; 255
    3062:	c4 01       	movw	r24, r8
    3064:	0e 94 5e 14 	call	0x28bc	; 0x28bc <_ZN8emstream4putsEPKc>
    3068:	66 e0       	ldi	r22, 0x06	; 6
    306a:	c4 01       	movw	r24, r8
    306c:	0e 94 17 14 	call	0x282e	; 0x282e <_ZN8emstreamlsE15ser_manipulator>
    3070:	2a 96       	adiw	r28, 0x0a	; 10
    3072:	cd bf       	out	0x3d, r28	; 61
    3074:	de bf       	out	0x3e, r29	; 62
    3076:	df 91       	pop	r29
    3078:	cf 91       	pop	r28
    307a:	1f 91       	pop	r17
    307c:	0f 91       	pop	r16
    307e:	ff 90       	pop	r15
    3080:	ef 90       	pop	r14
    3082:	df 90       	pop	r13
    3084:	cf 90       	pop	r12
    3086:	bf 90       	pop	r11
    3088:	af 90       	pop	r10
    308a:	9f 90       	pop	r9
    308c:	8f 90       	pop	r8
    308e:	7f 90       	pop	r7
    3090:	6f 90       	pop	r6
    3092:	5f 90       	pop	r5
    3094:	4f 90       	pop	r4
    3096:	08 95       	ret

00003098 <pvPortMalloc>:
	pxFirstFreeBlock->pxNextFreeBlock = &xEnd;										\
}
/*-----------------------------------------------------------*/

void *pvPortMalloc( size_t xWantedSize )
{
    3098:	0f 93       	push	r16
    309a:	1f 93       	push	r17
    309c:	cf 93       	push	r28
    309e:	df 93       	push	r29
    30a0:	ec 01       	movw	r28, r24
xBlockLink *pxBlock, *pxPreviousBlock, *pxNewBlockLink;
static portBASE_TYPE xHeapHasBeenInitialised = pdFALSE;
void *pvReturn = NULL;

	vTaskSuspendAll();
    30a2:	0e 94 60 1f 	call	0x3ec0	; 0x3ec0 <vTaskSuspendAll>
	{
		/* If this is the first call to malloc then the heap will require
		initialisation to setup the list of free blocks. */
		if( xHeapHasBeenInitialised == pdFALSE )
    30a6:	80 91 fe 2c 	lds	r24, 0x2CFE	; 0x802cfe <xHeapHasBeenInitialised.4150>
    30aa:	81 11       	cpse	r24, r1
    30ac:	1d c0       	rjmp	.+58     	; 0x30e8 <pvPortMalloc+0x50>
		{
			prvHeapInit();
    30ae:	a3 e0       	ldi	r26, 0x03	; 3
    30b0:	bd e2       	ldi	r27, 0x2D	; 45
    30b2:	e7 e0       	ldi	r30, 0x07	; 7
    30b4:	fd e2       	ldi	r31, 0x2D	; 45
    30b6:	ed 93       	st	X+, r30
    30b8:	fc 93       	st	X, r31
    30ba:	11 97       	sbiw	r26, 0x01	; 1
    30bc:	12 96       	adiw	r26, 0x02	; 2
    30be:	1d 92       	st	X+, r1
    30c0:	1c 92       	st	X, r1
    30c2:	13 97       	sbiw	r26, 0x03	; 3
    30c4:	af ef       	ldi	r26, 0xFF	; 255
    30c6:	bc e2       	ldi	r27, 0x2C	; 44
    30c8:	8f ef       	ldi	r24, 0xFF	; 255
    30ca:	9f e0       	ldi	r25, 0x0F	; 15
    30cc:	12 96       	adiw	r26, 0x02	; 2
    30ce:	8d 93       	st	X+, r24
    30d0:	9c 93       	st	X, r25
    30d2:	13 97       	sbiw	r26, 0x03	; 3
    30d4:	1d 92       	st	X+, r1
    30d6:	1c 92       	st	X, r1
    30d8:	11 97       	sbiw	r26, 0x01	; 1
    30da:	82 83       	std	Z+2, r24	; 0x02
    30dc:	93 83       	std	Z+3, r25	; 0x03
    30de:	a0 83       	st	Z, r26
    30e0:	b1 83       	std	Z+1, r27	; 0x01
			xHeapHasBeenInitialised = pdTRUE;
    30e2:	81 e0       	ldi	r24, 0x01	; 1
    30e4:	80 93 fe 2c 	sts	0x2CFE, r24	; 0x802cfe <xHeapHasBeenInitialised.4150>
		}

		/* The wanted size is increased so it can contain a xBlockLink
		structure in addition to the requested amount of bytes. */
		if( xWantedSize > 0 )
    30e8:	20 97       	sbiw	r28, 0x00	; 0
    30ea:	09 f4       	brne	.+2      	; 0x30ee <pvPortMalloc+0x56>
    30ec:	5f c0       	rjmp	.+190    	; 0x31ac <pvPortMalloc+0x114>
		{
			xWantedSize += heapSTRUCT_SIZE;
    30ee:	9e 01       	movw	r18, r28
    30f0:	2b 5f       	subi	r18, 0xFB	; 251
    30f2:	3f 4f       	sbci	r19, 0xFF	; 255
				/* Byte alignment required. */
				xWantedSize += ( portBYTE_ALIGNMENT - ( xWantedSize & portBYTE_ALIGNMENT_MASK ) );
			}
		}

		if( ( xWantedSize > 0 ) && ( xWantedSize < configTOTAL_HEAP_SIZE ) )
    30f4:	24 96       	adiw	r28, 0x04	; 4
    30f6:	ce 3f       	cpi	r28, 0xFE	; 254
    30f8:	df 40       	sbci	r29, 0x0F	; 15
    30fa:	08 f0       	brcs	.+2      	; 0x30fe <pvPortMalloc+0x66>
    30fc:	5a c0       	rjmp	.+180    	; 0x31b2 <pvPortMalloc+0x11a>
		{
			/* Blocks are stored in byte order - traverse the list from the start
			(smallest) block until one of adequate size is found. */
			pxPreviousBlock = &xStart;
			pxBlock = xStart.pxNextFreeBlock;
    30fe:	e0 91 03 2d 	lds	r30, 0x2D03	; 0x802d03 <xStart>
    3102:	f0 91 04 2d 	lds	r31, 0x2D04	; 0x802d04 <xStart+0x1>

		if( ( xWantedSize > 0 ) && ( xWantedSize < configTOTAL_HEAP_SIZE ) )
		{
			/* Blocks are stored in byte order - traverse the list from the start
			(smallest) block until one of adequate size is found. */
			pxPreviousBlock = &xStart;
    3106:	a3 e0       	ldi	r26, 0x03	; 3
    3108:	bd e2       	ldi	r27, 0x2D	; 45
			pxBlock = xStart.pxNextFreeBlock;
			while( ( pxBlock->xBlockSize < xWantedSize ) && ( pxBlock->pxNextFreeBlock ) )
    310a:	02 c0       	rjmp	.+4      	; 0x3110 <pvPortMalloc+0x78>
    310c:	df 01       	movw	r26, r30
			{
				pxPreviousBlock = pxBlock;
				pxBlock = pxBlock->pxNextFreeBlock;
    310e:	fc 01       	movw	r30, r24
		{
			/* Blocks are stored in byte order - traverse the list from the start
			(smallest) block until one of adequate size is found. */
			pxPreviousBlock = &xStart;
			pxBlock = xStart.pxNextFreeBlock;
			while( ( pxBlock->xBlockSize < xWantedSize ) && ( pxBlock->pxNextFreeBlock ) )
    3110:	82 81       	ldd	r24, Z+2	; 0x02
    3112:	93 81       	ldd	r25, Z+3	; 0x03
    3114:	82 17       	cp	r24, r18
    3116:	93 07       	cpc	r25, r19
    3118:	20 f4       	brcc	.+8      	; 0x3122 <pvPortMalloc+0x8a>
    311a:	80 81       	ld	r24, Z
    311c:	91 81       	ldd	r25, Z+1	; 0x01
    311e:	00 97       	sbiw	r24, 0x00	; 0
    3120:	a9 f7       	brne	.-22     	; 0x310c <pvPortMalloc+0x74>
				pxPreviousBlock = pxBlock;
				pxBlock = pxBlock->pxNextFreeBlock;
			}

			/* If we found the end marker then a block of adequate size was not found. */
			if( pxBlock != &xEnd )
    3122:	cc e2       	ldi	r28, 0x2C	; 44
    3124:	ef 3f       	cpi	r30, 0xFF	; 255
    3126:	fc 07       	cpc	r31, r28
    3128:	09 f4       	brne	.+2      	; 0x312c <pvPortMalloc+0x94>
    312a:	46 c0       	rjmp	.+140    	; 0x31b8 <pvPortMalloc+0x120>
			{
				/* Return the memory space - jumping over the xBlockLink structure
				at its start. */
				pvReturn = ( void * ) ( ( ( unsigned char * ) pxPreviousBlock->pxNextFreeBlock ) + heapSTRUCT_SIZE );
    312c:	cd 91       	ld	r28, X+
    312e:	dc 91       	ld	r29, X
    3130:	11 97       	sbiw	r26, 0x01	; 1
    3132:	8e 01       	movw	r16, r28
    3134:	0b 5f       	subi	r16, 0xFB	; 251
    3136:	1f 4f       	sbci	r17, 0xFF	; 255

				/* This block is being returned for use so must be taken our of the
				list of free blocks. */
				pxPreviousBlock->pxNextFreeBlock = pxBlock->pxNextFreeBlock;
    3138:	80 81       	ld	r24, Z
    313a:	91 81       	ldd	r25, Z+1	; 0x01
    313c:	8d 93       	st	X+, r24
    313e:	9c 93       	st	X, r25

				/* If the block is larger than required it can be split into two. */
				if( ( pxBlock->xBlockSize - xWantedSize ) > heapMINIMUM_BLOCK_SIZE )
    3140:	82 81       	ldd	r24, Z+2	; 0x02
    3142:	93 81       	ldd	r25, Z+3	; 0x03
    3144:	82 1b       	sub	r24, r18
    3146:	93 0b       	sbc	r25, r19
    3148:	8b 30       	cpi	r24, 0x0B	; 11
    314a:	91 05       	cpc	r25, r1
    314c:	10 f1       	brcs	.+68     	; 0x3192 <pvPortMalloc+0xfa>
				{
					/* This block is to be split into two.  Create a new block
					following the number of bytes requested. The void cast is
					used to prevent byte alignment warnings from the compiler. */
					pxNewBlockLink = ( void * ) ( ( ( unsigned char * ) pxBlock ) + xWantedSize );
    314e:	bf 01       	movw	r22, r30
    3150:	62 0f       	add	r22, r18
    3152:	73 1f       	adc	r23, r19

					/* Calculate the sizes of two blocks split from the single
					block. */
					pxNewBlockLink->xBlockSize = pxBlock->xBlockSize - xWantedSize;
    3154:	db 01       	movw	r26, r22
    3156:	12 96       	adiw	r26, 0x02	; 2
    3158:	8d 93       	st	X+, r24
    315a:	9c 93       	st	X, r25
    315c:	13 97       	sbiw	r26, 0x03	; 3
					pxBlock->xBlockSize = xWantedSize;
    315e:	22 83       	std	Z+2, r18	; 0x02
    3160:	33 83       	std	Z+3, r19	; 0x03

					/* Insert the new block into the list of free blocks. */
					prvInsertBlockIntoFreeList( ( pxNewBlockLink ) );
    3162:	12 96       	adiw	r26, 0x02	; 2
    3164:	4d 91       	ld	r20, X+
    3166:	5c 91       	ld	r21, X
    3168:	13 97       	sbiw	r26, 0x03	; 3
    316a:	83 e0       	ldi	r24, 0x03	; 3
    316c:	9d e2       	ldi	r25, 0x2D	; 45
    316e:	01 c0       	rjmp	.+2      	; 0x3172 <pvPortMalloc+0xda>
    3170:	cd 01       	movw	r24, r26
    3172:	ec 01       	movw	r28, r24
    3174:	a8 81       	ld	r26, Y
    3176:	b9 81       	ldd	r27, Y+1	; 0x01
    3178:	12 96       	adiw	r26, 0x02	; 2
    317a:	2d 91       	ld	r18, X+
    317c:	3c 91       	ld	r19, X
    317e:	13 97       	sbiw	r26, 0x03	; 3
    3180:	24 17       	cp	r18, r20
    3182:	35 07       	cpc	r19, r21
    3184:	a8 f3       	brcs	.-22     	; 0x3170 <pvPortMalloc+0xd8>
    3186:	eb 01       	movw	r28, r22
    3188:	a8 83       	st	Y, r26
    318a:	b9 83       	std	Y+1, r27	; 0x01
    318c:	dc 01       	movw	r26, r24
    318e:	6d 93       	st	X+, r22
    3190:	7c 93       	st	X, r23
				}
				
				xFreeBytesRemaining -= pxBlock->xBlockSize;
    3192:	80 91 00 20 	lds	r24, 0x2000	; 0x802000 <__DATA_REGION_ORIGIN__>
    3196:	90 91 01 20 	lds	r25, 0x2001	; 0x802001 <__DATA_REGION_ORIGIN__+0x1>
    319a:	22 81       	ldd	r18, Z+2	; 0x02
    319c:	33 81       	ldd	r19, Z+3	; 0x03
    319e:	82 1b       	sub	r24, r18
    31a0:	93 0b       	sbc	r25, r19
    31a2:	80 93 00 20 	sts	0x2000, r24	; 0x802000 <__DATA_REGION_ORIGIN__>
    31a6:	90 93 01 20 	sts	0x2001, r25	; 0x802001 <__DATA_REGION_ORIGIN__+0x1>
    31aa:	08 c0       	rjmp	.+16     	; 0x31bc <pvPortMalloc+0x124>

void *pvPortMalloc( size_t xWantedSize )
{
xBlockLink *pxBlock, *pxPreviousBlock, *pxNewBlockLink;
static portBASE_TYPE xHeapHasBeenInitialised = pdFALSE;
void *pvReturn = NULL;
    31ac:	00 e0       	ldi	r16, 0x00	; 0
    31ae:	10 e0       	ldi	r17, 0x00	; 0
    31b0:	05 c0       	rjmp	.+10     	; 0x31bc <pvPortMalloc+0x124>
    31b2:	00 e0       	ldi	r16, 0x00	; 0
    31b4:	10 e0       	ldi	r17, 0x00	; 0
    31b6:	02 c0       	rjmp	.+4      	; 0x31bc <pvPortMalloc+0x124>
    31b8:	00 e0       	ldi	r16, 0x00	; 0
    31ba:	10 e0       	ldi	r17, 0x00	; 0
				
				xFreeBytesRemaining -= pxBlock->xBlockSize;
			}
		}
	}
	xTaskResumeAll();
    31bc:	0e 94 82 20 	call	0x4104	; 0x4104 <xTaskResumeAll>
		}
	}
	#endif

	return pvReturn;
}
    31c0:	c8 01       	movw	r24, r16
    31c2:	df 91       	pop	r29
    31c4:	cf 91       	pop	r28
    31c6:	1f 91       	pop	r17
    31c8:	0f 91       	pop	r16
    31ca:	08 95       	ret

000031cc <vPortFree>:
/*-----------------------------------------------------------*/

void vPortFree( void *pv )
{
    31cc:	0f 93       	push	r16
    31ce:	1f 93       	push	r17
    31d0:	cf 93       	push	r28
    31d2:	df 93       	push	r29
unsigned char *puc = ( unsigned char * ) pv;
xBlockLink *pxLink;

	if( pv )
    31d4:	00 97       	sbiw	r24, 0x00	; 0
    31d6:	41 f1       	breq	.+80     	; 0x3228 <vPortFree+0x5c>
    31d8:	ec 01       	movw	r28, r24
	{
		/* The memory being freed will have an xBlockLink structure immediately
		before it. */
		puc -= heapSTRUCT_SIZE;
    31da:	8c 01       	movw	r16, r24
    31dc:	05 50       	subi	r16, 0x05	; 5
    31de:	11 09       	sbc	r17, r1

		/* This casting is to keep the compiler from issuing warnings. */
		pxLink = ( void * ) puc;

		vTaskSuspendAll();
    31e0:	0e 94 60 1f 	call	0x3ec0	; 0x3ec0 <vTaskSuspendAll>
		{
			/* Add this block to the list of free blocks. */
			prvInsertBlockIntoFreeList( ( ( xBlockLink * ) pxLink ) );
    31e4:	f8 01       	movw	r30, r16
    31e6:	42 81       	ldd	r20, Z+2	; 0x02
    31e8:	53 81       	ldd	r21, Z+3	; 0x03
    31ea:	a3 e0       	ldi	r26, 0x03	; 3
    31ec:	bd e2       	ldi	r27, 0x2D	; 45
    31ee:	01 c0       	rjmp	.+2      	; 0x31f2 <vPortFree+0x26>
    31f0:	df 01       	movw	r26, r30
    31f2:	ed 91       	ld	r30, X+
    31f4:	fc 91       	ld	r31, X
    31f6:	11 97       	sbiw	r26, 0x01	; 1
    31f8:	22 81       	ldd	r18, Z+2	; 0x02
    31fa:	33 81       	ldd	r19, Z+3	; 0x03
    31fc:	24 17       	cp	r18, r20
    31fe:	35 07       	cpc	r19, r21
    3200:	b8 f3       	brcs	.-18     	; 0x31f0 <vPortFree+0x24>
    3202:	25 97       	sbiw	r28, 0x05	; 5
    3204:	e8 83       	st	Y, r30
    3206:	f9 83       	std	Y+1, r31	; 0x01
    3208:	0d 93       	st	X+, r16
    320a:	1c 93       	st	X, r17
			xFreeBytesRemaining += pxLink->xBlockSize;
    320c:	20 91 00 20 	lds	r18, 0x2000	; 0x802000 <__DATA_REGION_ORIGIN__>
    3210:	30 91 01 20 	lds	r19, 0x2001	; 0x802001 <__DATA_REGION_ORIGIN__+0x1>
    3214:	8a 81       	ldd	r24, Y+2	; 0x02
    3216:	9b 81       	ldd	r25, Y+3	; 0x03
    3218:	82 0f       	add	r24, r18
    321a:	93 1f       	adc	r25, r19
    321c:	80 93 00 20 	sts	0x2000, r24	; 0x802000 <__DATA_REGION_ORIGIN__>
    3220:	90 93 01 20 	sts	0x2001, r25	; 0x802001 <__DATA_REGION_ORIGIN__+0x1>
		}
		xTaskResumeAll();
    3224:	0e 94 82 20 	call	0x4104	; 0x4104 <xTaskResumeAll>
	}
}
    3228:	df 91       	pop	r29
    322a:	cf 91       	pop	r28
    322c:	1f 91       	pop	r17
    322e:	0f 91       	pop	r16
    3230:	08 95       	ret

00003232 <xPortGetFreeHeapSize>:
/*-----------------------------------------------------------*/

size_t xPortGetFreeHeapSize( void )
{
	return xFreeBytesRemaining;
}
    3232:	80 91 00 20 	lds	r24, 0x2000	; 0x802000 <__DATA_REGION_ORIGIN__>
    3236:	90 91 01 20 	lds	r25, 0x2001	; 0x802001 <__DATA_REGION_ORIGIN__+0x1>
    323a:	08 95       	ret

0000323c <vListInitialise>:
/*-----------------------------------------------------------
 * PUBLIC LIST API documented in list.h
 *----------------------------------------------------------*/

void vListInitialise( xList *pxList )
{
    323c:	fc 01       	movw	r30, r24
	/* The list structure contains a list item which is used to mark the
	end of the list.  To initialise the list the list end is inserted
	as the only list entry. */
	pxList->pxIndex = ( xListItem * ) &( pxList->xListEnd );
    323e:	03 96       	adiw	r24, 0x03	; 3
    3240:	81 83       	std	Z+1, r24	; 0x01
    3242:	92 83       	std	Z+2, r25	; 0x02

	/* The list end value is the highest possible value in the list to
	ensure it remains at the end of the list. */
	pxList->xListEnd.xItemValue = portMAX_DELAY;
    3244:	4f ef       	ldi	r20, 0xFF	; 255
    3246:	5f ef       	ldi	r21, 0xFF	; 255
    3248:	ba 01       	movw	r22, r20
    324a:	43 83       	std	Z+3, r20	; 0x03
    324c:	54 83       	std	Z+4, r21	; 0x04
    324e:	65 83       	std	Z+5, r22	; 0x05
    3250:	76 83       	std	Z+6, r23	; 0x06

	/* The list end next and previous pointers point to itself so we know
	when the list is empty. */
	pxList->xListEnd.pxNext = ( xListItem * ) &( pxList->xListEnd );
    3252:	87 83       	std	Z+7, r24	; 0x07
    3254:	90 87       	std	Z+8, r25	; 0x08
	pxList->xListEnd.pxPrevious = ( xListItem * ) &( pxList->xListEnd );
    3256:	81 87       	std	Z+9, r24	; 0x09
    3258:	92 87       	std	Z+10, r25	; 0x0a

	pxList->uxNumberOfItems = ( unsigned portBASE_TYPE ) 0U;
    325a:	10 82       	st	Z, r1
    325c:	08 95       	ret

0000325e <vListInitialiseItem>:
/*-----------------------------------------------------------*/

void vListInitialiseItem( xListItem *pxItem )
{
	/* Make sure the list item is not recorded as being on a list. */
	pxItem->pvContainer = NULL;
    325e:	fc 01       	movw	r30, r24
    3260:	12 86       	std	Z+10, r1	; 0x0a
    3262:	13 86       	std	Z+11, r1	; 0x0b
    3264:	08 95       	ret

00003266 <vListInsertEnd>:
}
/*-----------------------------------------------------------*/

void vListInsertEnd( xList *pxList, xListItem *pxNewListItem )
{
    3266:	cf 93       	push	r28
    3268:	df 93       	push	r29
    326a:	fc 01       	movw	r30, r24
    326c:	db 01       	movw	r26, r22

	/* Insert a new list item into pxList, but rather than sort the list,
	makes the new list item the last item to be removed by a call to
	pvListGetOwnerOfNextEntry.  This means it has to be the item pointed to by
	the pxIndex member. */
	pxIndex = pxList->pxIndex;
    326e:	21 81       	ldd	r18, Z+1	; 0x01
    3270:	32 81       	ldd	r19, Z+2	; 0x02

	pxNewListItem->pxNext = pxIndex->pxNext;
    3272:	e9 01       	movw	r28, r18
    3274:	8c 81       	ldd	r24, Y+4	; 0x04
    3276:	9d 81       	ldd	r25, Y+5	; 0x05
    3278:	14 96       	adiw	r26, 0x04	; 4
    327a:	8d 93       	st	X+, r24
    327c:	9c 93       	st	X, r25
    327e:	15 97       	sbiw	r26, 0x05	; 5
	pxNewListItem->pxPrevious = pxList->pxIndex;
    3280:	81 81       	ldd	r24, Z+1	; 0x01
    3282:	92 81       	ldd	r25, Z+2	; 0x02
    3284:	16 96       	adiw	r26, 0x06	; 6
    3286:	8d 93       	st	X+, r24
    3288:	9c 93       	st	X, r25
    328a:	17 97       	sbiw	r26, 0x07	; 7
	pxIndex->pxNext->pxPrevious = ( volatile xListItem * ) pxNewListItem;
    328c:	8c 81       	ldd	r24, Y+4	; 0x04
    328e:	9d 81       	ldd	r25, Y+5	; 0x05
    3290:	ec 01       	movw	r28, r24
    3292:	6e 83       	std	Y+6, r22	; 0x06
    3294:	7f 83       	std	Y+7, r23	; 0x07
	pxIndex->pxNext = ( volatile xListItem * ) pxNewListItem;
    3296:	e9 01       	movw	r28, r18
    3298:	6c 83       	std	Y+4, r22	; 0x04
    329a:	7d 83       	std	Y+5, r23	; 0x05
	pxList->pxIndex = ( volatile xListItem * ) pxNewListItem;
    329c:	61 83       	std	Z+1, r22	; 0x01
    329e:	72 83       	std	Z+2, r23	; 0x02

	/* Remember which list the item is in. */
	pxNewListItem->pvContainer = ( void * ) pxList;
    32a0:	1a 96       	adiw	r26, 0x0a	; 10
    32a2:	ed 93       	st	X+, r30
    32a4:	fc 93       	st	X, r31
    32a6:	1b 97       	sbiw	r26, 0x0b	; 11

	( pxList->uxNumberOfItems )++;
    32a8:	80 81       	ld	r24, Z
    32aa:	8f 5f       	subi	r24, 0xFF	; 255
    32ac:	80 83       	st	Z, r24
}
    32ae:	df 91       	pop	r29
    32b0:	cf 91       	pop	r28
    32b2:	08 95       	ret

000032b4 <vListInsert>:
/*-----------------------------------------------------------*/

void vListInsert( xList *pxList, xListItem *pxNewListItem )
{
    32b4:	0f 93       	push	r16
    32b6:	1f 93       	push	r17
    32b8:	cf 93       	push	r28
    32ba:	df 93       	push	r29
    32bc:	eb 01       	movw	r28, r22
volatile xListItem *pxIterator;
portTickType xValueOfInsertion;

	/* Insert the new list item into the list, sorted in ulListItem order. */
	xValueOfInsertion = pxNewListItem->xItemValue;
    32be:	08 81       	ld	r16, Y
    32c0:	19 81       	ldd	r17, Y+1	; 0x01
    32c2:	2a 81       	ldd	r18, Y+2	; 0x02
    32c4:	3b 81       	ldd	r19, Y+3	; 0x03
	are stored in ready lists (all of which have the same ulListItem value)
	get an equal share of the CPU.  However, if the xItemValue is the same as
	the back marker the iteration loop below will not end.  This means we need
	to guard against this by checking the value first and modifying the
	algorithm slightly if necessary. */
	if( xValueOfInsertion == portMAX_DELAY )
    32c6:	0f 3f       	cpi	r16, 0xFF	; 255
    32c8:	4f ef       	ldi	r20, 0xFF	; 255
    32ca:	14 07       	cpc	r17, r20
    32cc:	24 07       	cpc	r18, r20
    32ce:	34 07       	cpc	r19, r20
    32d0:	31 f4       	brne	.+12     	; 0x32de <vListInsert+0x2a>
	{
		pxIterator = pxList->xListEnd.pxPrevious;
    32d2:	dc 01       	movw	r26, r24
    32d4:	19 96       	adiw	r26, 0x09	; 9
    32d6:	ed 91       	ld	r30, X+
    32d8:	fc 91       	ld	r31, X
    32da:	1a 97       	sbiw	r26, 0x0a	; 10
    32dc:	1f c0       	rjmp	.+62     	; 0x331c <vListInsert+0x68>
			   before the scheduler has been started (are interrupts firing
			   before vTaskStartScheduler() has been called?).
		See http://www.freertos.org/FAQHelp.html for more tips.
		**********************************************************************/
		
		for( pxIterator = ( xListItem * ) &( pxList->xListEnd ); pxIterator->pxNext->xItemValue <= xValueOfInsertion; pxIterator = pxIterator->pxNext )
    32de:	fc 01       	movw	r30, r24
    32e0:	33 96       	adiw	r30, 0x03	; 3
    32e2:	dc 01       	movw	r26, r24
    32e4:	17 96       	adiw	r26, 0x07	; 7
    32e6:	4d 91       	ld	r20, X+
    32e8:	5c 91       	ld	r21, X
    32ea:	18 97       	sbiw	r26, 0x08	; 8
    32ec:	da 01       	movw	r26, r20
    32ee:	4d 91       	ld	r20, X+
    32f0:	5d 91       	ld	r21, X+
    32f2:	6d 91       	ld	r22, X+
    32f4:	7c 91       	ld	r23, X
    32f6:	04 17       	cp	r16, r20
    32f8:	15 07       	cpc	r17, r21
    32fa:	26 07       	cpc	r18, r22
    32fc:	37 07       	cpc	r19, r23
    32fe:	70 f0       	brcs	.+28     	; 0x331c <vListInsert+0x68>
    3300:	04 80       	ldd	r0, Z+4	; 0x04
    3302:	f5 81       	ldd	r31, Z+5	; 0x05
    3304:	e0 2d       	mov	r30, r0
    3306:	a4 81       	ldd	r26, Z+4	; 0x04
    3308:	b5 81       	ldd	r27, Z+5	; 0x05
    330a:	4d 91       	ld	r20, X+
    330c:	5d 91       	ld	r21, X+
    330e:	6d 91       	ld	r22, X+
    3310:	7c 91       	ld	r23, X
    3312:	04 17       	cp	r16, r20
    3314:	15 07       	cpc	r17, r21
    3316:	26 07       	cpc	r18, r22
    3318:	37 07       	cpc	r19, r23
    331a:	90 f7       	brcc	.-28     	; 0x3300 <vListInsert+0x4c>
			/* There is nothing to do here, we are just iterating to the
			wanted insertion position. */
		}
	}

	pxNewListItem->pxNext = pxIterator->pxNext;
    331c:	a4 81       	ldd	r26, Z+4	; 0x04
    331e:	b5 81       	ldd	r27, Z+5	; 0x05
    3320:	ac 83       	std	Y+4, r26	; 0x04
    3322:	bd 83       	std	Y+5, r27	; 0x05
	pxNewListItem->pxNext->pxPrevious = ( volatile xListItem * ) pxNewListItem;
    3324:	16 96       	adiw	r26, 0x06	; 6
    3326:	cd 93       	st	X+, r28
    3328:	dc 93       	st	X, r29
    332a:	17 97       	sbiw	r26, 0x07	; 7
	pxNewListItem->pxPrevious = pxIterator;
    332c:	ee 83       	std	Y+6, r30	; 0x06
    332e:	ff 83       	std	Y+7, r31	; 0x07
	pxIterator->pxNext = ( volatile xListItem * ) pxNewListItem;
    3330:	c4 83       	std	Z+4, r28	; 0x04
    3332:	d5 83       	std	Z+5, r29	; 0x05

	/* Remember which list the item is in.  This allows fast removal of the
	item later. */
	pxNewListItem->pvContainer = ( void * ) pxList;
    3334:	8a 87       	std	Y+10, r24	; 0x0a
    3336:	9b 87       	std	Y+11, r25	; 0x0b

	( pxList->uxNumberOfItems )++;
    3338:	fc 01       	movw	r30, r24
    333a:	20 81       	ld	r18, Z
    333c:	2f 5f       	subi	r18, 0xFF	; 255
    333e:	20 83       	st	Z, r18
}
    3340:	df 91       	pop	r29
    3342:	cf 91       	pop	r28
    3344:	1f 91       	pop	r17
    3346:	0f 91       	pop	r16
    3348:	08 95       	ret

0000334a <vListRemove>:
/*-----------------------------------------------------------*/

void vListRemove( xListItem *pxItemToRemove )
{
    334a:	fc 01       	movw	r30, r24
xList * pxList;

	pxItemToRemove->pxNext->pxPrevious = pxItemToRemove->pxPrevious;
    334c:	a4 81       	ldd	r26, Z+4	; 0x04
    334e:	b5 81       	ldd	r27, Z+5	; 0x05
    3350:	86 81       	ldd	r24, Z+6	; 0x06
    3352:	97 81       	ldd	r25, Z+7	; 0x07
    3354:	16 96       	adiw	r26, 0x06	; 6
    3356:	8d 93       	st	X+, r24
    3358:	9c 93       	st	X, r25
    335a:	17 97       	sbiw	r26, 0x07	; 7
	pxItemToRemove->pxPrevious->pxNext = pxItemToRemove->pxNext;
    335c:	a6 81       	ldd	r26, Z+6	; 0x06
    335e:	b7 81       	ldd	r27, Z+7	; 0x07
    3360:	84 81       	ldd	r24, Z+4	; 0x04
    3362:	95 81       	ldd	r25, Z+5	; 0x05
    3364:	14 96       	adiw	r26, 0x04	; 4
    3366:	8d 93       	st	X+, r24
    3368:	9c 93       	st	X, r25
    336a:	15 97       	sbiw	r26, 0x05	; 5
	
	/* The list item knows which list it is in.  Obtain the list from the list
	item. */
	pxList = ( xList * ) pxItemToRemove->pvContainer;
    336c:	a2 85       	ldd	r26, Z+10	; 0x0a
    336e:	b3 85       	ldd	r27, Z+11	; 0x0b

	/* Make sure the index is left pointing to a valid item. */
	if( pxList->pxIndex == pxItemToRemove )
    3370:	11 96       	adiw	r26, 0x01	; 1
    3372:	8d 91       	ld	r24, X+
    3374:	9c 91       	ld	r25, X
    3376:	12 97       	sbiw	r26, 0x02	; 2
    3378:	e8 17       	cp	r30, r24
    337a:	f9 07       	cpc	r31, r25
    337c:	31 f4       	brne	.+12     	; 0x338a <vListRemove+0x40>
	{
		pxList->pxIndex = pxItemToRemove->pxPrevious;
    337e:	86 81       	ldd	r24, Z+6	; 0x06
    3380:	97 81       	ldd	r25, Z+7	; 0x07
    3382:	11 96       	adiw	r26, 0x01	; 1
    3384:	8d 93       	st	X+, r24
    3386:	9c 93       	st	X, r25
    3388:	12 97       	sbiw	r26, 0x02	; 2
	}

	pxItemToRemove->pvContainer = NULL;
    338a:	12 86       	std	Z+10, r1	; 0x0a
    338c:	13 86       	std	Z+11, r1	; 0x0b
	( pxList->uxNumberOfItems )--;
    338e:	8c 91       	ld	r24, X
    3390:	81 50       	subi	r24, 0x01	; 1
    3392:	8c 93       	st	X, r24
    3394:	08 95       	ret

00003396 <pxPortInitialiseStack>:
}

/*-----------------------------------------------------------*/

void vPortEndScheduler( void )
{
    3396:	80 93 68 3d 	sts	0x3D68, r24	; 0x803d68 <portStackTopForTask>
    339a:	90 93 69 3d 	sts	0x3D69, r25	; 0x803d69 <portStackTopForTask+0x1>
    339e:	31 e1       	ldi	r19, 0x11	; 17
    33a0:	fc 01       	movw	r30, r24
    33a2:	30 83       	st	Z, r19
    33a4:	31 97       	sbiw	r30, 0x01	; 1
    33a6:	22 e2       	ldi	r18, 0x22	; 34
    33a8:	20 83       	st	Z, r18
    33aa:	31 97       	sbiw	r30, 0x01	; 1
    33ac:	a3 e3       	ldi	r26, 0x33	; 51
    33ae:	a0 83       	st	Z, r26
    33b0:	31 97       	sbiw	r30, 0x01	; 1
    33b2:	60 83       	st	Z, r22
    33b4:	31 97       	sbiw	r30, 0x01	; 1
    33b6:	70 83       	st	Z, r23
    33b8:	31 97       	sbiw	r30, 0x01	; 1
    33ba:	10 82       	st	Z, r1
    33bc:	31 97       	sbiw	r30, 0x01	; 1
    33be:	10 82       	st	Z, r1
    33c0:	31 97       	sbiw	r30, 0x01	; 1
    33c2:	60 e8       	ldi	r22, 0x80	; 128
    33c4:	60 83       	st	Z, r22
    33c6:	31 97       	sbiw	r30, 0x01	; 1
    33c8:	10 82       	st	Z, r1
    33ca:	31 97       	sbiw	r30, 0x01	; 1
    33cc:	10 82       	st	Z, r1
    33ce:	31 97       	sbiw	r30, 0x01	; 1
    33d0:	10 82       	st	Z, r1
    33d2:	31 97       	sbiw	r30, 0x01	; 1
    33d4:	62 e0       	ldi	r22, 0x02	; 2
    33d6:	60 83       	st	Z, r22
    33d8:	31 97       	sbiw	r30, 0x01	; 1
    33da:	63 e0       	ldi	r22, 0x03	; 3
    33dc:	60 83       	st	Z, r22
    33de:	31 97       	sbiw	r30, 0x01	; 1
    33e0:	64 e0       	ldi	r22, 0x04	; 4
    33e2:	60 83       	st	Z, r22
    33e4:	31 97       	sbiw	r30, 0x01	; 1
    33e6:	65 e0       	ldi	r22, 0x05	; 5
    33e8:	60 83       	st	Z, r22
    33ea:	31 97       	sbiw	r30, 0x01	; 1
    33ec:	66 e0       	ldi	r22, 0x06	; 6
    33ee:	60 83       	st	Z, r22
    33f0:	31 97       	sbiw	r30, 0x01	; 1
    33f2:	67 e0       	ldi	r22, 0x07	; 7
    33f4:	60 83       	st	Z, r22
    33f6:	31 97       	sbiw	r30, 0x01	; 1
    33f8:	68 e0       	ldi	r22, 0x08	; 8
    33fa:	60 83       	st	Z, r22
    33fc:	31 97       	sbiw	r30, 0x01	; 1
    33fe:	69 e0       	ldi	r22, 0x09	; 9
    3400:	60 83       	st	Z, r22
    3402:	31 97       	sbiw	r30, 0x01	; 1
    3404:	60 e1       	ldi	r22, 0x10	; 16
    3406:	60 83       	st	Z, r22
    3408:	31 97       	sbiw	r30, 0x01	; 1
    340a:	30 83       	st	Z, r19
    340c:	31 97       	sbiw	r30, 0x01	; 1
    340e:	32 e1       	ldi	r19, 0x12	; 18
    3410:	30 83       	st	Z, r19
    3412:	31 97       	sbiw	r30, 0x01	; 1
    3414:	33 e1       	ldi	r19, 0x13	; 19
    3416:	30 83       	st	Z, r19
    3418:	31 97       	sbiw	r30, 0x01	; 1
    341a:	34 e1       	ldi	r19, 0x14	; 20
    341c:	30 83       	st	Z, r19
    341e:	31 97       	sbiw	r30, 0x01	; 1
    3420:	35 e1       	ldi	r19, 0x15	; 21
    3422:	30 83       	st	Z, r19
    3424:	31 97       	sbiw	r30, 0x01	; 1
    3426:	36 e1       	ldi	r19, 0x16	; 22
    3428:	30 83       	st	Z, r19
    342a:	31 97       	sbiw	r30, 0x01	; 1
    342c:	37 e1       	ldi	r19, 0x17	; 23
    342e:	30 83       	st	Z, r19
    3430:	31 97       	sbiw	r30, 0x01	; 1
    3432:	38 e1       	ldi	r19, 0x18	; 24
    3434:	30 83       	st	Z, r19
    3436:	31 97       	sbiw	r30, 0x01	; 1
    3438:	39 e1       	ldi	r19, 0x19	; 25
    343a:	30 83       	st	Z, r19
    343c:	31 97       	sbiw	r30, 0x01	; 1
    343e:	30 e2       	ldi	r19, 0x20	; 32
    3440:	30 83       	st	Z, r19
    3442:	31 97       	sbiw	r30, 0x01	; 1
    3444:	31 e2       	ldi	r19, 0x21	; 33
    3446:	30 83       	st	Z, r19
    3448:	31 97       	sbiw	r30, 0x01	; 1
    344a:	20 83       	st	Z, r18
    344c:	31 97       	sbiw	r30, 0x01	; 1
    344e:	23 e2       	ldi	r18, 0x23	; 35
    3450:	20 83       	st	Z, r18
    3452:	31 97       	sbiw	r30, 0x01	; 1
    3454:	40 83       	st	Z, r20
    3456:	31 97       	sbiw	r30, 0x01	; 1
    3458:	50 83       	st	Z, r21
    345a:	31 97       	sbiw	r30, 0x01	; 1
    345c:	26 e2       	ldi	r18, 0x26	; 38
    345e:	20 83       	st	Z, r18
    3460:	31 97       	sbiw	r30, 0x01	; 1
    3462:	27 e2       	ldi	r18, 0x27	; 39
    3464:	20 83       	st	Z, r18
    3466:	31 97       	sbiw	r30, 0x01	; 1
    3468:	28 e2       	ldi	r18, 0x28	; 40
    346a:	20 83       	st	Z, r18
    346c:	31 97       	sbiw	r30, 0x01	; 1
    346e:	29 e2       	ldi	r18, 0x29	; 41
    3470:	20 83       	st	Z, r18
    3472:	31 97       	sbiw	r30, 0x01	; 1
    3474:	20 e3       	ldi	r18, 0x30	; 48
    3476:	20 83       	st	Z, r18
    3478:	31 97       	sbiw	r30, 0x01	; 1
    347a:	21 e3       	ldi	r18, 0x31	; 49
    347c:	20 83       	st	Z, r18
    347e:	89 97       	sbiw	r24, 0x29	; 41
    3480:	08 95       	ret

00003482 <xPortStartScheduler>:
    3482:	8c e7       	ldi	r24, 0x7C	; 124
    3484:	80 93 29 0a 	sts	0x0A29, r24	; 0x800a29 <__TEXT_REGION_LENGTH__+0x700a29>
    3488:	8f ef       	ldi	r24, 0xFF	; 255
    348a:	80 93 28 0a 	sts	0x0A28, r24	; 0x800a28 <__TEXT_REGION_LENGTH__+0x700a28>
    348e:	81 e0       	ldi	r24, 0x01	; 1
    3490:	80 93 00 0a 	sts	0x0A00, r24	; 0x800a00 <__TEXT_REGION_LENGTH__+0x700a00>
    3494:	91 e1       	ldi	r25, 0x11	; 17
    3496:	90 93 01 0a 	sts	0x0A01, r25	; 0x800a01 <__TEXT_REGION_LENGTH__+0x700a01>
    349a:	80 93 07 0a 	sts	0x0A07, r24	; 0x800a07 <__TEXT_REGION_LENGTH__+0x700a07>
    349e:	a0 91 66 3d 	lds	r26, 0x3D66	; 0x803d66 <pxCurrentTCB>
    34a2:	b0 91 67 3d 	lds	r27, 0x3D67	; 0x803d67 <pxCurrentTCB+0x1>
    34a6:	cd 91       	ld	r28, X+
    34a8:	cd bf       	out	0x3d, r28	; 61
    34aa:	dd 91       	ld	r29, X+
    34ac:	de bf       	out	0x3e, r29	; 62
    34ae:	ff 91       	pop	r31
    34b0:	ef 91       	pop	r30
    34b2:	df 91       	pop	r29
    34b4:	cf 91       	pop	r28
    34b6:	bf 91       	pop	r27
    34b8:	af 91       	pop	r26
    34ba:	9f 91       	pop	r25
    34bc:	8f 91       	pop	r24
    34be:	7f 91       	pop	r23
    34c0:	6f 91       	pop	r22
    34c2:	5f 91       	pop	r21
    34c4:	4f 91       	pop	r20
    34c6:	3f 91       	pop	r19
    34c8:	2f 91       	pop	r18
    34ca:	1f 91       	pop	r17
    34cc:	0f 91       	pop	r16
    34ce:	ff 90       	pop	r15
    34d0:	ef 90       	pop	r14
    34d2:	df 90       	pop	r13
    34d4:	cf 90       	pop	r12
    34d6:	bf 90       	pop	r11
    34d8:	af 90       	pop	r10
    34da:	9f 90       	pop	r9
    34dc:	8f 90       	pop	r8
    34de:	7f 90       	pop	r7
    34e0:	6f 90       	pop	r6
    34e2:	5f 90       	pop	r5
    34e4:	4f 90       	pop	r4
    34e6:	3f 90       	pop	r3
    34e8:	2f 90       	pop	r2
    34ea:	1f 90       	pop	r1
    34ec:	0f 90       	pop	r0
    34ee:	0c be       	out	0x3c, r0	; 60
    34f0:	0f 90       	pop	r0
    34f2:	0b be       	out	0x3b, r0	; 59
    34f4:	0f 90       	pop	r0
    34f6:	0f be       	out	0x3f, r0	; 63
    34f8:	0f 90       	pop	r0
    34fa:	08 95       	ret
    34fc:	08 95       	ret

000034fe <vPortYield>:
 * can use a naked attribute.
 */
void vPortYield( void ) __attribute__ ( ( naked ) );
void vPortYield( void )
{
	portSAVE_CONTEXT();
    34fe:	0f 92       	push	r0
    3500:	0f b6       	in	r0, 0x3f	; 63
    3502:	f8 94       	cli
    3504:	0f 92       	push	r0
    3506:	0b b6       	in	r0, 0x3b	; 59
    3508:	0f 92       	push	r0
    350a:	0c b6       	in	r0, 0x3c	; 60
    350c:	0f 92       	push	r0
    350e:	1f 92       	push	r1
    3510:	11 24       	eor	r1, r1
    3512:	2f 92       	push	r2
    3514:	3f 92       	push	r3
    3516:	4f 92       	push	r4
    3518:	5f 92       	push	r5
    351a:	6f 92       	push	r6
    351c:	7f 92       	push	r7
    351e:	8f 92       	push	r8
    3520:	9f 92       	push	r9
    3522:	af 92       	push	r10
    3524:	bf 92       	push	r11
    3526:	cf 92       	push	r12
    3528:	df 92       	push	r13
    352a:	ef 92       	push	r14
    352c:	ff 92       	push	r15
    352e:	0f 93       	push	r16
    3530:	1f 93       	push	r17
    3532:	2f 93       	push	r18
    3534:	3f 93       	push	r19
    3536:	4f 93       	push	r20
    3538:	5f 93       	push	r21
    353a:	6f 93       	push	r22
    353c:	7f 93       	push	r23
    353e:	8f 93       	push	r24
    3540:	9f 93       	push	r25
    3542:	af 93       	push	r26
    3544:	bf 93       	push	r27
    3546:	cf 93       	push	r28
    3548:	df 93       	push	r29
    354a:	ef 93       	push	r30
    354c:	ff 93       	push	r31
    354e:	a0 91 66 3d 	lds	r26, 0x3D66	; 0x803d66 <pxCurrentTCB>
    3552:	b0 91 67 3d 	lds	r27, 0x3D67	; 0x803d67 <pxCurrentTCB+0x1>
    3556:	0d b6       	in	r0, 0x3d	; 61
    3558:	0d 92       	st	X+, r0
    355a:	0e b6       	in	r0, 0x3e	; 62
    355c:	0d 92       	st	X+, r0
	vTaskSwitchContext();
    355e:	0e 94 9f 21 	call	0x433e	; 0x433e <vTaskSwitchContext>
	portRESTORE_CONTEXT();
    3562:	a0 91 66 3d 	lds	r26, 0x3D66	; 0x803d66 <pxCurrentTCB>
    3566:	b0 91 67 3d 	lds	r27, 0x3D67	; 0x803d67 <pxCurrentTCB+0x1>
    356a:	cd 91       	ld	r28, X+
    356c:	cd bf       	out	0x3d, r28	; 61
    356e:	dd 91       	ld	r29, X+
    3570:	de bf       	out	0x3e, r29	; 62
    3572:	ff 91       	pop	r31
    3574:	ef 91       	pop	r30
    3576:	df 91       	pop	r29
    3578:	cf 91       	pop	r28
    357a:	bf 91       	pop	r27
    357c:	af 91       	pop	r26
    357e:	9f 91       	pop	r25
    3580:	8f 91       	pop	r24
    3582:	7f 91       	pop	r23
    3584:	6f 91       	pop	r22
    3586:	5f 91       	pop	r21
    3588:	4f 91       	pop	r20
    358a:	3f 91       	pop	r19
    358c:	2f 91       	pop	r18
    358e:	1f 91       	pop	r17
    3590:	0f 91       	pop	r16
    3592:	ff 90       	pop	r15
    3594:	ef 90       	pop	r14
    3596:	df 90       	pop	r13
    3598:	cf 90       	pop	r12
    359a:	bf 90       	pop	r11
    359c:	af 90       	pop	r10
    359e:	9f 90       	pop	r9
    35a0:	8f 90       	pop	r8
    35a2:	7f 90       	pop	r7
    35a4:	6f 90       	pop	r6
    35a6:	5f 90       	pop	r5
    35a8:	4f 90       	pop	r4
    35aa:	3f 90       	pop	r3
    35ac:	2f 90       	pop	r2
    35ae:	1f 90       	pop	r1
    35b0:	0f 90       	pop	r0
    35b2:	0c be       	out	0x3c, r0	; 60
    35b4:	0f 90       	pop	r0
    35b6:	0b be       	out	0x3b, r0	; 59
    35b8:	0f 90       	pop	r0
    35ba:	0f be       	out	0x3f, r0	; 63
    35bc:	0f 90       	pop	r0

	asm volatile ( "ret" );
    35be:	08 95       	ret

000035c0 <vPortYieldFromTick>:
 * call comes from the tick ISR.
 */
void vPortYieldFromTick( void ) __attribute__ ( ( naked ) );
void vPortYieldFromTick( void )
{
	portSAVE_CONTEXT();
    35c0:	0f 92       	push	r0
    35c2:	0f b6       	in	r0, 0x3f	; 63
    35c4:	f8 94       	cli
    35c6:	0f 92       	push	r0
    35c8:	0b b6       	in	r0, 0x3b	; 59
    35ca:	0f 92       	push	r0
    35cc:	0c b6       	in	r0, 0x3c	; 60
    35ce:	0f 92       	push	r0
    35d0:	1f 92       	push	r1
    35d2:	11 24       	eor	r1, r1
    35d4:	2f 92       	push	r2
    35d6:	3f 92       	push	r3
    35d8:	4f 92       	push	r4
    35da:	5f 92       	push	r5
    35dc:	6f 92       	push	r6
    35de:	7f 92       	push	r7
    35e0:	8f 92       	push	r8
    35e2:	9f 92       	push	r9
    35e4:	af 92       	push	r10
    35e6:	bf 92       	push	r11
    35e8:	cf 92       	push	r12
    35ea:	df 92       	push	r13
    35ec:	ef 92       	push	r14
    35ee:	ff 92       	push	r15
    35f0:	0f 93       	push	r16
    35f2:	1f 93       	push	r17
    35f4:	2f 93       	push	r18
    35f6:	3f 93       	push	r19
    35f8:	4f 93       	push	r20
    35fa:	5f 93       	push	r21
    35fc:	6f 93       	push	r22
    35fe:	7f 93       	push	r23
    3600:	8f 93       	push	r24
    3602:	9f 93       	push	r25
    3604:	af 93       	push	r26
    3606:	bf 93       	push	r27
    3608:	cf 93       	push	r28
    360a:	df 93       	push	r29
    360c:	ef 93       	push	r30
    360e:	ff 93       	push	r31
    3610:	a0 91 66 3d 	lds	r26, 0x3D66	; 0x803d66 <pxCurrentTCB>
    3614:	b0 91 67 3d 	lds	r27, 0x3D67	; 0x803d67 <pxCurrentTCB+0x1>
    3618:	0d b6       	in	r0, 0x3d	; 61
    361a:	0d 92       	st	X+, r0
    361c:	0e b6       	in	r0, 0x3e	; 62
    361e:	0d 92       	st	X+, r0
	vTaskIncrementTick();
    3620:	0e 94 81 1f 	call	0x3f02	; 0x3f02 <vTaskIncrementTick>
	vTaskSwitchContext();
    3624:	0e 94 9f 21 	call	0x433e	; 0x433e <vTaskSwitchContext>
	portRESTORE_CONTEXT();
    3628:	a0 91 66 3d 	lds	r26, 0x3D66	; 0x803d66 <pxCurrentTCB>
    362c:	b0 91 67 3d 	lds	r27, 0x3D67	; 0x803d67 <pxCurrentTCB+0x1>
    3630:	cd 91       	ld	r28, X+
    3632:	cd bf       	out	0x3d, r28	; 61
    3634:	dd 91       	ld	r29, X+
    3636:	de bf       	out	0x3e, r29	; 62
    3638:	ff 91       	pop	r31
    363a:	ef 91       	pop	r30
    363c:	df 91       	pop	r29
    363e:	cf 91       	pop	r28
    3640:	bf 91       	pop	r27
    3642:	af 91       	pop	r26
    3644:	9f 91       	pop	r25
    3646:	8f 91       	pop	r24
    3648:	7f 91       	pop	r23
    364a:	6f 91       	pop	r22
    364c:	5f 91       	pop	r21
    364e:	4f 91       	pop	r20
    3650:	3f 91       	pop	r19
    3652:	2f 91       	pop	r18
    3654:	1f 91       	pop	r17
    3656:	0f 91       	pop	r16
    3658:	ff 90       	pop	r15
    365a:	ef 90       	pop	r14
    365c:	df 90       	pop	r13
    365e:	cf 90       	pop	r12
    3660:	bf 90       	pop	r11
    3662:	af 90       	pop	r10
    3664:	9f 90       	pop	r9
    3666:	8f 90       	pop	r8
    3668:	7f 90       	pop	r7
    366a:	6f 90       	pop	r6
    366c:	5f 90       	pop	r5
    366e:	4f 90       	pop	r4
    3670:	3f 90       	pop	r3
    3672:	2f 90       	pop	r2
    3674:	1f 90       	pop	r1
    3676:	0f 90       	pop	r0
    3678:	0c be       	out	0x3c, r0	; 60
    367a:	0f 90       	pop	r0
    367c:	0b be       	out	0x3b, r0	; 59
    367e:	0f 90       	pop	r0
    3680:	0f be       	out	0x3f, r0	; 63
    3682:	0f 90       	pop	r0

	asm volatile ( "ret" );
    3684:	08 95       	ret

00003686 <__vector_49>:
void RT_VECT (void) __attribute__ ((signal, naked));
void RT_VECT (void)
{
	// For the preemptive scheduler, enable a context switch
	#if configUSE_PREEMPTION == 1
		vPortYieldFromTick ();
    3686:	0e 94 e0 1a 	call	0x35c0	; 0x35c0 <vPortYieldFromTick>
		asm volatile ( "reti" );
    368a:	18 95       	reti

0000368c <prvCopyDataToQueue>:
		}
	}
	portCLEAR_INTERRUPT_MASK_FROM_ISR( uxSavedInterruptStatus );

	return xReturn;
}
    368c:	cf 93       	push	r28
    368e:	df 93       	push	r29
    3690:	ec 01       	movw	r28, r24
    3692:	88 a1       	ldd	r24, Y+32	; 0x20
    3694:	81 11       	cpse	r24, r1
    3696:	0b c0       	rjmp	.+22     	; 0x36ae <prvCopyDataToQueue+0x22>
    3698:	88 81       	ld	r24, Y
    369a:	99 81       	ldd	r25, Y+1	; 0x01
    369c:	89 2b       	or	r24, r25
    369e:	e1 f5       	brne	.+120    	; 0x3718 <prvCopyDataToQueue+0x8c>
    36a0:	8a 81       	ldd	r24, Y+2	; 0x02
    36a2:	9b 81       	ldd	r25, Y+3	; 0x03
    36a4:	0e 94 5a 23 	call	0x46b4	; 0x46b4 <vTaskPriorityDisinherit>
    36a8:	1a 82       	std	Y+2, r1	; 0x02
    36aa:	1b 82       	std	Y+3, r1	; 0x03
    36ac:	35 c0       	rjmp	.+106    	; 0x3718 <prvCopyDataToQueue+0x8c>
    36ae:	41 11       	cpse	r20, r1
    36b0:	17 c0       	rjmp	.+46     	; 0x36e0 <prvCopyDataToQueue+0x54>
    36b2:	48 2f       	mov	r20, r24
    36b4:	50 e0       	ldi	r21, 0x00	; 0
    36b6:	8c 81       	ldd	r24, Y+4	; 0x04
    36b8:	9d 81       	ldd	r25, Y+5	; 0x05
    36ba:	0e 94 cf 23 	call	0x479e	; 0x479e <memcpy>
    36be:	28 a1       	ldd	r18, Y+32	; 0x20
    36c0:	8c 81       	ldd	r24, Y+4	; 0x04
    36c2:	9d 81       	ldd	r25, Y+5	; 0x05
    36c4:	82 0f       	add	r24, r18
    36c6:	91 1d       	adc	r25, r1
    36c8:	8c 83       	std	Y+4, r24	; 0x04
    36ca:	9d 83       	std	Y+5, r25	; 0x05
    36cc:	2a 81       	ldd	r18, Y+2	; 0x02
    36ce:	3b 81       	ldd	r19, Y+3	; 0x03
    36d0:	82 17       	cp	r24, r18
    36d2:	93 07       	cpc	r25, r19
    36d4:	08 f1       	brcs	.+66     	; 0x3718 <prvCopyDataToQueue+0x8c>
    36d6:	88 81       	ld	r24, Y
    36d8:	99 81       	ldd	r25, Y+1	; 0x01
    36da:	8c 83       	std	Y+4, r24	; 0x04
    36dc:	9d 83       	std	Y+5, r25	; 0x05
    36de:	1c c0       	rjmp	.+56     	; 0x3718 <prvCopyDataToQueue+0x8c>
    36e0:	48 2f       	mov	r20, r24
    36e2:	50 e0       	ldi	r21, 0x00	; 0
    36e4:	8e 81       	ldd	r24, Y+6	; 0x06
    36e6:	9f 81       	ldd	r25, Y+7	; 0x07
    36e8:	0e 94 cf 23 	call	0x479e	; 0x479e <memcpy>
    36ec:	88 a1       	ldd	r24, Y+32	; 0x20
    36ee:	90 e0       	ldi	r25, 0x00	; 0
    36f0:	91 95       	neg	r25
    36f2:	81 95       	neg	r24
    36f4:	91 09       	sbc	r25, r1
    36f6:	2e 81       	ldd	r18, Y+6	; 0x06
    36f8:	3f 81       	ldd	r19, Y+7	; 0x07
    36fa:	28 0f       	add	r18, r24
    36fc:	39 1f       	adc	r19, r25
    36fe:	2e 83       	std	Y+6, r18	; 0x06
    3700:	3f 83       	std	Y+7, r19	; 0x07
    3702:	48 81       	ld	r20, Y
    3704:	59 81       	ldd	r21, Y+1	; 0x01
    3706:	24 17       	cp	r18, r20
    3708:	35 07       	cpc	r19, r21
    370a:	30 f4       	brcc	.+12     	; 0x3718 <prvCopyDataToQueue+0x8c>
    370c:	2a 81       	ldd	r18, Y+2	; 0x02
    370e:	3b 81       	ldd	r19, Y+3	; 0x03
    3710:	82 0f       	add	r24, r18
    3712:	93 1f       	adc	r25, r19
    3714:	8e 83       	std	Y+6, r24	; 0x06
    3716:	9f 83       	std	Y+7, r25	; 0x07
    3718:	8e 8d       	ldd	r24, Y+30	; 0x1e
    371a:	8f 5f       	subi	r24, 0xFF	; 255
    371c:	8e 8f       	std	Y+30, r24	; 0x1e
    371e:	df 91       	pop	r29
    3720:	cf 91       	pop	r28
    3722:	08 95       	ret

00003724 <prvCopyDataFromQueue>:
    3724:	fc 01       	movw	r30, r24
    3726:	80 81       	ld	r24, Z
    3728:	91 81       	ldd	r25, Z+1	; 0x01
    372a:	00 97       	sbiw	r24, 0x00	; 0
    372c:	a1 f0       	breq	.+40     	; 0x3756 <prvCopyDataFromQueue+0x32>
    372e:	40 a1       	ldd	r20, Z+32	; 0x20
    3730:	50 e0       	ldi	r21, 0x00	; 0
    3732:	26 81       	ldd	r18, Z+6	; 0x06
    3734:	37 81       	ldd	r19, Z+7	; 0x07
    3736:	24 0f       	add	r18, r20
    3738:	35 1f       	adc	r19, r21
    373a:	26 83       	std	Z+6, r18	; 0x06
    373c:	37 83       	std	Z+7, r19	; 0x07
    373e:	a2 81       	ldd	r26, Z+2	; 0x02
    3740:	b3 81       	ldd	r27, Z+3	; 0x03
    3742:	2a 17       	cp	r18, r26
    3744:	3b 07       	cpc	r19, r27
    3746:	10 f0       	brcs	.+4      	; 0x374c <prvCopyDataFromQueue+0x28>
    3748:	86 83       	std	Z+6, r24	; 0x06
    374a:	97 83       	std	Z+7, r25	; 0x07
    374c:	cb 01       	movw	r24, r22
    374e:	66 81       	ldd	r22, Z+6	; 0x06
    3750:	77 81       	ldd	r23, Z+7	; 0x07
    3752:	0e 94 cf 23 	call	0x479e	; 0x479e <memcpy>
    3756:	08 95       	ret

00003758 <prvUnlockQueue>:
    3758:	0f 93       	push	r16
    375a:	1f 93       	push	r17
    375c:	cf 93       	push	r28
    375e:	df 93       	push	r29
    3760:	ec 01       	movw	r28, r24
    3762:	0f b6       	in	r0, 0x3f	; 63
    3764:	f8 94       	cli
    3766:	0f 92       	push	r0
    3768:	8a a1       	ldd	r24, Y+34	; 0x22
    376a:	18 16       	cp	r1, r24
    376c:	b4 f4       	brge	.+44     	; 0x379a <prvUnlockQueue+0x42>
    376e:	8b 89       	ldd	r24, Y+19	; 0x13
    3770:	81 11       	cpse	r24, r1
    3772:	05 c0       	rjmp	.+10     	; 0x377e <prvUnlockQueue+0x26>
    3774:	12 c0       	rjmp	.+36     	; 0x379a <prvUnlockQueue+0x42>
    3776:	8b 89       	ldd	r24, Y+19	; 0x13
    3778:	81 11       	cpse	r24, r1
    377a:	04 c0       	rjmp	.+8      	; 0x3784 <prvUnlockQueue+0x2c>
    377c:	0e c0       	rjmp	.+28     	; 0x379a <prvUnlockQueue+0x42>
    377e:	8e 01       	movw	r16, r28
    3780:	0d 5e       	subi	r16, 0xED	; 237
    3782:	1f 4f       	sbci	r17, 0xFF	; 255
    3784:	c8 01       	movw	r24, r16
    3786:	0e 94 26 22 	call	0x444c	; 0x444c <xTaskRemoveFromEventList>
    378a:	81 11       	cpse	r24, r1
    378c:	0e 94 e3 22 	call	0x45c6	; 0x45c6 <vTaskMissedYield>
    3790:	8a a1       	ldd	r24, Y+34	; 0x22
    3792:	81 50       	subi	r24, 0x01	; 1
    3794:	8a a3       	std	Y+34, r24	; 0x22
    3796:	18 16       	cp	r1, r24
    3798:	74 f3       	brlt	.-36     	; 0x3776 <prvUnlockQueue+0x1e>
    379a:	8f ef       	ldi	r24, 0xFF	; 255
    379c:	8a a3       	std	Y+34, r24	; 0x22
    379e:	0f 90       	pop	r0
    37a0:	0f be       	out	0x3f, r0	; 63
    37a2:	0f b6       	in	r0, 0x3f	; 63
    37a4:	f8 94       	cli
    37a6:	0f 92       	push	r0
    37a8:	89 a1       	ldd	r24, Y+33	; 0x21
    37aa:	18 16       	cp	r1, r24
    37ac:	b4 f4       	brge	.+44     	; 0x37da <prvUnlockQueue+0x82>
    37ae:	88 85       	ldd	r24, Y+8	; 0x08
    37b0:	81 11       	cpse	r24, r1
    37b2:	05 c0       	rjmp	.+10     	; 0x37be <prvUnlockQueue+0x66>
    37b4:	12 c0       	rjmp	.+36     	; 0x37da <prvUnlockQueue+0x82>
    37b6:	88 85       	ldd	r24, Y+8	; 0x08
    37b8:	81 11       	cpse	r24, r1
    37ba:	04 c0       	rjmp	.+8      	; 0x37c4 <prvUnlockQueue+0x6c>
    37bc:	0e c0       	rjmp	.+28     	; 0x37da <prvUnlockQueue+0x82>
    37be:	8e 01       	movw	r16, r28
    37c0:	08 5f       	subi	r16, 0xF8	; 248
    37c2:	1f 4f       	sbci	r17, 0xFF	; 255
    37c4:	c8 01       	movw	r24, r16
    37c6:	0e 94 26 22 	call	0x444c	; 0x444c <xTaskRemoveFromEventList>
    37ca:	81 11       	cpse	r24, r1
    37cc:	0e 94 e3 22 	call	0x45c6	; 0x45c6 <vTaskMissedYield>
    37d0:	89 a1       	ldd	r24, Y+33	; 0x21
    37d2:	81 50       	subi	r24, 0x01	; 1
    37d4:	89 a3       	std	Y+33, r24	; 0x21
    37d6:	18 16       	cp	r1, r24
    37d8:	74 f3       	brlt	.-36     	; 0x37b6 <prvUnlockQueue+0x5e>
    37da:	8f ef       	ldi	r24, 0xFF	; 255
    37dc:	89 a3       	std	Y+33, r24	; 0x21
    37de:	0f 90       	pop	r0
    37e0:	0f be       	out	0x3f, r0	; 63
    37e2:	df 91       	pop	r29
    37e4:	cf 91       	pop	r28
    37e6:	1f 91       	pop	r17
    37e8:	0f 91       	pop	r16
    37ea:	08 95       	ret

000037ec <xQueueGenericReset>:
    37ec:	1f 93       	push	r17
    37ee:	cf 93       	push	r28
    37f0:	df 93       	push	r29
    37f2:	61 30       	cpi	r22, 0x01	; 1
    37f4:	59 f0       	breq	.+22     	; 0x380c <xQueueGenericReset+0x20>
    37f6:	fc 01       	movw	r30, r24
    37f8:	23 89       	ldd	r18, Z+19	; 0x13
    37fa:	30 85       	ldd	r19, Z+8	; 0x08
    37fc:	31 11       	cpse	r19, r1
    37fe:	2c c0       	rjmp	.+88     	; 0x3858 <xQueueGenericReset+0x6c>
    3800:	11 e0       	ldi	r17, 0x01	; 1
    3802:	21 11       	cpse	r18, r1
    3804:	10 e0       	ldi	r17, 0x00	; 0
    3806:	21 11       	cpse	r18, r1
    3808:	28 c0       	rjmp	.+80     	; 0x385a <xQueueGenericReset+0x6e>
    380a:	01 c0       	rjmp	.+2      	; 0x380e <xQueueGenericReset+0x22>
    380c:	11 e0       	ldi	r17, 0x01	; 1
    380e:	ec 01       	movw	r28, r24
    3810:	48 81       	ld	r20, Y
    3812:	59 81       	ldd	r21, Y+1	; 0x01
    3814:	28 a1       	ldd	r18, Y+32	; 0x20
    3816:	30 e0       	ldi	r19, 0x00	; 0
    3818:	6f 8d       	ldd	r22, Y+31	; 0x1f
    381a:	62 9f       	mul	r22, r18
    381c:	c0 01       	movw	r24, r0
    381e:	63 9f       	mul	r22, r19
    3820:	90 0d       	add	r25, r0
    3822:	11 24       	eor	r1, r1
    3824:	ba 01       	movw	r22, r20
    3826:	68 0f       	add	r22, r24
    3828:	79 1f       	adc	r23, r25
    382a:	6a 83       	std	Y+2, r22	; 0x02
    382c:	7b 83       	std	Y+3, r23	; 0x03
    382e:	1e 8e       	std	Y+30, r1	; 0x1e
    3830:	4c 83       	std	Y+4, r20	; 0x04
    3832:	5d 83       	std	Y+5, r21	; 0x05
    3834:	82 1b       	sub	r24, r18
    3836:	93 0b       	sbc	r25, r19
    3838:	84 0f       	add	r24, r20
    383a:	95 1f       	adc	r25, r21
    383c:	8e 83       	std	Y+6, r24	; 0x06
    383e:	9f 83       	std	Y+7, r25	; 0x07
    3840:	8f ef       	ldi	r24, 0xFF	; 255
    3842:	89 a3       	std	Y+33, r24	; 0x21
    3844:	8a a3       	std	Y+34, r24	; 0x22
    3846:	ce 01       	movw	r24, r28
    3848:	08 96       	adiw	r24, 0x08	; 8
    384a:	0e 94 1e 19 	call	0x323c	; 0x323c <vListInitialise>
    384e:	ce 01       	movw	r24, r28
    3850:	43 96       	adiw	r24, 0x13	; 19
    3852:	0e 94 1e 19 	call	0x323c	; 0x323c <vListInitialise>
    3856:	01 c0       	rjmp	.+2      	; 0x385a <xQueueGenericReset+0x6e>
    3858:	10 e0       	ldi	r17, 0x00	; 0
    385a:	81 2f       	mov	r24, r17
    385c:	df 91       	pop	r29
    385e:	cf 91       	pop	r28
    3860:	1f 91       	pop	r17
    3862:	08 95       	ret

00003864 <xQueueGenericCreate>:
    3864:	0f 93       	push	r16
    3866:	1f 93       	push	r17
    3868:	cf 93       	push	r28
    386a:	df 93       	push	r29
    386c:	88 23       	and	r24, r24
    386e:	01 f1       	breq	.+64     	; 0x38b0 <xQueueGenericCreate+0x4c>
    3870:	06 2f       	mov	r16, r22
    3872:	18 2f       	mov	r17, r24
    3874:	83 e2       	ldi	r24, 0x23	; 35
    3876:	90 e0       	ldi	r25, 0x00	; 0
    3878:	0e 94 4c 18 	call	0x3098	; 0x3098 <pvPortMalloc>
    387c:	ec 01       	movw	r28, r24
    387e:	89 2b       	or	r24, r25
    3880:	c9 f0       	breq	.+50     	; 0x38b4 <xQueueGenericCreate+0x50>
    3882:	10 9f       	mul	r17, r16
    3884:	c0 01       	movw	r24, r0
    3886:	11 24       	eor	r1, r1
    3888:	01 96       	adiw	r24, 0x01	; 1
    388a:	0e 94 4c 18 	call	0x3098	; 0x3098 <pvPortMalloc>
    388e:	88 83       	st	Y, r24
    3890:	99 83       	std	Y+1, r25	; 0x01
    3892:	89 2b       	or	r24, r25
    3894:	39 f0       	breq	.+14     	; 0x38a4 <xQueueGenericCreate+0x40>
    3896:	1f 8f       	std	Y+31, r17	; 0x1f
    3898:	08 a3       	std	Y+32, r16	; 0x20
    389a:	61 e0       	ldi	r22, 0x01	; 1
    389c:	ce 01       	movw	r24, r28
    389e:	0e 94 f6 1b 	call	0x37ec	; 0x37ec <xQueueGenericReset>
    38a2:	08 c0       	rjmp	.+16     	; 0x38b4 <xQueueGenericCreate+0x50>
    38a4:	ce 01       	movw	r24, r28
    38a6:	0e 94 e6 18 	call	0x31cc	; 0x31cc <vPortFree>
    38aa:	c0 e0       	ldi	r28, 0x00	; 0
    38ac:	d0 e0       	ldi	r29, 0x00	; 0
    38ae:	02 c0       	rjmp	.+4      	; 0x38b4 <xQueueGenericCreate+0x50>
    38b0:	c0 e0       	ldi	r28, 0x00	; 0
    38b2:	d0 e0       	ldi	r29, 0x00	; 0
    38b4:	ce 01       	movw	r24, r28
    38b6:	df 91       	pop	r29
    38b8:	cf 91       	pop	r28
    38ba:	1f 91       	pop	r17
    38bc:	0f 91       	pop	r16
    38be:	08 95       	ret

000038c0 <xQueueGenericSend>:
    38c0:	af 92       	push	r10
    38c2:	bf 92       	push	r11
    38c4:	cf 92       	push	r12
    38c6:	df 92       	push	r13
    38c8:	ef 92       	push	r14
    38ca:	ff 92       	push	r15
    38cc:	0f 93       	push	r16
    38ce:	1f 93       	push	r17
    38d0:	cf 93       	push	r28
    38d2:	df 93       	push	r29
    38d4:	cd b7       	in	r28, 0x3d	; 61
    38d6:	de b7       	in	r29, 0x3e	; 62
    38d8:	29 97       	sbiw	r28, 0x09	; 9
    38da:	cd bf       	out	0x3d, r28	; 61
    38dc:	de bf       	out	0x3e, r29	; 62
    38de:	7c 01       	movw	r14, r24
    38e0:	5b 01       	movw	r10, r22
    38e2:	2e 83       	std	Y+6, r18	; 0x06
    38e4:	3f 83       	std	Y+7, r19	; 0x07
    38e6:	48 87       	std	Y+8, r20	; 0x08
    38e8:	59 87       	std	Y+9, r21	; 0x09
    38ea:	10 e0       	ldi	r17, 0x00	; 0
    38ec:	6c 01       	movw	r12, r24
    38ee:	88 e0       	ldi	r24, 0x08	; 8
    38f0:	c8 0e       	add	r12, r24
    38f2:	d1 1c       	adc	r13, r1
    38f4:	0f b6       	in	r0, 0x3f	; 63
    38f6:	f8 94       	cli
    38f8:	0f 92       	push	r0
    38fa:	f7 01       	movw	r30, r14
    38fc:	96 8d       	ldd	r25, Z+30	; 0x1e
    38fe:	87 8d       	ldd	r24, Z+31	; 0x1f
    3900:	98 17       	cp	r25, r24
    3902:	a8 f4       	brcc	.+42     	; 0x392e <xQueueGenericSend+0x6e>
    3904:	40 2f       	mov	r20, r16
    3906:	b5 01       	movw	r22, r10
    3908:	c7 01       	movw	r24, r14
    390a:	0e 94 46 1b 	call	0x368c	; 0x368c <prvCopyDataToQueue>
    390e:	f7 01       	movw	r30, r14
    3910:	83 89       	ldd	r24, Z+19	; 0x13
    3912:	88 23       	and	r24, r24
    3914:	41 f0       	breq	.+16     	; 0x3926 <xQueueGenericSend+0x66>
    3916:	c7 01       	movw	r24, r14
    3918:	43 96       	adiw	r24, 0x13	; 19
    391a:	0e 94 26 22 	call	0x444c	; 0x444c <xTaskRemoveFromEventList>
    391e:	81 30       	cpi	r24, 0x01	; 1
    3920:	11 f4       	brne	.+4      	; 0x3926 <xQueueGenericSend+0x66>
    3922:	0e 94 7f 1a 	call	0x34fe	; 0x34fe <vPortYield>
    3926:	0f 90       	pop	r0
    3928:	0f be       	out	0x3f, r0	; 63
    392a:	81 e0       	ldi	r24, 0x01	; 1
    392c:	56 c0       	rjmp	.+172    	; 0x39da <xQueueGenericSend+0x11a>
    392e:	8e 81       	ldd	r24, Y+6	; 0x06
    3930:	9f 81       	ldd	r25, Y+7	; 0x07
    3932:	a8 85       	ldd	r26, Y+8	; 0x08
    3934:	b9 85       	ldd	r27, Y+9	; 0x09
    3936:	89 2b       	or	r24, r25
    3938:	8a 2b       	or	r24, r26
    393a:	8b 2b       	or	r24, r27
    393c:	21 f4       	brne	.+8      	; 0x3946 <xQueueGenericSend+0x86>
    393e:	0f 90       	pop	r0
    3940:	0f be       	out	0x3f, r0	; 63
    3942:	80 e0       	ldi	r24, 0x00	; 0
    3944:	4a c0       	rjmp	.+148    	; 0x39da <xQueueGenericSend+0x11a>
    3946:	11 11       	cpse	r17, r1
    3948:	05 c0       	rjmp	.+10     	; 0x3954 <xQueueGenericSend+0x94>
    394a:	ce 01       	movw	r24, r28
    394c:	01 96       	adiw	r24, 0x01	; 1
    394e:	0e 94 65 22 	call	0x44ca	; 0x44ca <vTaskSetTimeOutState>
    3952:	11 e0       	ldi	r17, 0x01	; 1
    3954:	0f 90       	pop	r0
    3956:	0f be       	out	0x3f, r0	; 63
    3958:	0e 94 60 1f 	call	0x3ec0	; 0x3ec0 <vTaskSuspendAll>
    395c:	0f b6       	in	r0, 0x3f	; 63
    395e:	f8 94       	cli
    3960:	0f 92       	push	r0
    3962:	f7 01       	movw	r30, r14
    3964:	81 a1       	ldd	r24, Z+33	; 0x21
    3966:	8f 3f       	cpi	r24, 0xFF	; 255
    3968:	09 f4       	brne	.+2      	; 0x396c <xQueueGenericSend+0xac>
    396a:	11 a2       	std	Z+33, r1	; 0x21
    396c:	f7 01       	movw	r30, r14
    396e:	82 a1       	ldd	r24, Z+34	; 0x22
    3970:	8f 3f       	cpi	r24, 0xFF	; 255
    3972:	09 f4       	brne	.+2      	; 0x3976 <xQueueGenericSend+0xb6>
    3974:	12 a2       	std	Z+34, r1	; 0x22
    3976:	0f 90       	pop	r0
    3978:	0f be       	out	0x3f, r0	; 63
    397a:	be 01       	movw	r22, r28
    397c:	6a 5f       	subi	r22, 0xFA	; 250
    397e:	7f 4f       	sbci	r23, 0xFF	; 255
    3980:	ce 01       	movw	r24, r28
    3982:	01 96       	adiw	r24, 0x01	; 1
    3984:	0e 94 76 22 	call	0x44ec	; 0x44ec <xTaskCheckForTimeOut>
    3988:	81 11       	cpse	r24, r1
    398a:	21 c0       	rjmp	.+66     	; 0x39ce <xQueueGenericSend+0x10e>
    398c:	0f b6       	in	r0, 0x3f	; 63
    398e:	f8 94       	cli
    3990:	0f 92       	push	r0
    3992:	f7 01       	movw	r30, r14
    3994:	96 8d       	ldd	r25, Z+30	; 0x1e
    3996:	0f 90       	pop	r0
    3998:	0f be       	out	0x3f, r0	; 63
    399a:	87 8d       	ldd	r24, Z+31	; 0x1f
    399c:	98 13       	cpse	r25, r24
    399e:	11 c0       	rjmp	.+34     	; 0x39c2 <xQueueGenericSend+0x102>
    39a0:	4e 81       	ldd	r20, Y+6	; 0x06
    39a2:	5f 81       	ldd	r21, Y+7	; 0x07
    39a4:	68 85       	ldd	r22, Y+8	; 0x08
    39a6:	79 85       	ldd	r23, Y+9	; 0x09
    39a8:	c6 01       	movw	r24, r12
    39aa:	0e 94 fc 21 	call	0x43f8	; 0x43f8 <vTaskPlaceOnEventList>
    39ae:	c7 01       	movw	r24, r14
    39b0:	0e 94 ac 1b 	call	0x3758	; 0x3758 <prvUnlockQueue>
    39b4:	0e 94 82 20 	call	0x4104	; 0x4104 <xTaskResumeAll>
    39b8:	81 11       	cpse	r24, r1
    39ba:	9c cf       	rjmp	.-200    	; 0x38f4 <xQueueGenericSend+0x34>
    39bc:	0e 94 7f 1a 	call	0x34fe	; 0x34fe <vPortYield>
    39c0:	99 cf       	rjmp	.-206    	; 0x38f4 <xQueueGenericSend+0x34>
    39c2:	c7 01       	movw	r24, r14
    39c4:	0e 94 ac 1b 	call	0x3758	; 0x3758 <prvUnlockQueue>
    39c8:	0e 94 82 20 	call	0x4104	; 0x4104 <xTaskResumeAll>
    39cc:	93 cf       	rjmp	.-218    	; 0x38f4 <xQueueGenericSend+0x34>
    39ce:	c7 01       	movw	r24, r14
    39d0:	0e 94 ac 1b 	call	0x3758	; 0x3758 <prvUnlockQueue>
    39d4:	0e 94 82 20 	call	0x4104	; 0x4104 <xTaskResumeAll>
    39d8:	80 e0       	ldi	r24, 0x00	; 0
    39da:	29 96       	adiw	r28, 0x09	; 9
    39dc:	cd bf       	out	0x3d, r28	; 61
    39de:	de bf       	out	0x3e, r29	; 62
    39e0:	df 91       	pop	r29
    39e2:	cf 91       	pop	r28
    39e4:	1f 91       	pop	r17
    39e6:	0f 91       	pop	r16
    39e8:	ff 90       	pop	r15
    39ea:	ef 90       	pop	r14
    39ec:	df 90       	pop	r13
    39ee:	cf 90       	pop	r12
    39f0:	bf 90       	pop	r11
    39f2:	af 90       	pop	r10
    39f4:	08 95       	ret

000039f6 <xQueueGenericReceive>:
    39f6:	af 92       	push	r10
    39f8:	bf 92       	push	r11
    39fa:	cf 92       	push	r12
    39fc:	df 92       	push	r13
    39fe:	ef 92       	push	r14
    3a00:	ff 92       	push	r15
    3a02:	0f 93       	push	r16
    3a04:	1f 93       	push	r17
    3a06:	cf 93       	push	r28
    3a08:	df 93       	push	r29
    3a0a:	cd b7       	in	r28, 0x3d	; 61
    3a0c:	de b7       	in	r29, 0x3e	; 62
    3a0e:	29 97       	sbiw	r28, 0x09	; 9
    3a10:	cd bf       	out	0x3d, r28	; 61
    3a12:	de bf       	out	0x3e, r29	; 62
    3a14:	7c 01       	movw	r14, r24
    3a16:	5b 01       	movw	r10, r22
    3a18:	2e 83       	std	Y+6, r18	; 0x06
    3a1a:	3f 83       	std	Y+7, r19	; 0x07
    3a1c:	48 87       	std	Y+8, r20	; 0x08
    3a1e:	59 87       	std	Y+9, r21	; 0x09
    3a20:	10 e0       	ldi	r17, 0x00	; 0
    3a22:	6c 01       	movw	r12, r24
    3a24:	83 e1       	ldi	r24, 0x13	; 19
    3a26:	c8 0e       	add	r12, r24
    3a28:	d1 1c       	adc	r13, r1
    3a2a:	0f b6       	in	r0, 0x3f	; 63
    3a2c:	f8 94       	cli
    3a2e:	0f 92       	push	r0
    3a30:	f7 01       	movw	r30, r14
    3a32:	86 8d       	ldd	r24, Z+30	; 0x1e
    3a34:	88 23       	and	r24, r24
    3a36:	99 f1       	breq	.+102    	; 0x3a9e <xQueueGenericReceive+0xa8>
    3a38:	c6 80       	ldd	r12, Z+6	; 0x06
    3a3a:	d7 80       	ldd	r13, Z+7	; 0x07
    3a3c:	b5 01       	movw	r22, r10
    3a3e:	c7 01       	movw	r24, r14
    3a40:	0e 94 92 1b 	call	0x3724	; 0x3724 <prvCopyDataFromQueue>
    3a44:	01 11       	cpse	r16, r1
    3a46:	1a c0       	rjmp	.+52     	; 0x3a7c <xQueueGenericReceive+0x86>
    3a48:	f7 01       	movw	r30, r14
    3a4a:	86 8d       	ldd	r24, Z+30	; 0x1e
    3a4c:	81 50       	subi	r24, 0x01	; 1
    3a4e:	86 8f       	std	Z+30, r24	; 0x1e
    3a50:	80 81       	ld	r24, Z
    3a52:	91 81       	ldd	r25, Z+1	; 0x01
    3a54:	89 2b       	or	r24, r25
    3a56:	29 f4       	brne	.+10     	; 0x3a62 <xQueueGenericReceive+0x6c>
    3a58:	0e 94 00 23 	call	0x4600	; 0x4600 <xTaskGetCurrentTaskHandle>
    3a5c:	f7 01       	movw	r30, r14
    3a5e:	82 83       	std	Z+2, r24	; 0x02
    3a60:	93 83       	std	Z+3, r25	; 0x03
    3a62:	f7 01       	movw	r30, r14
    3a64:	80 85       	ldd	r24, Z+8	; 0x08
    3a66:	88 23       	and	r24, r24
    3a68:	b1 f0       	breq	.+44     	; 0x3a96 <xQueueGenericReceive+0xa0>
    3a6a:	c7 01       	movw	r24, r14
    3a6c:	08 96       	adiw	r24, 0x08	; 8
    3a6e:	0e 94 26 22 	call	0x444c	; 0x444c <xTaskRemoveFromEventList>
    3a72:	81 30       	cpi	r24, 0x01	; 1
    3a74:	81 f4       	brne	.+32     	; 0x3a96 <xQueueGenericReceive+0xa0>
    3a76:	0e 94 7f 1a 	call	0x34fe	; 0x34fe <vPortYield>
    3a7a:	0d c0       	rjmp	.+26     	; 0x3a96 <xQueueGenericReceive+0xa0>
    3a7c:	f7 01       	movw	r30, r14
    3a7e:	c6 82       	std	Z+6, r12	; 0x06
    3a80:	d7 82       	std	Z+7, r13	; 0x07
    3a82:	83 89       	ldd	r24, Z+19	; 0x13
    3a84:	88 23       	and	r24, r24
    3a86:	39 f0       	breq	.+14     	; 0x3a96 <xQueueGenericReceive+0xa0>
    3a88:	c7 01       	movw	r24, r14
    3a8a:	43 96       	adiw	r24, 0x13	; 19
    3a8c:	0e 94 26 22 	call	0x444c	; 0x444c <xTaskRemoveFromEventList>
    3a90:	81 11       	cpse	r24, r1
    3a92:	0e 94 7f 1a 	call	0x34fe	; 0x34fe <vPortYield>
    3a96:	0f 90       	pop	r0
    3a98:	0f be       	out	0x3f, r0	; 63
    3a9a:	81 e0       	ldi	r24, 0x01	; 1
    3a9c:	62 c0       	rjmp	.+196    	; 0x3b62 <xQueueGenericReceive+0x16c>
    3a9e:	8e 81       	ldd	r24, Y+6	; 0x06
    3aa0:	9f 81       	ldd	r25, Y+7	; 0x07
    3aa2:	a8 85       	ldd	r26, Y+8	; 0x08
    3aa4:	b9 85       	ldd	r27, Y+9	; 0x09
    3aa6:	89 2b       	or	r24, r25
    3aa8:	8a 2b       	or	r24, r26
    3aaa:	8b 2b       	or	r24, r27
    3aac:	21 f4       	brne	.+8      	; 0x3ab6 <xQueueGenericReceive+0xc0>
    3aae:	0f 90       	pop	r0
    3ab0:	0f be       	out	0x3f, r0	; 63
    3ab2:	80 e0       	ldi	r24, 0x00	; 0
    3ab4:	56 c0       	rjmp	.+172    	; 0x3b62 <xQueueGenericReceive+0x16c>
    3ab6:	11 11       	cpse	r17, r1
    3ab8:	05 c0       	rjmp	.+10     	; 0x3ac4 <xQueueGenericReceive+0xce>
    3aba:	ce 01       	movw	r24, r28
    3abc:	01 96       	adiw	r24, 0x01	; 1
    3abe:	0e 94 65 22 	call	0x44ca	; 0x44ca <vTaskSetTimeOutState>
    3ac2:	11 e0       	ldi	r17, 0x01	; 1
    3ac4:	0f 90       	pop	r0
    3ac6:	0f be       	out	0x3f, r0	; 63
    3ac8:	0e 94 60 1f 	call	0x3ec0	; 0x3ec0 <vTaskSuspendAll>
    3acc:	0f b6       	in	r0, 0x3f	; 63
    3ace:	f8 94       	cli
    3ad0:	0f 92       	push	r0
    3ad2:	f7 01       	movw	r30, r14
    3ad4:	81 a1       	ldd	r24, Z+33	; 0x21
    3ad6:	8f 3f       	cpi	r24, 0xFF	; 255
    3ad8:	09 f4       	brne	.+2      	; 0x3adc <xQueueGenericReceive+0xe6>
    3ada:	11 a2       	std	Z+33, r1	; 0x21
    3adc:	f7 01       	movw	r30, r14
    3ade:	82 a1       	ldd	r24, Z+34	; 0x22
    3ae0:	8f 3f       	cpi	r24, 0xFF	; 255
    3ae2:	09 f4       	brne	.+2      	; 0x3ae6 <xQueueGenericReceive+0xf0>
    3ae4:	12 a2       	std	Z+34, r1	; 0x22
    3ae6:	0f 90       	pop	r0
    3ae8:	0f be       	out	0x3f, r0	; 63
    3aea:	be 01       	movw	r22, r28
    3aec:	6a 5f       	subi	r22, 0xFA	; 250
    3aee:	7f 4f       	sbci	r23, 0xFF	; 255
    3af0:	ce 01       	movw	r24, r28
    3af2:	01 96       	adiw	r24, 0x01	; 1
    3af4:	0e 94 76 22 	call	0x44ec	; 0x44ec <xTaskCheckForTimeOut>
    3af8:	81 11       	cpse	r24, r1
    3afa:	2d c0       	rjmp	.+90     	; 0x3b56 <xQueueGenericReceive+0x160>
    3afc:	0f b6       	in	r0, 0x3f	; 63
    3afe:	f8 94       	cli
    3b00:	0f 92       	push	r0
    3b02:	f7 01       	movw	r30, r14
    3b04:	86 8d       	ldd	r24, Z+30	; 0x1e
    3b06:	0f 90       	pop	r0
    3b08:	0f be       	out	0x3f, r0	; 63
    3b0a:	81 11       	cpse	r24, r1
    3b0c:	1e c0       	rjmp	.+60     	; 0x3b4a <xQueueGenericReceive+0x154>
    3b0e:	80 81       	ld	r24, Z
    3b10:	91 81       	ldd	r25, Z+1	; 0x01
    3b12:	89 2b       	or	r24, r25
    3b14:	49 f4       	brne	.+18     	; 0x3b28 <xQueueGenericReceive+0x132>
    3b16:	0f b6       	in	r0, 0x3f	; 63
    3b18:	f8 94       	cli
    3b1a:	0f 92       	push	r0
    3b1c:	82 81       	ldd	r24, Z+2	; 0x02
    3b1e:	93 81       	ldd	r25, Z+3	; 0x03
    3b20:	0e 94 05 23 	call	0x460a	; 0x460a <vTaskPriorityInherit>
    3b24:	0f 90       	pop	r0
    3b26:	0f be       	out	0x3f, r0	; 63
    3b28:	4e 81       	ldd	r20, Y+6	; 0x06
    3b2a:	5f 81       	ldd	r21, Y+7	; 0x07
    3b2c:	68 85       	ldd	r22, Y+8	; 0x08
    3b2e:	79 85       	ldd	r23, Y+9	; 0x09
    3b30:	c6 01       	movw	r24, r12
    3b32:	0e 94 fc 21 	call	0x43f8	; 0x43f8 <vTaskPlaceOnEventList>
    3b36:	c7 01       	movw	r24, r14
    3b38:	0e 94 ac 1b 	call	0x3758	; 0x3758 <prvUnlockQueue>
    3b3c:	0e 94 82 20 	call	0x4104	; 0x4104 <xTaskResumeAll>
    3b40:	81 11       	cpse	r24, r1
    3b42:	73 cf       	rjmp	.-282    	; 0x3a2a <xQueueGenericReceive+0x34>
    3b44:	0e 94 7f 1a 	call	0x34fe	; 0x34fe <vPortYield>
    3b48:	70 cf       	rjmp	.-288    	; 0x3a2a <xQueueGenericReceive+0x34>
    3b4a:	c7 01       	movw	r24, r14
    3b4c:	0e 94 ac 1b 	call	0x3758	; 0x3758 <prvUnlockQueue>
    3b50:	0e 94 82 20 	call	0x4104	; 0x4104 <xTaskResumeAll>
    3b54:	6a cf       	rjmp	.-300    	; 0x3a2a <xQueueGenericReceive+0x34>
    3b56:	c7 01       	movw	r24, r14
    3b58:	0e 94 ac 1b 	call	0x3758	; 0x3758 <prvUnlockQueue>
    3b5c:	0e 94 82 20 	call	0x4104	; 0x4104 <xTaskResumeAll>
    3b60:	80 e0       	ldi	r24, 0x00	; 0
    3b62:	29 96       	adiw	r28, 0x09	; 9
    3b64:	cd bf       	out	0x3d, r28	; 61
    3b66:	de bf       	out	0x3e, r29	; 62
    3b68:	df 91       	pop	r29
    3b6a:	cf 91       	pop	r28
    3b6c:	1f 91       	pop	r17
    3b6e:	0f 91       	pop	r16
    3b70:	ff 90       	pop	r15
    3b72:	ef 90       	pop	r14
    3b74:	df 90       	pop	r13
    3b76:	cf 90       	pop	r12
    3b78:	bf 90       	pop	r11
    3b7a:	af 90       	pop	r10
    3b7c:	08 95       	ret

00003b7e <uxQueueMessagesWaiting>:
{
unsigned portBASE_TYPE uxReturn;

	configASSERT( pxQueue );

	taskENTER_CRITICAL();
    3b7e:	0f b6       	in	r0, 0x3f	; 63
    3b80:	f8 94       	cli
    3b82:	0f 92       	push	r0
		uxReturn = pxQueue->uxMessagesWaiting;
    3b84:	fc 01       	movw	r30, r24
    3b86:	86 8d       	ldd	r24, Z+30	; 0x1e
	taskEXIT_CRITICAL();
    3b88:	0f 90       	pop	r0
    3b8a:	0f be       	out	0x3f, r0	; 63

	return uxReturn;
}
    3b8c:	08 95       	ret

00003b8e <prvIdleTask>:
unsigned portBASE_TYPE uxTaskGetNumberOfTasks( void )
{
	/* A critical section is not required because the variables are of type
	portBASE_TYPE. */
	return uxCurrentNumberOfTasks;
}
    3b8e:	ca e3       	ldi	r28, 0x3A	; 58
    3b90:	dd e3       	ldi	r29, 0x3D	; 61
    3b92:	88 81       	ld	r24, Y
    3b94:	82 30       	cpi	r24, 0x02	; 2
    3b96:	e8 f3       	brcs	.-6      	; 0x3b92 <prvIdleTask+0x4>
    3b98:	0e 94 7f 1a 	call	0x34fe	; 0x34fe <vPortYield>
    3b9c:	fa cf       	rjmp	.-12     	; 0x3b92 <prvIdleTask+0x4>

00003b9e <prvAddCurrentTaskToDelayedList>:
    3b9e:	cf 92       	push	r12
    3ba0:	df 92       	push	r13
    3ba2:	ef 92       	push	r14
    3ba4:	ff 92       	push	r15
    3ba6:	6b 01       	movw	r12, r22
    3ba8:	7c 01       	movw	r14, r24
    3baa:	e0 91 66 3d 	lds	r30, 0x3D66	; 0x803d66 <pxCurrentTCB>
    3bae:	f0 91 67 3d 	lds	r31, 0x3D67	; 0x803d67 <pxCurrentTCB+0x1>
    3bb2:	62 83       	std	Z+2, r22	; 0x02
    3bb4:	73 83       	std	Z+3, r23	; 0x03
    3bb6:	84 83       	std	Z+4, r24	; 0x04
    3bb8:	95 83       	std	Z+5, r25	; 0x05
    3bba:	80 91 0e 3d 	lds	r24, 0x3D0E	; 0x803d0e <xTickCount>
    3bbe:	90 91 0f 3d 	lds	r25, 0x3D0F	; 0x803d0f <xTickCount+0x1>
    3bc2:	a0 91 10 3d 	lds	r26, 0x3D10	; 0x803d10 <xTickCount+0x2>
    3bc6:	b0 91 11 3d 	lds	r27, 0x3D11	; 0x803d11 <xTickCount+0x3>
    3bca:	c8 16       	cp	r12, r24
    3bcc:	d9 06       	cpc	r13, r25
    3bce:	ea 06       	cpc	r14, r26
    3bd0:	fb 06       	cpc	r15, r27
    3bd2:	68 f4       	brcc	.+26     	; 0x3bee <prvAddCurrentTaskToDelayedList+0x50>
    3bd4:	60 91 66 3d 	lds	r22, 0x3D66	; 0x803d66 <pxCurrentTCB>
    3bd8:	70 91 67 3d 	lds	r23, 0x3D67	; 0x803d67 <pxCurrentTCB+0x1>
    3bdc:	80 91 20 3d 	lds	r24, 0x3D20	; 0x803d20 <pxOverflowDelayedTaskList>
    3be0:	90 91 21 3d 	lds	r25, 0x3D21	; 0x803d21 <pxOverflowDelayedTaskList+0x1>
    3be4:	6e 5f       	subi	r22, 0xFE	; 254
    3be6:	7f 4f       	sbci	r23, 0xFF	; 255
    3be8:	0e 94 5a 19 	call	0x32b4	; 0x32b4 <vListInsert>
    3bec:	21 c0       	rjmp	.+66     	; 0x3c30 <prvAddCurrentTaskToDelayedList+0x92>
    3bee:	60 91 66 3d 	lds	r22, 0x3D66	; 0x803d66 <pxCurrentTCB>
    3bf2:	70 91 67 3d 	lds	r23, 0x3D67	; 0x803d67 <pxCurrentTCB+0x1>
    3bf6:	80 91 22 3d 	lds	r24, 0x3D22	; 0x803d22 <pxDelayedTaskList>
    3bfa:	90 91 23 3d 	lds	r25, 0x3D23	; 0x803d23 <pxDelayedTaskList+0x1>
    3bfe:	6e 5f       	subi	r22, 0xFE	; 254
    3c00:	7f 4f       	sbci	r23, 0xFF	; 255
    3c02:	0e 94 5a 19 	call	0x32b4	; 0x32b4 <vListInsert>
    3c06:	80 91 02 20 	lds	r24, 0x2002	; 0x802002 <xNextTaskUnblockTime>
    3c0a:	90 91 03 20 	lds	r25, 0x2003	; 0x802003 <xNextTaskUnblockTime+0x1>
    3c0e:	a0 91 04 20 	lds	r26, 0x2004	; 0x802004 <xNextTaskUnblockTime+0x2>
    3c12:	b0 91 05 20 	lds	r27, 0x2005	; 0x802005 <xNextTaskUnblockTime+0x3>
    3c16:	c8 16       	cp	r12, r24
    3c18:	d9 06       	cpc	r13, r25
    3c1a:	ea 06       	cpc	r14, r26
    3c1c:	fb 06       	cpc	r15, r27
    3c1e:	40 f4       	brcc	.+16     	; 0x3c30 <prvAddCurrentTaskToDelayedList+0x92>
    3c20:	c0 92 02 20 	sts	0x2002, r12	; 0x802002 <xNextTaskUnblockTime>
    3c24:	d0 92 03 20 	sts	0x2003, r13	; 0x802003 <xNextTaskUnblockTime+0x1>
    3c28:	e0 92 04 20 	sts	0x2004, r14	; 0x802004 <xNextTaskUnblockTime+0x2>
    3c2c:	f0 92 05 20 	sts	0x2005, r15	; 0x802005 <xNextTaskUnblockTime+0x3>
    3c30:	ff 90       	pop	r15
    3c32:	ef 90       	pop	r14
    3c34:	df 90       	pop	r13
    3c36:	cf 90       	pop	r12
    3c38:	08 95       	ret

00003c3a <xTaskGenericCreate>:
    3c3a:	4f 92       	push	r4
    3c3c:	5f 92       	push	r5
    3c3e:	6f 92       	push	r6
    3c40:	7f 92       	push	r7
    3c42:	8f 92       	push	r8
    3c44:	9f 92       	push	r9
    3c46:	af 92       	push	r10
    3c48:	bf 92       	push	r11
    3c4a:	cf 92       	push	r12
    3c4c:	df 92       	push	r13
    3c4e:	ef 92       	push	r14
    3c50:	ff 92       	push	r15
    3c52:	0f 93       	push	r16
    3c54:	1f 93       	push	r17
    3c56:	cf 93       	push	r28
    3c58:	df 93       	push	r29
    3c5a:	5c 01       	movw	r10, r24
    3c5c:	4b 01       	movw	r8, r22
    3c5e:	3a 01       	movw	r6, r20
    3c60:	29 01       	movw	r4, r18
    3c62:	88 e2       	ldi	r24, 0x28	; 40
    3c64:	90 e0       	ldi	r25, 0x00	; 0
    3c66:	0e 94 4c 18 	call	0x3098	; 0x3098 <pvPortMalloc>
    3c6a:	ec 01       	movw	r28, r24
    3c6c:	89 2b       	or	r24, r25
    3c6e:	09 f4       	brne	.+2      	; 0x3c72 <xTaskGenericCreate+0x38>
    3c70:	d4 c0       	rjmp	.+424    	; 0x3e1a <xTaskGenericCreate+0x1e0>
    3c72:	c1 14       	cp	r12, r1
    3c74:	d1 04       	cpc	r13, r1
    3c76:	09 f0       	breq	.+2      	; 0x3c7a <xTaskGenericCreate+0x40>
    3c78:	cc c0       	rjmp	.+408    	; 0x3e12 <xTaskGenericCreate+0x1d8>
    3c7a:	c3 01       	movw	r24, r6
    3c7c:	0e 94 4c 18 	call	0x3098	; 0x3098 <pvPortMalloc>
    3c80:	8b 8f       	std	Y+27, r24	; 0x1b
    3c82:	9c 8f       	std	Y+28, r25	; 0x1c
    3c84:	00 97       	sbiw	r24, 0x00	; 0
    3c86:	21 f4       	brne	.+8      	; 0x3c90 <xTaskGenericCreate+0x56>
    3c88:	ce 01       	movw	r24, r28
    3c8a:	0e 94 e6 18 	call	0x31cc	; 0x31cc <vPortFree>
    3c8e:	c5 c0       	rjmp	.+394    	; 0x3e1a <xTaskGenericCreate+0x1e0>
    3c90:	a3 01       	movw	r20, r6
    3c92:	61 e1       	ldi	r22, 0x11	; 17
    3c94:	70 e0       	ldi	r23, 0x00	; 0
    3c96:	0e 94 d8 23 	call	0x47b0	; 0x47b0 <memset>
    3c9a:	93 01       	movw	r18, r6
    3c9c:	21 50       	subi	r18, 0x01	; 1
    3c9e:	31 09       	sbc	r19, r1
    3ca0:	8b 8d       	ldd	r24, Y+27	; 0x1b
    3ca2:	9c 8d       	ldd	r25, Y+28	; 0x1c
    3ca4:	3c 01       	movw	r6, r24
    3ca6:	62 0e       	add	r6, r18
    3ca8:	73 1e       	adc	r7, r19
    3caa:	4a e0       	ldi	r20, 0x0A	; 10
    3cac:	50 e0       	ldi	r21, 0x00	; 0
    3cae:	b4 01       	movw	r22, r8
    3cb0:	ce 01       	movw	r24, r28
    3cb2:	4d 96       	adiw	r24, 0x1d	; 29
    3cb4:	0e 94 df 23 	call	0x47be	; 0x47be <strncpy>
    3cb8:	1e a2       	std	Y+38, r1	; 0x26
    3cba:	10 2f       	mov	r17, r16
    3cbc:	04 30       	cpi	r16, 0x04	; 4
    3cbe:	08 f0       	brcs	.+2      	; 0x3cc2 <xTaskGenericCreate+0x88>
    3cc0:	13 e0       	ldi	r17, 0x03	; 3
    3cc2:	1a 8f       	std	Y+26, r17	; 0x1a
    3cc4:	1f a3       	std	Y+39, r17	; 0x27
    3cc6:	6e 01       	movw	r12, r28
    3cc8:	22 e0       	ldi	r18, 0x02	; 2
    3cca:	c2 0e       	add	r12, r18
    3ccc:	d1 1c       	adc	r13, r1
    3cce:	c6 01       	movw	r24, r12
    3cd0:	0e 94 2f 19 	call	0x325e	; 0x325e <vListInitialiseItem>
    3cd4:	ce 01       	movw	r24, r28
    3cd6:	0e 96       	adiw	r24, 0x0e	; 14
    3cd8:	0e 94 2f 19 	call	0x325e	; 0x325e <vListInitialiseItem>
    3cdc:	ca 87       	std	Y+10, r28	; 0x0a
    3cde:	db 87       	std	Y+11, r29	; 0x0b
    3ce0:	84 e0       	ldi	r24, 0x04	; 4
    3ce2:	90 e0       	ldi	r25, 0x00	; 0
    3ce4:	a0 e0       	ldi	r26, 0x00	; 0
    3ce6:	b0 e0       	ldi	r27, 0x00	; 0
    3ce8:	81 1b       	sub	r24, r17
    3cea:	91 09       	sbc	r25, r1
    3cec:	a1 09       	sbc	r26, r1
    3cee:	b1 09       	sbc	r27, r1
    3cf0:	8e 87       	std	Y+14, r24	; 0x0e
    3cf2:	9f 87       	std	Y+15, r25	; 0x0f
    3cf4:	a8 8b       	std	Y+16, r26	; 0x10
    3cf6:	b9 8b       	std	Y+17, r27	; 0x11
    3cf8:	ce 8b       	std	Y+22, r28	; 0x16
    3cfa:	df 8b       	std	Y+23, r29	; 0x17
    3cfc:	a2 01       	movw	r20, r4
    3cfe:	b5 01       	movw	r22, r10
    3d00:	c3 01       	movw	r24, r6
    3d02:	0e 94 cb 19 	call	0x3396	; 0x3396 <pxPortInitialiseStack>
    3d06:	88 83       	st	Y, r24
    3d08:	99 83       	std	Y+1, r25	; 0x01
    3d0a:	e1 14       	cp	r14, r1
    3d0c:	f1 04       	cpc	r15, r1
    3d0e:	19 f0       	breq	.+6      	; 0x3d16 <xTaskGenericCreate+0xdc>
    3d10:	f7 01       	movw	r30, r14
    3d12:	c0 83       	st	Z, r28
    3d14:	d1 83       	std	Z+1, r29	; 0x01
    3d16:	0f b6       	in	r0, 0x3f	; 63
    3d18:	f8 94       	cli
    3d1a:	0f 92       	push	r0
    3d1c:	80 91 12 3d 	lds	r24, 0x3D12	; 0x803d12 <uxCurrentNumberOfTasks>
    3d20:	8f 5f       	subi	r24, 0xFF	; 255
    3d22:	80 93 12 3d 	sts	0x3D12, r24	; 0x803d12 <uxCurrentNumberOfTasks>
    3d26:	80 91 66 3d 	lds	r24, 0x3D66	; 0x803d66 <pxCurrentTCB>
    3d2a:	90 91 67 3d 	lds	r25, 0x3D67	; 0x803d67 <pxCurrentTCB+0x1>
    3d2e:	89 2b       	or	r24, r25
    3d30:	89 f5       	brne	.+98     	; 0x3d94 <xTaskGenericCreate+0x15a>
    3d32:	c0 93 66 3d 	sts	0x3D66, r28	; 0x803d66 <pxCurrentTCB>
    3d36:	d0 93 67 3d 	sts	0x3D67, r29	; 0x803d67 <pxCurrentTCB+0x1>
    3d3a:	80 91 12 3d 	lds	r24, 0x3D12	; 0x803d12 <uxCurrentNumberOfTasks>
    3d3e:	81 30       	cpi	r24, 0x01	; 1
    3d40:	c1 f5       	brne	.+112    	; 0x3db2 <xTaskGenericCreate+0x178>
    3d42:	8a e3       	ldi	r24, 0x3A	; 58
    3d44:	9d e3       	ldi	r25, 0x3D	; 61
    3d46:	0e 94 1e 19 	call	0x323c	; 0x323c <vListInitialise>
    3d4a:	85 e4       	ldi	r24, 0x45	; 69
    3d4c:	9d e3       	ldi	r25, 0x3D	; 61
    3d4e:	0e 94 1e 19 	call	0x323c	; 0x323c <vListInitialise>
    3d52:	80 e5       	ldi	r24, 0x50	; 80
    3d54:	9d e3       	ldi	r25, 0x3D	; 61
    3d56:	0e 94 1e 19 	call	0x323c	; 0x323c <vListInitialise>
    3d5a:	8b e5       	ldi	r24, 0x5B	; 91
    3d5c:	9d e3       	ldi	r25, 0x3D	; 61
    3d5e:	0e 94 1e 19 	call	0x323c	; 0x323c <vListInitialise>
    3d62:	8f e2       	ldi	r24, 0x2F	; 47
    3d64:	9d e3       	ldi	r25, 0x3D	; 61
    3d66:	0e 94 1e 19 	call	0x323c	; 0x323c <vListInitialise>
    3d6a:	84 e2       	ldi	r24, 0x24	; 36
    3d6c:	9d e3       	ldi	r25, 0x3D	; 61
    3d6e:	0e 94 1e 19 	call	0x323c	; 0x323c <vListInitialise>
    3d72:	85 e1       	ldi	r24, 0x15	; 21
    3d74:	9d e3       	ldi	r25, 0x3D	; 61
    3d76:	0e 94 1e 19 	call	0x323c	; 0x323c <vListInitialise>
    3d7a:	8f e2       	ldi	r24, 0x2F	; 47
    3d7c:	9d e3       	ldi	r25, 0x3D	; 61
    3d7e:	80 93 22 3d 	sts	0x3D22, r24	; 0x803d22 <pxDelayedTaskList>
    3d82:	90 93 23 3d 	sts	0x3D23, r25	; 0x803d23 <pxDelayedTaskList+0x1>
    3d86:	84 e2       	ldi	r24, 0x24	; 36
    3d88:	9d e3       	ldi	r25, 0x3D	; 61
    3d8a:	80 93 20 3d 	sts	0x3D20, r24	; 0x803d20 <pxOverflowDelayedTaskList>
    3d8e:	90 93 21 3d 	sts	0x3D21, r25	; 0x803d21 <pxOverflowDelayedTaskList+0x1>
    3d92:	0f c0       	rjmp	.+30     	; 0x3db2 <xTaskGenericCreate+0x178>
    3d94:	80 91 0b 3d 	lds	r24, 0x3D0B	; 0x803d0b <xSchedulerRunning>
    3d98:	81 11       	cpse	r24, r1
    3d9a:	0b c0       	rjmp	.+22     	; 0x3db2 <xTaskGenericCreate+0x178>
    3d9c:	e0 91 66 3d 	lds	r30, 0x3D66	; 0x803d66 <pxCurrentTCB>
    3da0:	f0 91 67 3d 	lds	r31, 0x3D67	; 0x803d67 <pxCurrentTCB+0x1>
    3da4:	82 8d       	ldd	r24, Z+26	; 0x1a
    3da6:	08 17       	cp	r16, r24
    3da8:	20 f0       	brcs	.+8      	; 0x3db2 <xTaskGenericCreate+0x178>
    3daa:	c0 93 66 3d 	sts	0x3D66, r28	; 0x803d66 <pxCurrentTCB>
    3dae:	d0 93 67 3d 	sts	0x3D67, r29	; 0x803d67 <pxCurrentTCB+0x1>
    3db2:	8a 8d       	ldd	r24, Y+26	; 0x1a
    3db4:	90 91 0d 3d 	lds	r25, 0x3D0D	; 0x803d0d <uxTopUsedPriority>
    3db8:	98 17       	cp	r25, r24
    3dba:	10 f4       	brcc	.+4      	; 0x3dc0 <xTaskGenericCreate+0x186>
    3dbc:	80 93 0d 3d 	sts	0x3D0D, r24	; 0x803d0d <uxTopUsedPriority>
    3dc0:	90 91 06 3d 	lds	r25, 0x3D06	; 0x803d06 <uxTaskNumber>
    3dc4:	9f 5f       	subi	r25, 0xFF	; 255
    3dc6:	90 93 06 3d 	sts	0x3D06, r25	; 0x803d06 <uxTaskNumber>
    3dca:	90 91 0c 3d 	lds	r25, 0x3D0C	; 0x803d0c <uxTopReadyPriority>
    3dce:	98 17       	cp	r25, r24
    3dd0:	10 f4       	brcc	.+4      	; 0x3dd6 <xTaskGenericCreate+0x19c>
    3dd2:	80 93 0c 3d 	sts	0x3D0C, r24	; 0x803d0c <uxTopReadyPriority>
    3dd6:	fb e0       	ldi	r31, 0x0B	; 11
    3dd8:	8f 9f       	mul	r24, r31
    3dda:	c0 01       	movw	r24, r0
    3ddc:	11 24       	eor	r1, r1
    3dde:	b6 01       	movw	r22, r12
    3de0:	86 5c       	subi	r24, 0xC6	; 198
    3de2:	92 4c       	sbci	r25, 0xC2	; 194
    3de4:	0e 94 33 19 	call	0x3266	; 0x3266 <vListInsertEnd>
    3de8:	0f 90       	pop	r0
    3dea:	0f be       	out	0x3f, r0	; 63
    3dec:	80 91 0b 3d 	lds	r24, 0x3D0B	; 0x803d0b <xSchedulerRunning>
    3df0:	88 23       	and	r24, r24
    3df2:	59 f0       	breq	.+22     	; 0x3e0a <xTaskGenericCreate+0x1d0>
    3df4:	e0 91 66 3d 	lds	r30, 0x3D66	; 0x803d66 <pxCurrentTCB>
    3df8:	f0 91 67 3d 	lds	r31, 0x3D67	; 0x803d67 <pxCurrentTCB+0x1>
    3dfc:	82 8d       	ldd	r24, Z+26	; 0x1a
    3dfe:	80 17       	cp	r24, r16
    3e00:	30 f4       	brcc	.+12     	; 0x3e0e <xTaskGenericCreate+0x1d4>
    3e02:	0e 94 7f 1a 	call	0x34fe	; 0x34fe <vPortYield>
    3e06:	81 e0       	ldi	r24, 0x01	; 1
    3e08:	09 c0       	rjmp	.+18     	; 0x3e1c <xTaskGenericCreate+0x1e2>
    3e0a:	81 e0       	ldi	r24, 0x01	; 1
    3e0c:	07 c0       	rjmp	.+14     	; 0x3e1c <xTaskGenericCreate+0x1e2>
    3e0e:	81 e0       	ldi	r24, 0x01	; 1
    3e10:	05 c0       	rjmp	.+10     	; 0x3e1c <xTaskGenericCreate+0x1e2>
    3e12:	cb 8e       	std	Y+27, r12	; 0x1b
    3e14:	dc 8e       	std	Y+28, r13	; 0x1c
    3e16:	c6 01       	movw	r24, r12
    3e18:	3b cf       	rjmp	.-394    	; 0x3c90 <xTaskGenericCreate+0x56>
    3e1a:	8f ef       	ldi	r24, 0xFF	; 255
    3e1c:	df 91       	pop	r29
    3e1e:	cf 91       	pop	r28
    3e20:	1f 91       	pop	r17
    3e22:	0f 91       	pop	r16
    3e24:	ff 90       	pop	r15
    3e26:	ef 90       	pop	r14
    3e28:	df 90       	pop	r13
    3e2a:	cf 90       	pop	r12
    3e2c:	bf 90       	pop	r11
    3e2e:	af 90       	pop	r10
    3e30:	9f 90       	pop	r9
    3e32:	8f 90       	pop	r8
    3e34:	7f 90       	pop	r7
    3e36:	6f 90       	pop	r6
    3e38:	5f 90       	pop	r5
    3e3a:	4f 90       	pop	r4
    3e3c:	08 95       	ret

00003e3e <uxTaskPriorityGet>:
    3e3e:	0f b6       	in	r0, 0x3f	; 63
    3e40:	f8 94       	cli
    3e42:	0f 92       	push	r0
    3e44:	00 97       	sbiw	r24, 0x00	; 0
    3e46:	21 f4       	brne	.+8      	; 0x3e50 <uxTaskPriorityGet+0x12>
    3e48:	80 91 66 3d 	lds	r24, 0x3D66	; 0x803d66 <pxCurrentTCB>
    3e4c:	90 91 67 3d 	lds	r25, 0x3D67	; 0x803d67 <pxCurrentTCB+0x1>
    3e50:	0f 90       	pop	r0
    3e52:	0f be       	out	0x3f, r0	; 63
    3e54:	fc 01       	movw	r30, r24
    3e56:	82 8d       	ldd	r24, Z+26	; 0x1a
    3e58:	08 95       	ret

00003e5a <vTaskStartScheduler>:
    3e5a:	af 92       	push	r10
    3e5c:	bf 92       	push	r11
    3e5e:	cf 92       	push	r12
    3e60:	df 92       	push	r13
    3e62:	ef 92       	push	r14
    3e64:	ff 92       	push	r15
    3e66:	0f 93       	push	r16
    3e68:	a1 2c       	mov	r10, r1
    3e6a:	b1 2c       	mov	r11, r1
    3e6c:	c1 2c       	mov	r12, r1
    3e6e:	d1 2c       	mov	r13, r1
    3e70:	0f 2e       	mov	r0, r31
    3e72:	f3 e1       	ldi	r31, 0x13	; 19
    3e74:	ef 2e       	mov	r14, r31
    3e76:	fd e3       	ldi	r31, 0x3D	; 61
    3e78:	ff 2e       	mov	r15, r31
    3e7a:	f0 2d       	mov	r31, r0
    3e7c:	00 e0       	ldi	r16, 0x00	; 0
    3e7e:	20 e0       	ldi	r18, 0x00	; 0
    3e80:	30 e0       	ldi	r19, 0x00	; 0
    3e82:	44 e6       	ldi	r20, 0x64	; 100
    3e84:	50 e0       	ldi	r21, 0x00	; 0
    3e86:	61 ef       	ldi	r22, 0xF1	; 241
    3e88:	70 e2       	ldi	r23, 0x20	; 32
    3e8a:	87 ec       	ldi	r24, 0xC7	; 199
    3e8c:	9d e1       	ldi	r25, 0x1D	; 29
    3e8e:	0e 94 1d 1e 	call	0x3c3a	; 0x3c3a <xTaskGenericCreate>
    3e92:	81 30       	cpi	r24, 0x01	; 1
    3e94:	69 f4       	brne	.+26     	; 0x3eb0 <vTaskStartScheduler+0x56>
    3e96:	f8 94       	cli
    3e98:	80 93 0b 3d 	sts	0x3D0B, r24	; 0x803d0b <xSchedulerRunning>
    3e9c:	10 92 0e 3d 	sts	0x3D0E, r1	; 0x803d0e <xTickCount>
    3ea0:	10 92 0f 3d 	sts	0x3D0F, r1	; 0x803d0f <xTickCount+0x1>
    3ea4:	10 92 10 3d 	sts	0x3D10, r1	; 0x803d10 <xTickCount+0x2>
    3ea8:	10 92 11 3d 	sts	0x3D11, r1	; 0x803d11 <xTickCount+0x3>
    3eac:	0e 94 41 1a 	call	0x3482	; 0x3482 <xPortStartScheduler>
    3eb0:	0f 91       	pop	r16
    3eb2:	ff 90       	pop	r15
    3eb4:	ef 90       	pop	r14
    3eb6:	df 90       	pop	r13
    3eb8:	cf 90       	pop	r12
    3eba:	bf 90       	pop	r11
    3ebc:	af 90       	pop	r10
    3ebe:	08 95       	ret

00003ec0 <vTaskSuspendAll>:
    3ec0:	80 91 0a 3d 	lds	r24, 0x3D0A	; 0x803d0a <uxSchedulerSuspended>
    3ec4:	8f 5f       	subi	r24, 0xFF	; 255
    3ec6:	80 93 0a 3d 	sts	0x3D0A, r24	; 0x803d0a <uxSchedulerSuspended>
    3eca:	08 95       	ret

00003ecc <xTaskGetTickCount>:
    3ecc:	0f b6       	in	r0, 0x3f	; 63
    3ece:	f8 94       	cli
    3ed0:	0f 92       	push	r0
    3ed2:	60 91 0e 3d 	lds	r22, 0x3D0E	; 0x803d0e <xTickCount>
    3ed6:	70 91 0f 3d 	lds	r23, 0x3D0F	; 0x803d0f <xTickCount+0x1>
    3eda:	80 91 10 3d 	lds	r24, 0x3D10	; 0x803d10 <xTickCount+0x2>
    3ede:	90 91 11 3d 	lds	r25, 0x3D11	; 0x803d11 <xTickCount+0x3>
    3ee2:	0f 90       	pop	r0
    3ee4:	0f be       	out	0x3f, r0	; 63
    3ee6:	08 95       	ret

00003ee8 <pcTaskGetTaskName>:
	signed char *pcTaskGetTaskName( xTaskHandle xTaskToQuery )
	{
	tskTCB *pxTCB;

		/* If null is passed in here then the name of the calling task is being queried. */
		pxTCB = prvGetTCBFromHandle( xTaskToQuery );
    3ee8:	00 97       	sbiw	r24, 0x00	; 0
    3eea:	21 f4       	brne	.+8      	; 0x3ef4 <pcTaskGetTaskName+0xc>
    3eec:	80 91 66 3d 	lds	r24, 0x3D66	; 0x803d66 <pxCurrentTCB>
    3ef0:	90 91 67 3d 	lds	r25, 0x3D67	; 0x803d67 <pxCurrentTCB+0x1>
		configASSERT( pxTCB );
		return &( pxTCB->pcTaskName[ 0 ] );
	}
    3ef4:	4d 96       	adiw	r24, 0x1d	; 29
    3ef6:	08 95       	ret

00003ef8 <xTaskGetIdleTaskHandle>:
	{
		/* If xTaskGetIdleTaskHandle() is called before the scheduler has been
		started, then xIdleTaskHandle will be NULL. */
		configASSERT( ( xIdleTaskHandle != NULL ) );
		return xIdleTaskHandle;
	}
    3ef8:	80 91 13 3d 	lds	r24, 0x3D13	; 0x803d13 <xIdleTaskHandle>
    3efc:	90 91 14 3d 	lds	r25, 0x3D14	; 0x803d14 <xIdleTaskHandle+0x1>
    3f00:	08 95       	ret

00003f02 <vTaskIncrementTick>:
 * SCHEDULER INTERNALS AVAILABLE FOR PORTING PURPOSES
 * documented in task.h
 *----------------------------------------------------------*/

void vTaskIncrementTick( void )
{
    3f02:	ff 92       	push	r15
    3f04:	0f 93       	push	r16
    3f06:	1f 93       	push	r17
    3f08:	cf 93       	push	r28
    3f0a:	df 93       	push	r29
tskTCB * pxTCB;

	/* Called by the portable layer each time a tick interrupt occurs.
	Increments the tick then checks to see if the new tick value will cause any
	tasks to be unblocked. */
	if( uxSchedulerSuspended == ( unsigned portBASE_TYPE ) pdFALSE )
    3f0c:	80 91 0a 3d 	lds	r24, 0x3D0A	; 0x803d0a <uxSchedulerSuspended>
    3f10:	81 11       	cpse	r24, r1
    3f12:	ed c0       	rjmp	.+474    	; 0x40ee <__stack+0xef>
	{
		++xTickCount;
    3f14:	80 91 0e 3d 	lds	r24, 0x3D0E	; 0x803d0e <xTickCount>
    3f18:	90 91 0f 3d 	lds	r25, 0x3D0F	; 0x803d0f <xTickCount+0x1>
    3f1c:	a0 91 10 3d 	lds	r26, 0x3D10	; 0x803d10 <xTickCount+0x2>
    3f20:	b0 91 11 3d 	lds	r27, 0x3D11	; 0x803d11 <xTickCount+0x3>
    3f24:	01 96       	adiw	r24, 0x01	; 1
    3f26:	a1 1d       	adc	r26, r1
    3f28:	b1 1d       	adc	r27, r1
    3f2a:	80 93 0e 3d 	sts	0x3D0E, r24	; 0x803d0e <xTickCount>
    3f2e:	90 93 0f 3d 	sts	0x3D0F, r25	; 0x803d0f <xTickCount+0x1>
    3f32:	a0 93 10 3d 	sts	0x3D10, r26	; 0x803d10 <xTickCount+0x2>
    3f36:	b0 93 11 3d 	sts	0x3D11, r27	; 0x803d11 <xTickCount+0x3>
		if( xTickCount == ( portTickType ) 0U )
    3f3a:	80 91 0e 3d 	lds	r24, 0x3D0E	; 0x803d0e <xTickCount>
    3f3e:	90 91 0f 3d 	lds	r25, 0x3D0F	; 0x803d0f <xTickCount+0x1>
    3f42:	a0 91 10 3d 	lds	r26, 0x3D10	; 0x803d10 <xTickCount+0x2>
    3f46:	b0 91 11 3d 	lds	r27, 0x3D11	; 0x803d11 <xTickCount+0x3>
    3f4a:	89 2b       	or	r24, r25
    3f4c:	8a 2b       	or	r24, r26
    3f4e:	8b 2b       	or	r24, r27
    3f50:	f1 f5       	brne	.+124    	; 0x3fce <vTaskIncrementTick+0xcc>
			/* Tick count has overflowed so we need to swap the delay lists.
			If there are any items in pxDelayedTaskList here then there is
			an error! */
			configASSERT( ( listLIST_IS_EMPTY( pxDelayedTaskList ) ) );
			
			pxTemp = pxDelayedTaskList;
    3f52:	80 91 22 3d 	lds	r24, 0x3D22	; 0x803d22 <pxDelayedTaskList>
    3f56:	90 91 23 3d 	lds	r25, 0x3D23	; 0x803d23 <pxDelayedTaskList+0x1>
			pxDelayedTaskList = pxOverflowDelayedTaskList;
    3f5a:	20 91 20 3d 	lds	r18, 0x3D20	; 0x803d20 <pxOverflowDelayedTaskList>
    3f5e:	30 91 21 3d 	lds	r19, 0x3D21	; 0x803d21 <pxOverflowDelayedTaskList+0x1>
    3f62:	20 93 22 3d 	sts	0x3D22, r18	; 0x803d22 <pxDelayedTaskList>
    3f66:	30 93 23 3d 	sts	0x3D23, r19	; 0x803d23 <pxDelayedTaskList+0x1>
			pxOverflowDelayedTaskList = pxTemp;
    3f6a:	80 93 20 3d 	sts	0x3D20, r24	; 0x803d20 <pxOverflowDelayedTaskList>
    3f6e:	90 93 21 3d 	sts	0x3D21, r25	; 0x803d21 <pxOverflowDelayedTaskList+0x1>
			xNumOfOverflows++;
    3f72:	80 91 07 3d 	lds	r24, 0x3D07	; 0x803d07 <xNumOfOverflows>
    3f76:	8f 5f       	subi	r24, 0xFF	; 255
    3f78:	80 93 07 3d 	sts	0x3D07, r24	; 0x803d07 <xNumOfOverflows>
	
			if( listLIST_IS_EMPTY( pxDelayedTaskList ) != pdFALSE )
    3f7c:	e0 91 22 3d 	lds	r30, 0x3D22	; 0x803d22 <pxDelayedTaskList>
    3f80:	f0 91 23 3d 	lds	r31, 0x3D23	; 0x803d23 <pxDelayedTaskList+0x1>
    3f84:	80 81       	ld	r24, Z
    3f86:	81 11       	cpse	r24, r1
    3f88:	0c c0       	rjmp	.+24     	; 0x3fa2 <vTaskIncrementTick+0xa0>
				/* The new current delayed list is empty.  Set
				xNextTaskUnblockTime to the maximum possible value so it is
				extremely unlikely that the	
				if( xTickCount >= xNextTaskUnblockTime ) test will pass until
				there is an item in the delayed list. */
				xNextTaskUnblockTime = portMAX_DELAY;
    3f8a:	8f ef       	ldi	r24, 0xFF	; 255
    3f8c:	9f ef       	ldi	r25, 0xFF	; 255
    3f8e:	dc 01       	movw	r26, r24
    3f90:	80 93 02 20 	sts	0x2002, r24	; 0x802002 <xNextTaskUnblockTime>
    3f94:	90 93 03 20 	sts	0x2003, r25	; 0x802003 <xNextTaskUnblockTime+0x1>
    3f98:	a0 93 04 20 	sts	0x2004, r26	; 0x802004 <xNextTaskUnblockTime+0x2>
    3f9c:	b0 93 05 20 	sts	0x2005, r27	; 0x802005 <xNextTaskUnblockTime+0x3>
    3fa0:	16 c0       	rjmp	.+44     	; 0x3fce <vTaskIncrementTick+0xcc>
			{
				/* The new current delayed list is not empty, get the value of
				the item at the head of the delayed list.  This is the time at
				which the task at the head of the delayed list should be removed
				from the Blocked state. */
				pxTCB = ( tskTCB * ) listGET_OWNER_OF_HEAD_ENTRY( pxDelayedTaskList );
    3fa2:	e0 91 22 3d 	lds	r30, 0x3D22	; 0x803d22 <pxDelayedTaskList>
    3fa6:	f0 91 23 3d 	lds	r31, 0x3D23	; 0x803d23 <pxDelayedTaskList+0x1>
    3faa:	07 80       	ldd	r0, Z+7	; 0x07
    3fac:	f0 85       	ldd	r31, Z+8	; 0x08
    3fae:	e0 2d       	mov	r30, r0
    3fb0:	00 84       	ldd	r0, Z+8	; 0x08
    3fb2:	f1 85       	ldd	r31, Z+9	; 0x09
    3fb4:	e0 2d       	mov	r30, r0
				xNextTaskUnblockTime = listGET_LIST_ITEM_VALUE( &( pxTCB->xGenericListItem ) );
    3fb6:	82 81       	ldd	r24, Z+2	; 0x02
    3fb8:	93 81       	ldd	r25, Z+3	; 0x03
    3fba:	a4 81       	ldd	r26, Z+4	; 0x04
    3fbc:	b5 81       	ldd	r27, Z+5	; 0x05
    3fbe:	80 93 02 20 	sts	0x2002, r24	; 0x802002 <xNextTaskUnblockTime>
    3fc2:	90 93 03 20 	sts	0x2003, r25	; 0x802003 <xNextTaskUnblockTime+0x1>
    3fc6:	a0 93 04 20 	sts	0x2004, r26	; 0x802004 <xNextTaskUnblockTime+0x2>
    3fca:	b0 93 05 20 	sts	0x2005, r27	; 0x802005 <xNextTaskUnblockTime+0x3>
			}
		}

		/* See if this tick has made a timeout expire. */
		prvCheckDelayedTasks();
    3fce:	40 91 0e 3d 	lds	r20, 0x3D0E	; 0x803d0e <xTickCount>
    3fd2:	50 91 0f 3d 	lds	r21, 0x3D0F	; 0x803d0f <xTickCount+0x1>
    3fd6:	60 91 10 3d 	lds	r22, 0x3D10	; 0x803d10 <xTickCount+0x2>
    3fda:	70 91 11 3d 	lds	r23, 0x3D11	; 0x803d11 <xTickCount+0x3>
    3fde:	80 91 02 20 	lds	r24, 0x2002	; 0x802002 <xNextTaskUnblockTime>
    3fe2:	90 91 03 20 	lds	r25, 0x2003	; 0x802003 <xNextTaskUnblockTime+0x1>
    3fe6:	a0 91 04 20 	lds	r26, 0x2004	; 0x802004 <xNextTaskUnblockTime+0x2>
    3fea:	b0 91 05 20 	lds	r27, 0x2005	; 0x802005 <xNextTaskUnblockTime+0x3>
    3fee:	48 17       	cp	r20, r24
    3ff0:	59 07       	cpc	r21, r25
    3ff2:	6a 07       	cpc	r22, r26
    3ff4:	7b 07       	cpc	r23, r27
    3ff6:	08 f4       	brcc	.+2      	; 0x3ffa <vTaskIncrementTick+0xf8>
    3ff8:	7f c0       	rjmp	.+254    	; 0x40f8 <__stack+0xf9>
    3ffa:	e0 91 22 3d 	lds	r30, 0x3D22	; 0x803d22 <pxDelayedTaskList>
    3ffe:	f0 91 23 3d 	lds	r31, 0x3D23	; 0x803d23 <pxDelayedTaskList+0x1>
    4002:	80 81       	ld	r24, Z
    4004:	88 23       	and	r24, r24
    4006:	f9 f0       	breq	.+62     	; 0x4046 <__stack+0x47>
    4008:	e0 91 22 3d 	lds	r30, 0x3D22	; 0x803d22 <pxDelayedTaskList>
    400c:	f0 91 23 3d 	lds	r31, 0x3D23	; 0x803d23 <pxDelayedTaskList+0x1>
    4010:	07 80       	ldd	r0, Z+7	; 0x07
    4012:	f0 85       	ldd	r31, Z+8	; 0x08
    4014:	e0 2d       	mov	r30, r0
    4016:	c0 85       	ldd	r28, Z+8	; 0x08
    4018:	d1 85       	ldd	r29, Z+9	; 0x09
    401a:	8a 81       	ldd	r24, Y+2	; 0x02
    401c:	9b 81       	ldd	r25, Y+3	; 0x03
    401e:	ac 81       	ldd	r26, Y+4	; 0x04
    4020:	bd 81       	ldd	r27, Y+5	; 0x05
    4022:	40 91 0e 3d 	lds	r20, 0x3D0E	; 0x803d0e <xTickCount>
    4026:	50 91 0f 3d 	lds	r21, 0x3D0F	; 0x803d0f <xTickCount+0x1>
    402a:	60 91 10 3d 	lds	r22, 0x3D10	; 0x803d10 <xTickCount+0x2>
    402e:	70 91 11 3d 	lds	r23, 0x3D11	; 0x803d11 <xTickCount+0x3>
    4032:	48 17       	cp	r20, r24
    4034:	59 07       	cpc	r21, r25
    4036:	6a 07       	cpc	r22, r26
    4038:	7b 07       	cpc	r23, r27
    403a:	58 f1       	brcs	.+86     	; 0x4092 <__stack+0x93>
    403c:	0f 2e       	mov	r0, r31
    403e:	fb e0       	ldi	r31, 0x0B	; 11
    4040:	ff 2e       	mov	r15, r31
    4042:	f0 2d       	mov	r31, r0
    4044:	2f c0       	rjmp	.+94     	; 0x40a4 <__stack+0xa5>
    4046:	8f ef       	ldi	r24, 0xFF	; 255
    4048:	9f ef       	ldi	r25, 0xFF	; 255
    404a:	dc 01       	movw	r26, r24
    404c:	80 93 02 20 	sts	0x2002, r24	; 0x802002 <xNextTaskUnblockTime>
    4050:	90 93 03 20 	sts	0x2003, r25	; 0x802003 <xNextTaskUnblockTime+0x1>
    4054:	a0 93 04 20 	sts	0x2004, r26	; 0x802004 <xNextTaskUnblockTime+0x2>
    4058:	b0 93 05 20 	sts	0x2005, r27	; 0x802005 <xNextTaskUnblockTime+0x3>
    405c:	4d c0       	rjmp	.+154    	; 0x40f8 <__stack+0xf9>
    405e:	e0 91 22 3d 	lds	r30, 0x3D22	; 0x803d22 <pxDelayedTaskList>
    4062:	f0 91 23 3d 	lds	r31, 0x3D23	; 0x803d23 <pxDelayedTaskList+0x1>
    4066:	07 80       	ldd	r0, Z+7	; 0x07
    4068:	f0 85       	ldd	r31, Z+8	; 0x08
    406a:	e0 2d       	mov	r30, r0
    406c:	c0 85       	ldd	r28, Z+8	; 0x08
    406e:	d1 85       	ldd	r29, Z+9	; 0x09
    4070:	8a 81       	ldd	r24, Y+2	; 0x02
    4072:	9b 81       	ldd	r25, Y+3	; 0x03
    4074:	ac 81       	ldd	r26, Y+4	; 0x04
    4076:	bd 81       	ldd	r27, Y+5	; 0x05
    4078:	40 91 0e 3d 	lds	r20, 0x3D0E	; 0x803d0e <xTickCount>
    407c:	50 91 0f 3d 	lds	r21, 0x3D0F	; 0x803d0f <xTickCount+0x1>
    4080:	60 91 10 3d 	lds	r22, 0x3D10	; 0x803d10 <xTickCount+0x2>
    4084:	70 91 11 3d 	lds	r23, 0x3D11	; 0x803d11 <xTickCount+0x3>
    4088:	48 17       	cp	r20, r24
    408a:	59 07       	cpc	r21, r25
    408c:	6a 07       	cpc	r22, r26
    408e:	7b 07       	cpc	r23, r27
    4090:	48 f4       	brcc	.+18     	; 0x40a4 <__stack+0xa5>
    4092:	80 93 02 20 	sts	0x2002, r24	; 0x802002 <xNextTaskUnblockTime>
    4096:	90 93 03 20 	sts	0x2003, r25	; 0x802003 <xNextTaskUnblockTime+0x1>
    409a:	a0 93 04 20 	sts	0x2004, r26	; 0x802004 <xNextTaskUnblockTime+0x2>
    409e:	b0 93 05 20 	sts	0x2005, r27	; 0x802005 <xNextTaskUnblockTime+0x3>
    40a2:	2a c0       	rjmp	.+84     	; 0x40f8 <__stack+0xf9>
    40a4:	8e 01       	movw	r16, r28
    40a6:	0e 5f       	subi	r16, 0xFE	; 254
    40a8:	1f 4f       	sbci	r17, 0xFF	; 255
    40aa:	c8 01       	movw	r24, r16
    40ac:	0e 94 a5 19 	call	0x334a	; 0x334a <vListRemove>
    40b0:	88 8d       	ldd	r24, Y+24	; 0x18
    40b2:	99 8d       	ldd	r25, Y+25	; 0x19
    40b4:	89 2b       	or	r24, r25
    40b6:	21 f0       	breq	.+8      	; 0x40c0 <__stack+0xc1>
    40b8:	ce 01       	movw	r24, r28
    40ba:	0e 96       	adiw	r24, 0x0e	; 14
    40bc:	0e 94 a5 19 	call	0x334a	; 0x334a <vListRemove>
    40c0:	8a 8d       	ldd	r24, Y+26	; 0x1a
    40c2:	90 91 0c 3d 	lds	r25, 0x3D0C	; 0x803d0c <uxTopReadyPriority>
    40c6:	98 17       	cp	r25, r24
    40c8:	10 f4       	brcc	.+4      	; 0x40ce <__stack+0xcf>
    40ca:	80 93 0c 3d 	sts	0x3D0C, r24	; 0x803d0c <uxTopReadyPriority>
    40ce:	f8 9e       	mul	r15, r24
    40d0:	c0 01       	movw	r24, r0
    40d2:	11 24       	eor	r1, r1
    40d4:	b8 01       	movw	r22, r16
    40d6:	86 5c       	subi	r24, 0xC6	; 198
    40d8:	92 4c       	sbci	r25, 0xC2	; 194
    40da:	0e 94 33 19 	call	0x3266	; 0x3266 <vListInsertEnd>
    40de:	e0 91 22 3d 	lds	r30, 0x3D22	; 0x803d22 <pxDelayedTaskList>
    40e2:	f0 91 23 3d 	lds	r31, 0x3D23	; 0x803d23 <pxDelayedTaskList+0x1>
    40e6:	80 81       	ld	r24, Z
    40e8:	81 11       	cpse	r24, r1
    40ea:	b9 cf       	rjmp	.-142    	; 0x405e <__stack+0x5f>
    40ec:	ac cf       	rjmp	.-168    	; 0x4046 <__stack+0x47>
	}
	else
	{
		++uxMissedTicks;
    40ee:	80 91 09 3d 	lds	r24, 0x3D09	; 0x803d09 <uxMissedTicks>
    40f2:	8f 5f       	subi	r24, 0xFF	; 255
    40f4:	80 93 09 3d 	sts	0x3D09, r24	; 0x803d09 <uxMissedTicks>
		}
	}
	#endif

	traceTASK_INCREMENT_TICK( xTickCount );
}
    40f8:	df 91       	pop	r29
    40fa:	cf 91       	pop	r28
    40fc:	1f 91       	pop	r17
    40fe:	0f 91       	pop	r16
    4100:	ff 90       	pop	r15
    4102:	08 95       	ret

00004104 <xTaskResumeAll>:
	++uxSchedulerSuspended;
}
/*----------------------------------------------------------*/

signed portBASE_TYPE xTaskResumeAll( void )
{
    4104:	cf 92       	push	r12
    4106:	df 92       	push	r13
    4108:	ef 92       	push	r14
    410a:	ff 92       	push	r15
    410c:	0f 93       	push	r16
    410e:	1f 93       	push	r17
    4110:	cf 93       	push	r28
    4112:	df 93       	push	r29
	/* It is possible that an ISR caused a task to be removed from an event
	list while the scheduler was suspended.  If this was the case then the
	removed task will have been added to the xPendingReadyList.  Once the
	scheduler has been resumed it is safe to move all the pending ready
	tasks from this list into their appropriate ready list. */
	taskENTER_CRITICAL();
    4114:	0f b6       	in	r0, 0x3f	; 63
    4116:	f8 94       	cli
    4118:	0f 92       	push	r0
	{
		--uxSchedulerSuspended;
    411a:	80 91 0a 3d 	lds	r24, 0x3D0A	; 0x803d0a <uxSchedulerSuspended>
    411e:	81 50       	subi	r24, 0x01	; 1
    4120:	80 93 0a 3d 	sts	0x3D0A, r24	; 0x803d0a <uxSchedulerSuspended>

		if( uxSchedulerSuspended == ( unsigned portBASE_TYPE ) pdFALSE )
    4124:	80 91 0a 3d 	lds	r24, 0x3D0A	; 0x803d0a <uxSchedulerSuspended>
    4128:	81 11       	cpse	r24, r1
    412a:	60 c0       	rjmp	.+192    	; 0x41ec <xTaskResumeAll+0xe8>
		{
			if( uxCurrentNumberOfTasks > ( unsigned portBASE_TYPE ) 0U )
    412c:	80 91 12 3d 	lds	r24, 0x3D12	; 0x803d12 <uxCurrentNumberOfTasks>
    4130:	81 11       	cpse	r24, r1
    4132:	2c c0       	rjmp	.+88     	; 0x418c <xTaskResumeAll+0x88>
    4134:	5e c0       	rjmp	.+188    	; 0x41f2 <xTaskResumeAll+0xee>

				/* Move any readied tasks from the pending list into the
				appropriate ready list. */
				while( listLIST_IS_EMPTY( ( xList * ) &xPendingReadyList ) == pdFALSE )
				{
					pxTCB = ( tskTCB * ) listGET_OWNER_OF_HEAD_ENTRY(  ( ( xList * ) &xPendingReadyList ) );
    4136:	d7 01       	movw	r26, r14
    4138:	17 96       	adiw	r26, 0x07	; 7
    413a:	ed 91       	ld	r30, X+
    413c:	fc 91       	ld	r31, X
    413e:	18 97       	sbiw	r26, 0x08	; 8
    4140:	c0 85       	ldd	r28, Z+8	; 0x08
    4142:	d1 85       	ldd	r29, Z+9	; 0x09
					vListRemove( &( pxTCB->xEventListItem ) );
    4144:	ce 01       	movw	r24, r28
    4146:	0e 96       	adiw	r24, 0x0e	; 14
    4148:	0e 94 a5 19 	call	0x334a	; 0x334a <vListRemove>
					vListRemove( &( pxTCB->xGenericListItem ) );
    414c:	8e 01       	movw	r16, r28
    414e:	0e 5f       	subi	r16, 0xFE	; 254
    4150:	1f 4f       	sbci	r17, 0xFF	; 255
    4152:	c8 01       	movw	r24, r16
    4154:	0e 94 a5 19 	call	0x334a	; 0x334a <vListRemove>
					prvAddTaskToReadyQueue( pxTCB );
    4158:	8a 8d       	ldd	r24, Y+26	; 0x1a
    415a:	90 91 0c 3d 	lds	r25, 0x3D0C	; 0x803d0c <uxTopReadyPriority>
    415e:	98 17       	cp	r25, r24
    4160:	10 f4       	brcc	.+4      	; 0x4166 <xTaskResumeAll+0x62>
    4162:	80 93 0c 3d 	sts	0x3D0C, r24	; 0x803d0c <uxTopReadyPriority>
    4166:	d8 9e       	mul	r13, r24
    4168:	c0 01       	movw	r24, r0
    416a:	11 24       	eor	r1, r1
    416c:	b8 01       	movw	r22, r16
    416e:	86 5c       	subi	r24, 0xC6	; 198
    4170:	92 4c       	sbci	r25, 0xC2	; 194
    4172:	0e 94 33 19 	call	0x3266	; 0x3266 <vListInsertEnd>

					/* If we have moved a task that has a priority higher than
					the current task then we should yield. */
					if( pxTCB->uxPriority >= pxCurrentTCB->uxPriority )
    4176:	e0 91 66 3d 	lds	r30, 0x3D66	; 0x803d66 <pxCurrentTCB>
    417a:	f0 91 67 3d 	lds	r31, 0x3D67	; 0x803d67 <pxCurrentTCB+0x1>
    417e:	9a 8d       	ldd	r25, Y+26	; 0x1a
    4180:	82 8d       	ldd	r24, Z+26	; 0x1a
    4182:	98 17       	cp	r25, r24
    4184:	70 f0       	brcs	.+28     	; 0x41a2 <xTaskResumeAll+0x9e>
					{
						xYieldRequired = pdTRUE;
    4186:	cc 24       	eor	r12, r12
    4188:	c3 94       	inc	r12
    418a:	0b c0       	rjmp	.+22     	; 0x41a2 <xTaskResumeAll+0x9e>
    418c:	c1 2c       	mov	r12, r1
			{
				portBASE_TYPE xYieldRequired = pdFALSE;

				/* Move any readied tasks from the pending list into the
				appropriate ready list. */
				while( listLIST_IS_EMPTY( ( xList * ) &xPendingReadyList ) == pdFALSE )
    418e:	0f 2e       	mov	r0, r31
    4190:	f5 e1       	ldi	r31, 0x15	; 21
    4192:	ef 2e       	mov	r14, r31
    4194:	fd e3       	ldi	r31, 0x3D	; 61
    4196:	ff 2e       	mov	r15, r31
    4198:	f0 2d       	mov	r31, r0
				{
					pxTCB = ( tskTCB * ) listGET_OWNER_OF_HEAD_ENTRY(  ( ( xList * ) &xPendingReadyList ) );
					vListRemove( &( pxTCB->xEventListItem ) );
					vListRemove( &( pxTCB->xGenericListItem ) );
					prvAddTaskToReadyQueue( pxTCB );
    419a:	0f 2e       	mov	r0, r31
    419c:	fb e0       	ldi	r31, 0x0B	; 11
    419e:	df 2e       	mov	r13, r31
    41a0:	f0 2d       	mov	r31, r0
			{
				portBASE_TYPE xYieldRequired = pdFALSE;

				/* Move any readied tasks from the pending list into the
				appropriate ready list. */
				while( listLIST_IS_EMPTY( ( xList * ) &xPendingReadyList ) == pdFALSE )
    41a2:	f7 01       	movw	r30, r14
    41a4:	80 81       	ld	r24, Z
    41a6:	81 11       	cpse	r24, r1
    41a8:	c6 cf       	rjmp	.-116    	; 0x4136 <xTaskResumeAll+0x32>
				}

				/* If any ticks occurred while the scheduler was suspended then
				they should be processed now.  This ensures the tick count does not
				slip, and that any delayed tasks are resumed at the correct time. */
				if( uxMissedTicks > ( unsigned portBASE_TYPE ) 0U )
    41aa:	80 91 09 3d 	lds	r24, 0x3D09	; 0x803d09 <uxMissedTicks>
    41ae:	88 23       	and	r24, r24
    41b0:	81 f0       	breq	.+32     	; 0x41d2 <xTaskResumeAll+0xce>
				{
					while( uxMissedTicks > ( unsigned portBASE_TYPE ) 0U )
    41b2:	80 91 09 3d 	lds	r24, 0x3D09	; 0x803d09 <uxMissedTicks>
    41b6:	88 23       	and	r24, r24
    41b8:	99 f0       	breq	.+38     	; 0x41e0 <xTaskResumeAll+0xdc>
					{
						vTaskIncrementTick();
    41ba:	0e 94 81 1f 	call	0x3f02	; 0x3f02 <vTaskIncrementTick>
						--uxMissedTicks;
    41be:	80 91 09 3d 	lds	r24, 0x3D09	; 0x803d09 <uxMissedTicks>
    41c2:	81 50       	subi	r24, 0x01	; 1
    41c4:	80 93 09 3d 	sts	0x3D09, r24	; 0x803d09 <uxMissedTicks>
				/* If any ticks occurred while the scheduler was suspended then
				they should be processed now.  This ensures the tick count does not
				slip, and that any delayed tasks are resumed at the correct time. */
				if( uxMissedTicks > ( unsigned portBASE_TYPE ) 0U )
				{
					while( uxMissedTicks > ( unsigned portBASE_TYPE ) 0U )
    41c8:	80 91 09 3d 	lds	r24, 0x3D09	; 0x803d09 <uxMissedTicks>
    41cc:	81 11       	cpse	r24, r1
    41ce:	f5 cf       	rjmp	.-22     	; 0x41ba <xTaskResumeAll+0xb6>
    41d0:	07 c0       	rjmp	.+14     	; 0x41e0 <xTaskResumeAll+0xdc>
						xYieldRequired = pdTRUE;
					}
					#endif
				}

				if( ( xYieldRequired == pdTRUE ) || ( xMissedYield == pdTRUE ) )
    41d2:	f1 e0       	ldi	r31, 0x01	; 1
    41d4:	cf 16       	cp	r12, r31
    41d6:	21 f0       	breq	.+8      	; 0x41e0 <xTaskResumeAll+0xdc>
    41d8:	80 91 08 3d 	lds	r24, 0x3D08	; 0x803d08 <xMissedYield>
    41dc:	81 30       	cpi	r24, 0x01	; 1
    41de:	41 f4       	brne	.+16     	; 0x41f0 <xTaskResumeAll+0xec>
				{
					xAlreadyYielded = pdTRUE;
					xMissedYield = pdFALSE;
    41e0:	10 92 08 3d 	sts	0x3D08, r1	; 0x803d08 <xMissedYield>
					portYIELD_WITHIN_API();
    41e4:	0e 94 7f 1a 	call	0x34fe	; 0x34fe <vPortYield>
					#endif
				}

				if( ( xYieldRequired == pdTRUE ) || ( xMissedYield == pdTRUE ) )
				{
					xAlreadyYielded = pdTRUE;
    41e8:	81 e0       	ldi	r24, 0x01	; 1
    41ea:	03 c0       	rjmp	.+6      	; 0x41f2 <xTaskResumeAll+0xee>
/*----------------------------------------------------------*/

signed portBASE_TYPE xTaskResumeAll( void )
{
register tskTCB *pxTCB;
signed portBASE_TYPE xAlreadyYielded = pdFALSE;
    41ec:	80 e0       	ldi	r24, 0x00	; 0
    41ee:	01 c0       	rjmp	.+2      	; 0x41f2 <xTaskResumeAll+0xee>
    41f0:	80 e0       	ldi	r24, 0x00	; 0
					portYIELD_WITHIN_API();
				}
			}
		}
	}
	taskEXIT_CRITICAL();
    41f2:	0f 90       	pop	r0
    41f4:	0f be       	out	0x3f, r0	; 63

	return xAlreadyYielded;
}
    41f6:	df 91       	pop	r29
    41f8:	cf 91       	pop	r28
    41fa:	1f 91       	pop	r17
    41fc:	0f 91       	pop	r16
    41fe:	ff 90       	pop	r15
    4200:	ef 90       	pop	r14
    4202:	df 90       	pop	r13
    4204:	cf 90       	pop	r12
    4206:	08 95       	ret

00004208 <vTaskDelayUntil>:
 *----------------------------------------------------------*/

#if ( INCLUDE_vTaskDelayUntil == 1 )

	void vTaskDelayUntil( portTickType * const pxPreviousWakeTime, portTickType xTimeIncrement )
	{
    4208:	cf 92       	push	r12
    420a:	df 92       	push	r13
    420c:	ef 92       	push	r14
    420e:	ff 92       	push	r15
    4210:	cf 93       	push	r28
    4212:	df 93       	push	r29
    4214:	ec 01       	movw	r28, r24
    4216:	6a 01       	movw	r12, r20
    4218:	7b 01       	movw	r14, r22
	portBASE_TYPE xAlreadyYielded, xShouldDelay = pdFALSE;

		configASSERT( pxPreviousWakeTime );
		configASSERT( ( xTimeIncrement > 0U ) );

		vTaskSuspendAll();
    421a:	0e 94 60 1f 	call	0x3ec0	; 0x3ec0 <vTaskSuspendAll>
		{
			/* Generate the tick time at which the task wants to wake. */
			xTimeToWake = *pxPreviousWakeTime + xTimeIncrement;
    421e:	88 81       	ld	r24, Y
    4220:	99 81       	ldd	r25, Y+1	; 0x01
    4222:	aa 81       	ldd	r26, Y+2	; 0x02
    4224:	bb 81       	ldd	r27, Y+3	; 0x03
    4226:	c8 0e       	add	r12, r24
    4228:	d9 1e       	adc	r13, r25
    422a:	ea 1e       	adc	r14, r26
    422c:	fb 1e       	adc	r15, r27

			if( xTickCount < *pxPreviousWakeTime )
    422e:	40 91 0e 3d 	lds	r20, 0x3D0E	; 0x803d0e <xTickCount>
    4232:	50 91 0f 3d 	lds	r21, 0x3D0F	; 0x803d0f <xTickCount+0x1>
    4236:	60 91 10 3d 	lds	r22, 0x3D10	; 0x803d10 <xTickCount+0x2>
    423a:	70 91 11 3d 	lds	r23, 0x3D11	; 0x803d11 <xTickCount+0x3>
    423e:	48 17       	cp	r20, r24
    4240:	59 07       	cpc	r21, r25
    4242:	6a 07       	cpc	r22, r26
    4244:	7b 07       	cpc	r23, r27
    4246:	b8 f4       	brcc	.+46     	; 0x4276 <vTaskDelayUntil+0x6e>
				/* The tick count has overflowed since this function was
				lasted called.  In this case the only time we should ever
				actually delay is if the wake time has also	overflowed,
				and the wake time is greater than the tick time.  When this
				is the case it is as if neither time had overflowed. */
				if( ( xTimeToWake < *pxPreviousWakeTime ) && ( xTimeToWake > xTickCount ) )
    4248:	c8 16       	cp	r12, r24
    424a:	d9 06       	cpc	r13, r25
    424c:	ea 06       	cpc	r14, r26
    424e:	fb 06       	cpc	r15, r27
    4250:	e0 f5       	brcc	.+120    	; 0x42ca <vTaskDelayUntil+0xc2>
    4252:	80 91 0e 3d 	lds	r24, 0x3D0E	; 0x803d0e <xTickCount>
    4256:	90 91 0f 3d 	lds	r25, 0x3D0F	; 0x803d0f <xTickCount+0x1>
    425a:	a0 91 10 3d 	lds	r26, 0x3D10	; 0x803d10 <xTickCount+0x2>
    425e:	b0 91 11 3d 	lds	r27, 0x3D11	; 0x803d11 <xTickCount+0x3>
					xShouldDelay = pdTRUE;
				}
			}

			/* Update the wake time ready for the next call. */
			*pxPreviousWakeTime = xTimeToWake;
    4262:	c8 82       	st	Y, r12
    4264:	d9 82       	std	Y+1, r13	; 0x01
    4266:	ea 82       	std	Y+2, r14	; 0x02
    4268:	fb 82       	std	Y+3, r15	; 0x03

			if( xShouldDelay != pdFALSE )
    426a:	8c 15       	cp	r24, r12
    426c:	9d 05       	cpc	r25, r13
    426e:	ae 05       	cpc	r26, r14
    4270:	bf 05       	cpc	r27, r15
    4272:	f8 f4       	brcc	.+62     	; 0x42b2 <vTaskDelayUntil+0xaa>
    4274:	13 c0       	rjmp	.+38     	; 0x429c <vTaskDelayUntil+0x94>
			else
			{
				/* The tick time has not overflowed.  In this case we will
				delay if either the wake time has overflowed, and/or the
				tick time is less than the wake time. */
				if( ( xTimeToWake < *pxPreviousWakeTime ) || ( xTimeToWake > xTickCount ) )
    4276:	c8 16       	cp	r12, r24
    4278:	d9 06       	cpc	r13, r25
    427a:	ea 06       	cpc	r14, r26
    427c:	fb 06       	cpc	r15, r27
    427e:	00 f1       	brcs	.+64     	; 0x42c0 <vTaskDelayUntil+0xb8>
    4280:	80 91 0e 3d 	lds	r24, 0x3D0E	; 0x803d0e <xTickCount>
    4284:	90 91 0f 3d 	lds	r25, 0x3D0F	; 0x803d0f <xTickCount+0x1>
    4288:	a0 91 10 3d 	lds	r26, 0x3D10	; 0x803d10 <xTickCount+0x2>
    428c:	b0 91 11 3d 	lds	r27, 0x3D11	; 0x803d11 <xTickCount+0x3>
    4290:	8c 15       	cp	r24, r12
    4292:	9d 05       	cpc	r25, r13
    4294:	ae 05       	cpc	r26, r14
    4296:	bf 05       	cpc	r27, r15
    4298:	98 f0       	brcs	.+38     	; 0x42c0 <vTaskDelayUntil+0xb8>
    429a:	17 c0       	rjmp	.+46     	; 0x42ca <vTaskDelayUntil+0xc2>
				traceTASK_DELAY_UNTIL();

				/* We must remove ourselves from the ready list before adding
				ourselves to the blocked list as the same list item is used for
				both lists. */
				vListRemove( ( xListItem * ) &( pxCurrentTCB->xGenericListItem ) );
    429c:	80 91 66 3d 	lds	r24, 0x3D66	; 0x803d66 <pxCurrentTCB>
    42a0:	90 91 67 3d 	lds	r25, 0x3D67	; 0x803d67 <pxCurrentTCB+0x1>
    42a4:	02 96       	adiw	r24, 0x02	; 2
    42a6:	0e 94 a5 19 	call	0x334a	; 0x334a <vListRemove>
				prvAddCurrentTaskToDelayedList( xTimeToWake );
    42aa:	c7 01       	movw	r24, r14
    42ac:	b6 01       	movw	r22, r12
    42ae:	0e 94 cf 1d 	call	0x3b9e	; 0x3b9e <prvAddCurrentTaskToDelayedList>
			}
		}
		xAlreadyYielded = xTaskResumeAll();
    42b2:	0e 94 82 20 	call	0x4104	; 0x4104 <xTaskResumeAll>

		/* Force a reschedule if xTaskResumeAll has not already done so, we may
		have put ourselves to sleep. */
		if( xAlreadyYielded == pdFALSE )
    42b6:	81 11       	cpse	r24, r1
    42b8:	0d c0       	rjmp	.+26     	; 0x42d4 <vTaskDelayUntil+0xcc>
		{
			portYIELD_WITHIN_API();
    42ba:	0e 94 7f 1a 	call	0x34fe	; 0x34fe <vPortYield>
		}
	}
    42be:	0a c0       	rjmp	.+20     	; 0x42d4 <vTaskDelayUntil+0xcc>
					xShouldDelay = pdTRUE;
				}
			}

			/* Update the wake time ready for the next call. */
			*pxPreviousWakeTime = xTimeToWake;
    42c0:	c8 82       	st	Y, r12
    42c2:	d9 82       	std	Y+1, r13	; 0x01
    42c4:	ea 82       	std	Y+2, r14	; 0x02
    42c6:	fb 82       	std	Y+3, r15	; 0x03
    42c8:	e9 cf       	rjmp	.-46     	; 0x429c <vTaskDelayUntil+0x94>
    42ca:	c8 82       	st	Y, r12
    42cc:	d9 82       	std	Y+1, r13	; 0x01
    42ce:	ea 82       	std	Y+2, r14	; 0x02
    42d0:	fb 82       	std	Y+3, r15	; 0x03
    42d2:	ef cf       	rjmp	.-34     	; 0x42b2 <vTaskDelayUntil+0xaa>
		have put ourselves to sleep. */
		if( xAlreadyYielded == pdFALSE )
		{
			portYIELD_WITHIN_API();
		}
	}
    42d4:	df 91       	pop	r29
    42d6:	cf 91       	pop	r28
    42d8:	ff 90       	pop	r15
    42da:	ef 90       	pop	r14
    42dc:	df 90       	pop	r13
    42de:	cf 90       	pop	r12
    42e0:	08 95       	ret

000042e2 <vTaskDelay>:
/*-----------------------------------------------------------*/

#if ( INCLUDE_vTaskDelay == 1 )

	void vTaskDelay( portTickType xTicksToDelay )
	{
    42e2:	cf 92       	push	r12
    42e4:	df 92       	push	r13
    42e6:	ef 92       	push	r14
    42e8:	ff 92       	push	r15
    42ea:	6b 01       	movw	r12, r22
    42ec:	7c 01       	movw	r14, r24
	portTickType xTimeToWake;
	signed portBASE_TYPE xAlreadyYielded = pdFALSE;

		/* A delay time of zero just forces a reschedule. */
		if( xTicksToDelay > ( portTickType ) 0U )
    42ee:	67 2b       	or	r22, r23
    42f0:	68 2b       	or	r22, r24
    42f2:	69 2b       	or	r22, r25
    42f4:	e9 f0       	breq	.+58     	; 0x4330 <vTaskDelay+0x4e>
		{
			vTaskSuspendAll();
    42f6:	0e 94 60 1f 	call	0x3ec0	; 0x3ec0 <vTaskSuspendAll>
				This task cannot be in an event list as it is the currently
				executing task. */

				/* Calculate the time to wake - this may overflow but this is
				not a problem. */
				xTimeToWake = xTickCount + xTicksToDelay;
    42fa:	80 91 0e 3d 	lds	r24, 0x3D0E	; 0x803d0e <xTickCount>
    42fe:	90 91 0f 3d 	lds	r25, 0x3D0F	; 0x803d0f <xTickCount+0x1>
    4302:	a0 91 10 3d 	lds	r26, 0x3D10	; 0x803d10 <xTickCount+0x2>
    4306:	b0 91 11 3d 	lds	r27, 0x3D11	; 0x803d11 <xTickCount+0x3>
    430a:	c8 0e       	add	r12, r24
    430c:	d9 1e       	adc	r13, r25
    430e:	ea 1e       	adc	r14, r26
    4310:	fb 1e       	adc	r15, r27

				/* We must remove ourselves from the ready list before adding
				ourselves to the blocked list as the same list item is used for
				both lists. */
				vListRemove( ( xListItem * ) &( pxCurrentTCB->xGenericListItem ) );
    4312:	80 91 66 3d 	lds	r24, 0x3D66	; 0x803d66 <pxCurrentTCB>
    4316:	90 91 67 3d 	lds	r25, 0x3D67	; 0x803d67 <pxCurrentTCB+0x1>
    431a:	02 96       	adiw	r24, 0x02	; 2
    431c:	0e 94 a5 19 	call	0x334a	; 0x334a <vListRemove>
				prvAddCurrentTaskToDelayedList( xTimeToWake );
    4320:	c7 01       	movw	r24, r14
    4322:	b6 01       	movw	r22, r12
    4324:	0e 94 cf 1d 	call	0x3b9e	; 0x3b9e <prvAddCurrentTaskToDelayedList>
			}
			xAlreadyYielded = xTaskResumeAll();
    4328:	0e 94 82 20 	call	0x4104	; 0x4104 <xTaskResumeAll>
		}

		/* Force a reschedule if xTaskResumeAll has not already done so, we may
		have put ourselves to sleep. */
		if( xAlreadyYielded == pdFALSE )
    432c:	81 11       	cpse	r24, r1
    432e:	02 c0       	rjmp	.+4      	; 0x4334 <vTaskDelay+0x52>
		{
			portYIELD_WITHIN_API();
    4330:	0e 94 7f 1a 	call	0x34fe	; 0x34fe <vPortYield>
		}
	}
    4334:	ff 90       	pop	r15
    4336:	ef 90       	pop	r14
    4338:	df 90       	pop	r13
    433a:	cf 90       	pop	r12
    433c:	08 95       	ret

0000433e <vTaskSwitchContext>:
#endif
/*-----------------------------------------------------------*/

void vTaskSwitchContext( void )
{
	if( uxSchedulerSuspended != ( unsigned portBASE_TYPE ) pdFALSE )
    433e:	80 91 0a 3d 	lds	r24, 0x3D0A	; 0x803d0a <uxSchedulerSuspended>
    4342:	81 11       	cpse	r24, r1
    4344:	0c c0       	rjmp	.+24     	; 0x435e <vTaskSwitchContext+0x20>
	
		taskFIRST_CHECK_FOR_STACK_OVERFLOW();
		taskSECOND_CHECK_FOR_STACK_OVERFLOW();
	
		/* Find the highest priority queue that contains ready tasks. */
		while( listLIST_IS_EMPTY( &( pxReadyTasksLists[ uxTopReadyPriority ] ) ) )
    4346:	e0 91 0c 3d 	lds	r30, 0x3D0C	; 0x803d0c <uxTopReadyPriority>
    434a:	4b e0       	ldi	r20, 0x0B	; 11
    434c:	e4 9f       	mul	r30, r20
    434e:	f0 01       	movw	r30, r0
    4350:	11 24       	eor	r1, r1
    4352:	e6 5c       	subi	r30, 0xC6	; 198
    4354:	f2 4c       	sbci	r31, 0xC2	; 194
    4356:	80 81       	ld	r24, Z
    4358:	88 23       	and	r24, r24
    435a:	29 f0       	breq	.+10     	; 0x4366 <vTaskSwitchContext+0x28>
    435c:	14 c0       	rjmp	.+40     	; 0x4386 <vTaskSwitchContext+0x48>
{
	if( uxSchedulerSuspended != ( unsigned portBASE_TYPE ) pdFALSE )
	{
		/* The scheduler is currently suspended - do not allow a context
		switch. */
		xMissedYield = pdTRUE;
    435e:	81 e0       	ldi	r24, 0x01	; 1
    4360:	80 93 08 3d 	sts	0x3D08, r24	; 0x803d08 <xMissedYield>
    4364:	08 95       	ret
	
		taskFIRST_CHECK_FOR_STACK_OVERFLOW();
		taskSECOND_CHECK_FOR_STACK_OVERFLOW();
	
		/* Find the highest priority queue that contains ready tasks. */
		while( listLIST_IS_EMPTY( &( pxReadyTasksLists[ uxTopReadyPriority ] ) ) )
    4366:	9b e0       	ldi	r25, 0x0B	; 11
		{
			configASSERT( uxTopReadyPriority );
			--uxTopReadyPriority;
    4368:	80 91 0c 3d 	lds	r24, 0x3D0C	; 0x803d0c <uxTopReadyPriority>
    436c:	81 50       	subi	r24, 0x01	; 1
    436e:	80 93 0c 3d 	sts	0x3D0C, r24	; 0x803d0c <uxTopReadyPriority>
	
		taskFIRST_CHECK_FOR_STACK_OVERFLOW();
		taskSECOND_CHECK_FOR_STACK_OVERFLOW();
	
		/* Find the highest priority queue that contains ready tasks. */
		while( listLIST_IS_EMPTY( &( pxReadyTasksLists[ uxTopReadyPriority ] ) ) )
    4372:	e0 91 0c 3d 	lds	r30, 0x3D0C	; 0x803d0c <uxTopReadyPriority>
    4376:	9e 9f       	mul	r25, r30
    4378:	f0 01       	movw	r30, r0
    437a:	11 24       	eor	r1, r1
    437c:	e6 5c       	subi	r30, 0xC6	; 198
    437e:	f2 4c       	sbci	r31, 0xC2	; 194
    4380:	80 81       	ld	r24, Z
    4382:	88 23       	and	r24, r24
    4384:	89 f3       	breq	.-30     	; 0x4368 <vTaskSwitchContext+0x2a>
			--uxTopReadyPriority;
		}
	
		/* listGET_OWNER_OF_NEXT_ENTRY walks through the list, so the tasks of the
		same priority get an equal share of the processor time. */
		listGET_OWNER_OF_NEXT_ENTRY( pxCurrentTCB, &( pxReadyTasksLists[ uxTopReadyPriority ] ) );
    4386:	80 91 0c 3d 	lds	r24, 0x3D0C	; 0x803d0c <uxTopReadyPriority>
    438a:	28 2f       	mov	r18, r24
    438c:	30 e0       	ldi	r19, 0x00	; 0
    438e:	4b e0       	ldi	r20, 0x0B	; 11
    4390:	84 9f       	mul	r24, r20
    4392:	c0 01       	movw	r24, r0
    4394:	11 24       	eor	r1, r1
    4396:	dc 01       	movw	r26, r24
    4398:	a6 5c       	subi	r26, 0xC6	; 198
    439a:	b2 4c       	sbci	r27, 0xC2	; 194
    439c:	11 96       	adiw	r26, 0x01	; 1
    439e:	ed 91       	ld	r30, X+
    43a0:	fc 91       	ld	r31, X
    43a2:	12 97       	sbiw	r26, 0x02	; 2
    43a4:	04 80       	ldd	r0, Z+4	; 0x04
    43a6:	f5 81       	ldd	r31, Z+5	; 0x05
    43a8:	e0 2d       	mov	r30, r0
    43aa:	11 96       	adiw	r26, 0x01	; 1
    43ac:	ed 93       	st	X+, r30
    43ae:	fc 93       	st	X, r31
    43b0:	12 97       	sbiw	r26, 0x02	; 2
    43b2:	83 5c       	subi	r24, 0xC3	; 195
    43b4:	92 4c       	sbci	r25, 0xC2	; 194
    43b6:	e8 17       	cp	r30, r24
    43b8:	f9 07       	cpc	r31, r25
    43ba:	61 f4       	brne	.+24     	; 0x43d4 <vTaskSwitchContext+0x96>
    43bc:	84 81       	ldd	r24, Z+4	; 0x04
    43be:	95 81       	ldd	r25, Z+5	; 0x05
    43c0:	4b e0       	ldi	r20, 0x0B	; 11
    43c2:	42 9f       	mul	r20, r18
    43c4:	f0 01       	movw	r30, r0
    43c6:	43 9f       	mul	r20, r19
    43c8:	f0 0d       	add	r31, r0
    43ca:	11 24       	eor	r1, r1
    43cc:	e6 5c       	subi	r30, 0xC6	; 198
    43ce:	f2 4c       	sbci	r31, 0xC2	; 194
    43d0:	81 83       	std	Z+1, r24	; 0x01
    43d2:	92 83       	std	Z+2, r25	; 0x02
    43d4:	8b e0       	ldi	r24, 0x0B	; 11
    43d6:	82 9f       	mul	r24, r18
    43d8:	f0 01       	movw	r30, r0
    43da:	83 9f       	mul	r24, r19
    43dc:	f0 0d       	add	r31, r0
    43de:	11 24       	eor	r1, r1
    43e0:	e6 5c       	subi	r30, 0xC6	; 198
    43e2:	f2 4c       	sbci	r31, 0xC2	; 194
    43e4:	01 80       	ldd	r0, Z+1	; 0x01
    43e6:	f2 81       	ldd	r31, Z+2	; 0x02
    43e8:	e0 2d       	mov	r30, r0
    43ea:	80 85       	ldd	r24, Z+8	; 0x08
    43ec:	91 85       	ldd	r25, Z+9	; 0x09
    43ee:	80 93 66 3d 	sts	0x3D66, r24	; 0x803d66 <pxCurrentTCB>
    43f2:	90 93 67 3d 	sts	0x3D67, r25	; 0x803d67 <pxCurrentTCB+0x1>
    43f6:	08 95       	ret

000043f8 <vTaskPlaceOnEventList>:
	}
}
/*-----------------------------------------------------------*/

void vTaskPlaceOnEventList( const xList * const pxEventList, portTickType xTicksToWait )
{
    43f8:	cf 92       	push	r12
    43fa:	df 92       	push	r13
    43fc:	ef 92       	push	r14
    43fe:	ff 92       	push	r15
    4400:	6a 01       	movw	r12, r20
    4402:	7b 01       	movw	r14, r22
	SCHEDULER SUSPENDED. */

	/* Place the event list item of the TCB in the appropriate event list.
	This is placed in the list in priority order so the highest priority task
	is the first to be woken by the event. */
	vListInsert( ( xList * ) pxEventList, ( xListItem * ) &( pxCurrentTCB->xEventListItem ) );
    4404:	60 91 66 3d 	lds	r22, 0x3D66	; 0x803d66 <pxCurrentTCB>
    4408:	70 91 67 3d 	lds	r23, 0x3D67	; 0x803d67 <pxCurrentTCB+0x1>
    440c:	62 5f       	subi	r22, 0xF2	; 242
    440e:	7f 4f       	sbci	r23, 0xFF	; 255
    4410:	0e 94 5a 19 	call	0x32b4	; 0x32b4 <vListInsert>

	/* We must remove ourselves from the ready list before adding ourselves
	to the blocked list as the same list item is used for both lists.  We have
	exclusive access to the ready lists as the scheduler is locked. */
	vListRemove( ( xListItem * ) &( pxCurrentTCB->xGenericListItem ) );
    4414:	80 91 66 3d 	lds	r24, 0x3D66	; 0x803d66 <pxCurrentTCB>
    4418:	90 91 67 3d 	lds	r25, 0x3D67	; 0x803d67 <pxCurrentTCB+0x1>
    441c:	02 96       	adiw	r24, 0x02	; 2
    441e:	0e 94 a5 19 	call	0x334a	; 0x334a <vListRemove>
	}
	#else
	{
			/* Calculate the time at which the task should be woken if the event does
			not occur.  This may overflow but this doesn't matter. */
			xTimeToWake = xTickCount + xTicksToWait;
    4422:	80 91 0e 3d 	lds	r24, 0x3D0E	; 0x803d0e <xTickCount>
    4426:	90 91 0f 3d 	lds	r25, 0x3D0F	; 0x803d0f <xTickCount+0x1>
    442a:	a0 91 10 3d 	lds	r26, 0x3D10	; 0x803d10 <xTickCount+0x2>
    442e:	b0 91 11 3d 	lds	r27, 0x3D11	; 0x803d11 <xTickCount+0x3>
			prvAddCurrentTaskToDelayedList( xTimeToWake );
    4432:	bc 01       	movw	r22, r24
    4434:	cd 01       	movw	r24, r26
    4436:	6c 0d       	add	r22, r12
    4438:	7d 1d       	adc	r23, r13
    443a:	8e 1d       	adc	r24, r14
    443c:	9f 1d       	adc	r25, r15
    443e:	0e 94 cf 1d 	call	0x3b9e	; 0x3b9e <prvAddCurrentTaskToDelayedList>
	}
	#endif
}
    4442:	ff 90       	pop	r15
    4444:	ef 90       	pop	r14
    4446:	df 90       	pop	r13
    4448:	cf 90       	pop	r12
    444a:	08 95       	ret

0000444c <xTaskRemoveFromEventList>:
	
#endif /* configUSE_TIMERS */
/*-----------------------------------------------------------*/

signed portBASE_TYPE xTaskRemoveFromEventList( const xList * const pxEventList )
{
    444c:	0f 93       	push	r16
    444e:	1f 93       	push	r17
    4450:	cf 93       	push	r28
    4452:	df 93       	push	r29
	get called - the lock count on the queue will get modified instead.  This
	means we can always expect exclusive access to the event list here.
	
	This function assumes that a check has already been made to ensure that
	pxEventList is not empty. */
	pxUnblockedTCB = ( tskTCB * ) listGET_OWNER_OF_HEAD_ENTRY( pxEventList );
    4454:	dc 01       	movw	r26, r24
    4456:	17 96       	adiw	r26, 0x07	; 7
    4458:	ed 91       	ld	r30, X+
    445a:	fc 91       	ld	r31, X
    445c:	18 97       	sbiw	r26, 0x08	; 8
    445e:	c0 85       	ldd	r28, Z+8	; 0x08
    4460:	d1 85       	ldd	r29, Z+9	; 0x09
	configASSERT( pxUnblockedTCB );
	vListRemove( &( pxUnblockedTCB->xEventListItem ) );
    4462:	8e 01       	movw	r16, r28
    4464:	02 5f       	subi	r16, 0xF2	; 242
    4466:	1f 4f       	sbci	r17, 0xFF	; 255
    4468:	c8 01       	movw	r24, r16
    446a:	0e 94 a5 19 	call	0x334a	; 0x334a <vListRemove>

	if( uxSchedulerSuspended == ( unsigned portBASE_TYPE ) pdFALSE )
    446e:	80 91 0a 3d 	lds	r24, 0x3D0A	; 0x803d0a <uxSchedulerSuspended>
    4472:	81 11       	cpse	r24, r1
    4474:	16 c0       	rjmp	.+44     	; 0x44a2 <xTaskRemoveFromEventList+0x56>
	{
		vListRemove( &( pxUnblockedTCB->xGenericListItem ) );
    4476:	0c 50       	subi	r16, 0x0C	; 12
    4478:	11 09       	sbc	r17, r1
    447a:	c8 01       	movw	r24, r16
    447c:	0e 94 a5 19 	call	0x334a	; 0x334a <vListRemove>
		prvAddTaskToReadyQueue( pxUnblockedTCB );
    4480:	8a 8d       	ldd	r24, Y+26	; 0x1a
    4482:	90 91 0c 3d 	lds	r25, 0x3D0C	; 0x803d0c <uxTopReadyPriority>
    4486:	98 17       	cp	r25, r24
    4488:	10 f4       	brcc	.+4      	; 0x448e <xTaskRemoveFromEventList+0x42>
    448a:	80 93 0c 3d 	sts	0x3D0C, r24	; 0x803d0c <uxTopReadyPriority>
    448e:	bb e0       	ldi	r27, 0x0B	; 11
    4490:	8b 9f       	mul	r24, r27
    4492:	c0 01       	movw	r24, r0
    4494:	11 24       	eor	r1, r1
    4496:	b8 01       	movw	r22, r16
    4498:	86 5c       	subi	r24, 0xC6	; 198
    449a:	92 4c       	sbci	r25, 0xC2	; 194
    449c:	0e 94 33 19 	call	0x3266	; 0x3266 <vListInsertEnd>
    44a0:	05 c0       	rjmp	.+10     	; 0x44ac <xTaskRemoveFromEventList+0x60>
	}
	else
	{
		/* We cannot access the delayed or ready lists, so will hold this
		task pending until the scheduler is resumed. */
		vListInsertEnd( ( xList * ) &( xPendingReadyList ), &( pxUnblockedTCB->xEventListItem ) );
    44a2:	b8 01       	movw	r22, r16
    44a4:	85 e1       	ldi	r24, 0x15	; 21
    44a6:	9d e3       	ldi	r25, 0x3D	; 61
    44a8:	0e 94 33 19 	call	0x3266	; 0x3266 <vListInsertEnd>
	}

	if( pxUnblockedTCB->uxPriority >= pxCurrentTCB->uxPriority )
    44ac:	e0 91 66 3d 	lds	r30, 0x3D66	; 0x803d66 <pxCurrentTCB>
    44b0:	f0 91 67 3d 	lds	r31, 0x3D67	; 0x803d67 <pxCurrentTCB+0x1>
	else
	{
		xReturn = pdFALSE;
	}

	return xReturn;
    44b4:	81 e0       	ldi	r24, 0x01	; 1
    44b6:	2a 8d       	ldd	r18, Y+26	; 0x1a
    44b8:	92 8d       	ldd	r25, Z+26	; 0x1a
    44ba:	29 17       	cp	r18, r25
    44bc:	08 f4       	brcc	.+2      	; 0x44c0 <xTaskRemoveFromEventList+0x74>
    44be:	80 e0       	ldi	r24, 0x00	; 0
}
    44c0:	df 91       	pop	r29
    44c2:	cf 91       	pop	r28
    44c4:	1f 91       	pop	r17
    44c6:	0f 91       	pop	r16
    44c8:	08 95       	ret

000044ca <vTaskSetTimeOutState>:
/*-----------------------------------------------------------*/

void vTaskSetTimeOutState( xTimeOutType * const pxTimeOut )
{
	configASSERT( pxTimeOut );
	pxTimeOut->xOverflowCount = xNumOfOverflows;
    44ca:	20 91 07 3d 	lds	r18, 0x3D07	; 0x803d07 <xNumOfOverflows>
    44ce:	fc 01       	movw	r30, r24
    44d0:	20 83       	st	Z, r18
	pxTimeOut->xTimeOnEntering = xTickCount;
    44d2:	40 91 0e 3d 	lds	r20, 0x3D0E	; 0x803d0e <xTickCount>
    44d6:	50 91 0f 3d 	lds	r21, 0x3D0F	; 0x803d0f <xTickCount+0x1>
    44da:	60 91 10 3d 	lds	r22, 0x3D10	; 0x803d10 <xTickCount+0x2>
    44de:	70 91 11 3d 	lds	r23, 0x3D11	; 0x803d11 <xTickCount+0x3>
    44e2:	41 83       	std	Z+1, r20	; 0x01
    44e4:	52 83       	std	Z+2, r21	; 0x02
    44e6:	63 83       	std	Z+3, r22	; 0x03
    44e8:	74 83       	std	Z+4, r23	; 0x04
    44ea:	08 95       	ret

000044ec <xTaskCheckForTimeOut>:
}
/*-----------------------------------------------------------*/

portBASE_TYPE xTaskCheckForTimeOut( xTimeOutType * const pxTimeOut, portTickType * const pxTicksToWait )
{
    44ec:	8f 92       	push	r8
    44ee:	9f 92       	push	r9
    44f0:	af 92       	push	r10
    44f2:	bf 92       	push	r11
    44f4:	cf 92       	push	r12
    44f6:	df 92       	push	r13
    44f8:	ef 92       	push	r14
    44fa:	ff 92       	push	r15
    44fc:	0f 93       	push	r16
    44fe:	1f 93       	push	r17
    4500:	cf 93       	push	r28
    4502:	df 93       	push	r29
    4504:	fc 01       	movw	r30, r24
portBASE_TYPE xReturn;

	configASSERT( pxTimeOut );
	configASSERT( pxTicksToWait );

	taskENTER_CRITICAL();
    4506:	0f b6       	in	r0, 0x3f	; 63
    4508:	f8 94       	cli
    450a:	0f 92       	push	r0
				xReturn = pdFALSE;
			}
			else /* We are not blocking indefinitely, perform the checks below. */
		#endif

		if( ( xNumOfOverflows != pxTimeOut->xOverflowCount ) && ( ( portTickType ) xTickCount >= ( portTickType ) pxTimeOut->xTimeOnEntering ) )
    450c:	80 91 07 3d 	lds	r24, 0x3D07	; 0x803d07 <xNumOfOverflows>
    4510:	90 81       	ld	r25, Z
    4512:	98 17       	cp	r25, r24
    4514:	89 f0       	breq	.+34     	; 0x4538 <xTaskCheckForTimeOut+0x4c>
    4516:	80 91 0e 3d 	lds	r24, 0x3D0E	; 0x803d0e <xTickCount>
    451a:	90 91 0f 3d 	lds	r25, 0x3D0F	; 0x803d0f <xTickCount+0x1>
    451e:	a0 91 10 3d 	lds	r26, 0x3D10	; 0x803d10 <xTickCount+0x2>
    4522:	b0 91 11 3d 	lds	r27, 0x3D11	; 0x803d11 <xTickCount+0x3>
    4526:	01 81       	ldd	r16, Z+1	; 0x01
    4528:	12 81       	ldd	r17, Z+2	; 0x02
    452a:	23 81       	ldd	r18, Z+3	; 0x03
    452c:	34 81       	ldd	r19, Z+4	; 0x04
    452e:	80 17       	cp	r24, r16
    4530:	91 07       	cpc	r25, r17
    4532:	a2 07       	cpc	r26, r18
    4534:	b3 07       	cpc	r27, r19
    4536:	a8 f5       	brcc	.+106    	; 0x45a2 <xTaskCheckForTimeOut+0xb6>
			was called, but has also overflowed since vTaskSetTimeOut() was called.
			It must have wrapped all the way around and gone past us again. This
			passed since vTaskSetTimeout() was called. */
			xReturn = pdTRUE;
		}
		else if( ( ( portTickType ) ( ( portTickType ) xTickCount - ( portTickType ) pxTimeOut->xTimeOnEntering ) ) < ( portTickType ) *pxTicksToWait )
    4538:	80 91 0e 3d 	lds	r24, 0x3D0E	; 0x803d0e <xTickCount>
    453c:	90 91 0f 3d 	lds	r25, 0x3D0F	; 0x803d0f <xTickCount+0x1>
    4540:	a0 91 10 3d 	lds	r26, 0x3D10	; 0x803d10 <xTickCount+0x2>
    4544:	b0 91 11 3d 	lds	r27, 0x3D11	; 0x803d11 <xTickCount+0x3>
    4548:	c1 80       	ldd	r12, Z+1	; 0x01
    454a:	d2 80       	ldd	r13, Z+2	; 0x02
    454c:	e3 80       	ldd	r14, Z+3	; 0x03
    454e:	f4 80       	ldd	r15, Z+4	; 0x04
    4550:	eb 01       	movw	r28, r22
    4552:	08 81       	ld	r16, Y
    4554:	19 81       	ldd	r17, Y+1	; 0x01
    4556:	2a 81       	ldd	r18, Y+2	; 0x02
    4558:	3b 81       	ldd	r19, Y+3	; 0x03
    455a:	8c 19       	sub	r24, r12
    455c:	9d 09       	sbc	r25, r13
    455e:	ae 09       	sbc	r26, r14
    4560:	bf 09       	sbc	r27, r15
    4562:	80 17       	cp	r24, r16
    4564:	91 07       	cpc	r25, r17
    4566:	a2 07       	cpc	r26, r18
    4568:	b3 07       	cpc	r27, r19
    456a:	e8 f4       	brcc	.+58     	; 0x45a6 <xTaskCheckForTimeOut+0xba>
    456c:	cf 01       	movw	r24, r30
		{
			/* Not a genuine timeout. Adjust parameters for time remaining. */
			*pxTicksToWait -= ( ( portTickType ) xTickCount - ( portTickType ) pxTimeOut->xTimeOnEntering );
    456e:	80 90 0e 3d 	lds	r8, 0x3D0E	; 0x803d0e <xTickCount>
    4572:	90 90 0f 3d 	lds	r9, 0x3D0F	; 0x803d0f <xTickCount+0x1>
    4576:	a0 90 10 3d 	lds	r10, 0x3D10	; 0x803d10 <xTickCount+0x2>
    457a:	b0 90 11 3d 	lds	r11, 0x3D11	; 0x803d11 <xTickCount+0x3>
    457e:	b5 01       	movw	r22, r10
    4580:	a4 01       	movw	r20, r8
    4582:	4c 19       	sub	r20, r12
    4584:	5d 09       	sbc	r21, r13
    4586:	6e 09       	sbc	r22, r14
    4588:	7f 09       	sbc	r23, r15
    458a:	04 1b       	sub	r16, r20
    458c:	15 0b       	sbc	r17, r21
    458e:	26 0b       	sbc	r18, r22
    4590:	37 0b       	sbc	r19, r23
    4592:	08 83       	st	Y, r16
    4594:	19 83       	std	Y+1, r17	; 0x01
    4596:	2a 83       	std	Y+2, r18	; 0x02
    4598:	3b 83       	std	Y+3, r19	; 0x03
			vTaskSetTimeOutState( pxTimeOut );
    459a:	0e 94 65 22 	call	0x44ca	; 0x44ca <vTaskSetTimeOutState>
			xReturn = pdFALSE;
    459e:	80 e0       	ldi	r24, 0x00	; 0
    45a0:	03 c0       	rjmp	.+6      	; 0x45a8 <xTaskCheckForTimeOut+0xbc>
		{
			/* The tick count is greater than the time at which vTaskSetTimeout()
			was called, but has also overflowed since vTaskSetTimeOut() was called.
			It must have wrapped all the way around and gone past us again. This
			passed since vTaskSetTimeout() was called. */
			xReturn = pdTRUE;
    45a2:	81 e0       	ldi	r24, 0x01	; 1
    45a4:	01 c0       	rjmp	.+2      	; 0x45a8 <xTaskCheckForTimeOut+0xbc>
			vTaskSetTimeOutState( pxTimeOut );
			xReturn = pdFALSE;
		}
		else
		{
			xReturn = pdTRUE;
    45a6:	81 e0       	ldi	r24, 0x01	; 1
		}
	}
	taskEXIT_CRITICAL();
    45a8:	0f 90       	pop	r0
    45aa:	0f be       	out	0x3f, r0	; 63

	return xReturn;
}
    45ac:	df 91       	pop	r29
    45ae:	cf 91       	pop	r28
    45b0:	1f 91       	pop	r17
    45b2:	0f 91       	pop	r16
    45b4:	ff 90       	pop	r15
    45b6:	ef 90       	pop	r14
    45b8:	df 90       	pop	r13
    45ba:	cf 90       	pop	r12
    45bc:	bf 90       	pop	r11
    45be:	af 90       	pop	r10
    45c0:	9f 90       	pop	r9
    45c2:	8f 90       	pop	r8
    45c4:	08 95       	ret

000045c6 <vTaskMissedYield>:
/*-----------------------------------------------------------*/

void vTaskMissedYield( void )
{
	xMissedYield = pdTRUE;
    45c6:	81 e0       	ldi	r24, 0x01	; 1
    45c8:	80 93 08 3d 	sts	0x3D08, r24	; 0x803d08 <xMissedYield>
    45cc:	08 95       	ret

000045ce <uxTaskGetStackHighWaterMark>:
	{
	tskTCB *pxTCB;
	unsigned char *pcEndOfStack;
	unsigned portBASE_TYPE uxReturn;

		pxTCB = prvGetTCBFromHandle( xTask );
    45ce:	00 97       	sbiw	r24, 0x00	; 0
    45d0:	21 f4       	brne	.+8      	; 0x45da <uxTaskGetStackHighWaterMark+0xc>
    45d2:	80 91 66 3d 	lds	r24, 0x3D66	; 0x803d66 <pxCurrentTCB>
    45d6:	90 91 67 3d 	lds	r25, 0x3D67	; 0x803d67 <pxCurrentTCB+0x1>

		#if portSTACK_GROWTH < 0
		{
			pcEndOfStack = ( unsigned char * ) pxTCB->pxStack;
    45da:	dc 01       	movw	r26, r24
    45dc:	5b 96       	adiw	r26, 0x1b	; 27
    45de:	ed 91       	ld	r30, X+
    45e0:	fc 91       	ld	r31, X
    45e2:	5c 97       	sbiw	r26, 0x1c	; 28

	static unsigned short usTaskCheckFreeStackSpace( const unsigned char * pucStackByte )
	{
	register unsigned short usCount = 0U;

		while( *pucStackByte == tskSTACK_FILL_BYTE )
    45e4:	80 81       	ld	r24, Z
    45e6:	81 31       	cpi	r24, 0x11	; 17
    45e8:	41 f4       	brne	.+16     	; 0x45fa <uxTaskGetStackHighWaterMark+0x2c>
    45ea:	31 96       	adiw	r30, 0x01	; 1
    45ec:	80 e0       	ldi	r24, 0x00	; 0
    45ee:	90 e0       	ldi	r25, 0x00	; 0
		{
			pucStackByte -= portSTACK_GROWTH;
			usCount++;
    45f0:	01 96       	adiw	r24, 0x01	; 1

	static unsigned short usTaskCheckFreeStackSpace( const unsigned char * pucStackByte )
	{
	register unsigned short usCount = 0U;

		while( *pucStackByte == tskSTACK_FILL_BYTE )
    45f2:	21 91       	ld	r18, Z+
    45f4:	21 31       	cpi	r18, 0x11	; 17
    45f6:	e1 f3       	breq	.-8      	; 0x45f0 <uxTaskGetStackHighWaterMark+0x22>
    45f8:	08 95       	ret

#if ( ( configUSE_TRACE_FACILITY == 1 ) || ( INCLUDE_uxTaskGetStackHighWaterMark == 1 ) )

	static unsigned short usTaskCheckFreeStackSpace( const unsigned char * pucStackByte )
	{
	register unsigned short usCount = 0U;
    45fa:	80 e0       	ldi	r24, 0x00	; 0
    45fc:	90 e0       	ldi	r25, 0x00	; 0
		#endif

		uxReturn = ( unsigned portBASE_TYPE ) usTaskCheckFreeStackSpace( pcEndOfStack );

		return uxReturn;
	}
    45fe:	08 95       	ret

00004600 <xTaskGetCurrentTaskHandle>:
	xTaskHandle xReturn;

		/* A critical section is not required as this is not called from
		an interrupt and the current TCB will always be the same for any
		individual execution thread. */
		xReturn = pxCurrentTCB;
    4600:	80 91 66 3d 	lds	r24, 0x3D66	; 0x803d66 <pxCurrentTCB>
    4604:	90 91 67 3d 	lds	r25, 0x3D67	; 0x803d67 <pxCurrentTCB+0x1>

		return xReturn;
	}
    4608:	08 95       	ret

0000460a <vTaskPriorityInherit>:
/*-----------------------------------------------------------*/

#if ( configUSE_MUTEXES == 1 )

	void vTaskPriorityInherit( xTaskHandle * const pxMutexHolder )
	{
    460a:	0f 93       	push	r16
    460c:	1f 93       	push	r17
    460e:	cf 93       	push	r28
    4610:	df 93       	push	r29
    4612:	fc 01       	movw	r30, r24
	tskTCB * const pxTCB = ( tskTCB * ) pxMutexHolder;

		configASSERT( pxMutexHolder );

		if( pxTCB->uxPriority < pxCurrentTCB->uxPriority )
    4614:	22 8d       	ldd	r18, Z+26	; 0x1a
    4616:	a0 91 66 3d 	lds	r26, 0x3D66	; 0x803d66 <pxCurrentTCB>
    461a:	b0 91 67 3d 	lds	r27, 0x3D67	; 0x803d67 <pxCurrentTCB+0x1>
    461e:	5a 96       	adiw	r26, 0x1a	; 26
    4620:	8c 91       	ld	r24, X
    4622:	28 17       	cp	r18, r24
    4624:	08 f0       	brcs	.+2      	; 0x4628 <vTaskPriorityInherit+0x1e>
    4626:	41 c0       	rjmp	.+130    	; 0x46aa <vTaskPriorityInherit+0xa0>
		{
			/* Adjust the mutex holder state to account for its new priority. */
			listSET_LIST_ITEM_VALUE( &( pxTCB->xEventListItem ), configMAX_PRIORITIES - ( portTickType ) pxCurrentTCB->uxPriority );
    4628:	a0 91 66 3d 	lds	r26, 0x3D66	; 0x803d66 <pxCurrentTCB>
    462c:	b0 91 67 3d 	lds	r27, 0x3D67	; 0x803d67 <pxCurrentTCB+0x1>
    4630:	5a 96       	adiw	r26, 0x1a	; 26
    4632:	3c 91       	ld	r19, X
    4634:	84 e0       	ldi	r24, 0x04	; 4
    4636:	90 e0       	ldi	r25, 0x00	; 0
    4638:	a0 e0       	ldi	r26, 0x00	; 0
    463a:	b0 e0       	ldi	r27, 0x00	; 0
    463c:	83 1b       	sub	r24, r19
    463e:	91 09       	sbc	r25, r1
    4640:	a1 09       	sbc	r26, r1
    4642:	b1 09       	sbc	r27, r1
    4644:	86 87       	std	Z+14, r24	; 0x0e
    4646:	97 87       	std	Z+15, r25	; 0x0f
    4648:	a0 8b       	std	Z+16, r26	; 0x10
    464a:	b1 8b       	std	Z+17, r27	; 0x11

			/* If the task being modified is in the ready state it will need to
			be moved in to a new list. */
			if( listIS_CONTAINED_WITHIN( &( pxReadyTasksLists[ pxTCB->uxPriority ] ), &( pxTCB->xGenericListItem ) ) != pdFALSE )
    464c:	8b e0       	ldi	r24, 0x0B	; 11
    464e:	28 9f       	mul	r18, r24
    4650:	90 01       	movw	r18, r0
    4652:	11 24       	eor	r1, r1
    4654:	26 5c       	subi	r18, 0xC6	; 198
    4656:	32 4c       	sbci	r19, 0xC2	; 194
    4658:	84 85       	ldd	r24, Z+12	; 0x0c
    465a:	95 85       	ldd	r25, Z+13	; 0x0d
    465c:	82 17       	cp	r24, r18
    465e:	93 07       	cpc	r25, r19
    4660:	e9 f4       	brne	.+58     	; 0x469c <vTaskPriorityInherit+0x92>
    4662:	8f 01       	movw	r16, r30
			{
				vListRemove( &( pxTCB->xGenericListItem ) );
    4664:	ef 01       	movw	r28, r30
    4666:	22 96       	adiw	r28, 0x02	; 2
    4668:	ce 01       	movw	r24, r28
    466a:	0e 94 a5 19 	call	0x334a	; 0x334a <vListRemove>

				/* Inherit the priority before being moved into the new list. */
				pxTCB->uxPriority = pxCurrentTCB->uxPriority;
    466e:	e0 91 66 3d 	lds	r30, 0x3D66	; 0x803d66 <pxCurrentTCB>
    4672:	f0 91 67 3d 	lds	r31, 0x3D67	; 0x803d67 <pxCurrentTCB+0x1>
    4676:	82 8d       	ldd	r24, Z+26	; 0x1a
    4678:	f8 01       	movw	r30, r16
    467a:	82 8f       	std	Z+26, r24	; 0x1a
				prvAddTaskToReadyQueue( pxTCB );
    467c:	90 91 0c 3d 	lds	r25, 0x3D0C	; 0x803d0c <uxTopReadyPriority>
    4680:	98 17       	cp	r25, r24
    4682:	10 f4       	brcc	.+4      	; 0x4688 <vTaskPriorityInherit+0x7e>
    4684:	80 93 0c 3d 	sts	0x3D0C, r24	; 0x803d0c <uxTopReadyPriority>
    4688:	fb e0       	ldi	r31, 0x0B	; 11
    468a:	8f 9f       	mul	r24, r31
    468c:	c0 01       	movw	r24, r0
    468e:	11 24       	eor	r1, r1
    4690:	be 01       	movw	r22, r28
    4692:	86 5c       	subi	r24, 0xC6	; 198
    4694:	92 4c       	sbci	r25, 0xC2	; 194
    4696:	0e 94 33 19 	call	0x3266	; 0x3266 <vListInsertEnd>
    469a:	07 c0       	rjmp	.+14     	; 0x46aa <vTaskPriorityInherit+0xa0>
			}
			else
			{
				/* Just inherit the priority. */
				pxTCB->uxPriority = pxCurrentTCB->uxPriority;
    469c:	a0 91 66 3d 	lds	r26, 0x3D66	; 0x803d66 <pxCurrentTCB>
    46a0:	b0 91 67 3d 	lds	r27, 0x3D67	; 0x803d67 <pxCurrentTCB+0x1>
    46a4:	5a 96       	adiw	r26, 0x1a	; 26
    46a6:	8c 91       	ld	r24, X
    46a8:	82 8f       	std	Z+26, r24	; 0x1a
			}

			traceTASK_PRIORITY_INHERIT( pxTCB, pxCurrentTCB->uxPriority );
		}
	}
    46aa:	df 91       	pop	r29
    46ac:	cf 91       	pop	r28
    46ae:	1f 91       	pop	r17
    46b0:	0f 91       	pop	r16
    46b2:	08 95       	ret

000046b4 <vTaskPriorityDisinherit>:
/*-----------------------------------------------------------*/

#if ( configUSE_MUTEXES == 1 )

	void vTaskPriorityDisinherit( xTaskHandle * const pxMutexHolder )
	{
    46b4:	0f 93       	push	r16
    46b6:	1f 93       	push	r17
    46b8:	cf 93       	push	r28
    46ba:	df 93       	push	r29
	tskTCB * const pxTCB = ( tskTCB * ) pxMutexHolder;

		if( pxMutexHolder != NULL )
    46bc:	00 97       	sbiw	r24, 0x00	; 0
    46be:	49 f1       	breq	.+82     	; 0x4712 <vTaskPriorityDisinherit+0x5e>
		{
			if( pxTCB->uxPriority != pxTCB->uxBasePriority )
    46c0:	fc 01       	movw	r30, r24
    46c2:	32 8d       	ldd	r19, Z+26	; 0x1a
    46c4:	27 a1       	ldd	r18, Z+39	; 0x27
    46c6:	32 17       	cp	r19, r18
    46c8:	21 f1       	breq	.+72     	; 0x4712 <vTaskPriorityDisinherit+0x5e>
    46ca:	ec 01       	movw	r28, r24
			{
				/* We must be the running task to be able to give the mutex back.
				Remove ourselves from the ready list we currently appear in. */
				vListRemove( &( pxTCB->xGenericListItem ) );
    46cc:	8c 01       	movw	r16, r24
    46ce:	0e 5f       	subi	r16, 0xFE	; 254
    46d0:	1f 4f       	sbci	r17, 0xFF	; 255
    46d2:	c8 01       	movw	r24, r16
    46d4:	0e 94 a5 19 	call	0x334a	; 0x334a <vListRemove>

				/* Disinherit the priority before adding the task into the new
				ready list. */
				traceTASK_PRIORITY_DISINHERIT( pxTCB, pxTCB->uxBasePriority );
				pxTCB->uxPriority = pxTCB->uxBasePriority;
    46d8:	8f a1       	ldd	r24, Y+39	; 0x27
    46da:	8a 8f       	std	Y+26, r24	; 0x1a
				listSET_LIST_ITEM_VALUE( &( pxTCB->xEventListItem ), configMAX_PRIORITIES - ( portTickType ) pxTCB->uxPriority );
    46dc:	44 e0       	ldi	r20, 0x04	; 4
    46de:	50 e0       	ldi	r21, 0x00	; 0
    46e0:	60 e0       	ldi	r22, 0x00	; 0
    46e2:	70 e0       	ldi	r23, 0x00	; 0
    46e4:	48 1b       	sub	r20, r24
    46e6:	51 09       	sbc	r21, r1
    46e8:	61 09       	sbc	r22, r1
    46ea:	71 09       	sbc	r23, r1
    46ec:	4e 87       	std	Y+14, r20	; 0x0e
    46ee:	5f 87       	std	Y+15, r21	; 0x0f
    46f0:	68 8b       	std	Y+16, r22	; 0x10
    46f2:	79 8b       	std	Y+17, r23	; 0x11
				prvAddTaskToReadyQueue( pxTCB );
    46f4:	90 91 0c 3d 	lds	r25, 0x3D0C	; 0x803d0c <uxTopReadyPriority>
    46f8:	98 17       	cp	r25, r24
    46fa:	10 f4       	brcc	.+4      	; 0x4700 <vTaskPriorityDisinherit+0x4c>
    46fc:	80 93 0c 3d 	sts	0x3D0C, r24	; 0x803d0c <uxTopReadyPriority>
    4700:	fb e0       	ldi	r31, 0x0B	; 11
    4702:	8f 9f       	mul	r24, r31
    4704:	c0 01       	movw	r24, r0
    4706:	11 24       	eor	r1, r1
    4708:	b8 01       	movw	r22, r16
    470a:	86 5c       	subi	r24, 0xC6	; 198
    470c:	92 4c       	sbci	r25, 0xC2	; 194
    470e:	0e 94 33 19 	call	0x3266	; 0x3266 <vListInsertEnd>
			}
		}
	}
    4712:	df 91       	pop	r29
    4714:	cf 91       	pop	r28
    4716:	1f 91       	pop	r17
    4718:	0f 91       	pop	r16
    471a:	08 95       	ret

0000471c <__divmodsi4>:
    471c:	05 2e       	mov	r0, r21
    471e:	97 fb       	bst	r25, 7
    4720:	1e f4       	brtc	.+6      	; 0x4728 <__divmodsi4+0xc>
    4722:	00 94       	com	r0
    4724:	0e 94 a5 23 	call	0x474a	; 0x474a <__negsi2>
    4728:	57 fd       	sbrc	r21, 7
    472a:	07 d0       	rcall	.+14     	; 0x473a <__divmodsi4_neg2>
    472c:	0e 94 ad 23 	call	0x475a	; 0x475a <__udivmodsi4>
    4730:	07 fc       	sbrc	r0, 7
    4732:	03 d0       	rcall	.+6      	; 0x473a <__divmodsi4_neg2>
    4734:	4e f4       	brtc	.+18     	; 0x4748 <__divmodsi4_exit>
    4736:	0c 94 a5 23 	jmp	0x474a	; 0x474a <__negsi2>

0000473a <__divmodsi4_neg2>:
    473a:	50 95       	com	r21
    473c:	40 95       	com	r20
    473e:	30 95       	com	r19
    4740:	21 95       	neg	r18
    4742:	3f 4f       	sbci	r19, 0xFF	; 255
    4744:	4f 4f       	sbci	r20, 0xFF	; 255
    4746:	5f 4f       	sbci	r21, 0xFF	; 255

00004748 <__divmodsi4_exit>:
    4748:	08 95       	ret

0000474a <__negsi2>:
    474a:	90 95       	com	r25
    474c:	80 95       	com	r24
    474e:	70 95       	com	r23
    4750:	61 95       	neg	r22
    4752:	7f 4f       	sbci	r23, 0xFF	; 255
    4754:	8f 4f       	sbci	r24, 0xFF	; 255
    4756:	9f 4f       	sbci	r25, 0xFF	; 255
    4758:	08 95       	ret

0000475a <__udivmodsi4>:
    475a:	a1 e2       	ldi	r26, 0x21	; 33
    475c:	1a 2e       	mov	r1, r26
    475e:	aa 1b       	sub	r26, r26
    4760:	bb 1b       	sub	r27, r27
    4762:	fd 01       	movw	r30, r26
    4764:	0d c0       	rjmp	.+26     	; 0x4780 <__udivmodsi4_ep>

00004766 <__udivmodsi4_loop>:
    4766:	aa 1f       	adc	r26, r26
    4768:	bb 1f       	adc	r27, r27
    476a:	ee 1f       	adc	r30, r30
    476c:	ff 1f       	adc	r31, r31
    476e:	a2 17       	cp	r26, r18
    4770:	b3 07       	cpc	r27, r19
    4772:	e4 07       	cpc	r30, r20
    4774:	f5 07       	cpc	r31, r21
    4776:	20 f0       	brcs	.+8      	; 0x4780 <__udivmodsi4_ep>
    4778:	a2 1b       	sub	r26, r18
    477a:	b3 0b       	sbc	r27, r19
    477c:	e4 0b       	sbc	r30, r20
    477e:	f5 0b       	sbc	r31, r21

00004780 <__udivmodsi4_ep>:
    4780:	66 1f       	adc	r22, r22
    4782:	77 1f       	adc	r23, r23
    4784:	88 1f       	adc	r24, r24
    4786:	99 1f       	adc	r25, r25
    4788:	1a 94       	dec	r1
    478a:	69 f7       	brne	.-38     	; 0x4766 <__udivmodsi4_loop>
    478c:	60 95       	com	r22
    478e:	70 95       	com	r23
    4790:	80 95       	com	r24
    4792:	90 95       	com	r25
    4794:	9b 01       	movw	r18, r22
    4796:	ac 01       	movw	r20, r24
    4798:	bd 01       	movw	r22, r26
    479a:	cf 01       	movw	r24, r30
    479c:	08 95       	ret

0000479e <memcpy>:
    479e:	fb 01       	movw	r30, r22
    47a0:	dc 01       	movw	r26, r24
    47a2:	02 c0       	rjmp	.+4      	; 0x47a8 <memcpy+0xa>
    47a4:	01 90       	ld	r0, Z+
    47a6:	0d 92       	st	X+, r0
    47a8:	41 50       	subi	r20, 0x01	; 1
    47aa:	50 40       	sbci	r21, 0x00	; 0
    47ac:	d8 f7       	brcc	.-10     	; 0x47a4 <memcpy+0x6>
    47ae:	08 95       	ret

000047b0 <memset>:
    47b0:	dc 01       	movw	r26, r24
    47b2:	01 c0       	rjmp	.+2      	; 0x47b6 <memset+0x6>
    47b4:	6d 93       	st	X+, r22
    47b6:	41 50       	subi	r20, 0x01	; 1
    47b8:	50 40       	sbci	r21, 0x00	; 0
    47ba:	e0 f7       	brcc	.-8      	; 0x47b4 <memset+0x4>
    47bc:	08 95       	ret

000047be <strncpy>:
    47be:	fb 01       	movw	r30, r22
    47c0:	dc 01       	movw	r26, r24
    47c2:	41 50       	subi	r20, 0x01	; 1
    47c4:	50 40       	sbci	r21, 0x00	; 0
    47c6:	48 f0       	brcs	.+18     	; 0x47da <strncpy+0x1c>
    47c8:	01 90       	ld	r0, Z+
    47ca:	0d 92       	st	X+, r0
    47cc:	00 20       	and	r0, r0
    47ce:	c9 f7       	brne	.-14     	; 0x47c2 <strncpy+0x4>
    47d0:	01 c0       	rjmp	.+2      	; 0x47d4 <strncpy+0x16>
    47d2:	1d 92       	st	X+, r1
    47d4:	41 50       	subi	r20, 0x01	; 1
    47d6:	50 40       	sbci	r21, 0x00	; 0
    47d8:	e0 f7       	brcc	.-8      	; 0x47d2 <strncpy+0x14>
    47da:	08 95       	ret

000047dc <__itoa_ncheck>:
    47dc:	bb 27       	eor	r27, r27
    47de:	4a 30       	cpi	r20, 0x0A	; 10
    47e0:	31 f4       	brne	.+12     	; 0x47ee <__itoa_ncheck+0x12>
    47e2:	99 23       	and	r25, r25
    47e4:	22 f4       	brpl	.+8      	; 0x47ee <__itoa_ncheck+0x12>
    47e6:	bd e2       	ldi	r27, 0x2D	; 45
    47e8:	90 95       	com	r25
    47ea:	81 95       	neg	r24
    47ec:	9f 4f       	sbci	r25, 0xFF	; 255
    47ee:	0c 94 32 24 	jmp	0x4864	; 0x4864 <__utoa_common>

000047f2 <ultoa>:
    47f2:	25 32       	cpi	r18, 0x25	; 37
    47f4:	31 05       	cpc	r19, r1
    47f6:	20 f4       	brcc	.+8      	; 0x4800 <ultoa+0xe>
    47f8:	22 30       	cpi	r18, 0x02	; 2
    47fa:	10 f0       	brcs	.+4      	; 0x4800 <ultoa+0xe>
    47fc:	0c 94 04 24 	jmp	0x4808	; 0x4808 <__ultoa_ncheck>
    4800:	fa 01       	movw	r30, r20
    4802:	10 82       	st	Z, r1
    4804:	ca 01       	movw	r24, r20
    4806:	08 95       	ret

00004808 <__ultoa_ncheck>:
    4808:	bb 27       	eor	r27, r27

0000480a <__ultoa_common>:
    480a:	fa 01       	movw	r30, r20
    480c:	a6 2f       	mov	r26, r22
    480e:	62 17       	cp	r22, r18
    4810:	71 05       	cpc	r23, r1
    4812:	81 05       	cpc	r24, r1
    4814:	91 05       	cpc	r25, r1
    4816:	33 0b       	sbc	r19, r19
    4818:	30 fb       	bst	r19, 0
    481a:	66 f0       	brts	.+24     	; 0x4834 <__ultoa_common+0x2a>
    481c:	aa 27       	eor	r26, r26
    481e:	66 0f       	add	r22, r22
    4820:	77 1f       	adc	r23, r23
    4822:	88 1f       	adc	r24, r24
    4824:	99 1f       	adc	r25, r25
    4826:	aa 1f       	adc	r26, r26
    4828:	a2 17       	cp	r26, r18
    482a:	10 f0       	brcs	.+4      	; 0x4830 <__ultoa_common+0x26>
    482c:	a2 1b       	sub	r26, r18
    482e:	63 95       	inc	r22
    4830:	38 50       	subi	r19, 0x08	; 8
    4832:	a9 f7       	brne	.-22     	; 0x481e <__ultoa_common+0x14>
    4834:	a0 5d       	subi	r26, 0xD0	; 208
    4836:	aa 33       	cpi	r26, 0x3A	; 58
    4838:	08 f0       	brcs	.+2      	; 0x483c <__ultoa_common+0x32>
    483a:	a9 5d       	subi	r26, 0xD9	; 217
    483c:	a1 93       	st	Z+, r26
    483e:	36 f7       	brtc	.-52     	; 0x480c <__ultoa_common+0x2>
    4840:	b1 11       	cpse	r27, r1
    4842:	b1 93       	st	Z+, r27
    4844:	10 82       	st	Z, r1
    4846:	ca 01       	movw	r24, r20
    4848:	0c 94 4b 24 	jmp	0x4896	; 0x4896 <strrev>

0000484c <utoa>:
    484c:	45 32       	cpi	r20, 0x25	; 37
    484e:	51 05       	cpc	r21, r1
    4850:	20 f4       	brcc	.+8      	; 0x485a <utoa+0xe>
    4852:	42 30       	cpi	r20, 0x02	; 2
    4854:	10 f0       	brcs	.+4      	; 0x485a <utoa+0xe>
    4856:	0c 94 31 24 	jmp	0x4862	; 0x4862 <__utoa_ncheck>
    485a:	fb 01       	movw	r30, r22
    485c:	10 82       	st	Z, r1
    485e:	cb 01       	movw	r24, r22
    4860:	08 95       	ret

00004862 <__utoa_ncheck>:
    4862:	bb 27       	eor	r27, r27

00004864 <__utoa_common>:
    4864:	fb 01       	movw	r30, r22
    4866:	55 27       	eor	r21, r21
    4868:	aa 27       	eor	r26, r26
    486a:	88 0f       	add	r24, r24
    486c:	99 1f       	adc	r25, r25
    486e:	aa 1f       	adc	r26, r26
    4870:	a4 17       	cp	r26, r20
    4872:	10 f0       	brcs	.+4      	; 0x4878 <__utoa_common+0x14>
    4874:	a4 1b       	sub	r26, r20
    4876:	83 95       	inc	r24
    4878:	50 51       	subi	r21, 0x10	; 16
    487a:	b9 f7       	brne	.-18     	; 0x486a <__utoa_common+0x6>
    487c:	a0 5d       	subi	r26, 0xD0	; 208
    487e:	aa 33       	cpi	r26, 0x3A	; 58
    4880:	08 f0       	brcs	.+2      	; 0x4884 <__utoa_common+0x20>
    4882:	a9 5d       	subi	r26, 0xD9	; 217
    4884:	a1 93       	st	Z+, r26
    4886:	00 97       	sbiw	r24, 0x00	; 0
    4888:	79 f7       	brne	.-34     	; 0x4868 <__utoa_common+0x4>
    488a:	b1 11       	cpse	r27, r1
    488c:	b1 93       	st	Z+, r27
    488e:	11 92       	st	Z+, r1
    4890:	cb 01       	movw	r24, r22
    4892:	0c 94 4b 24 	jmp	0x4896	; 0x4896 <strrev>

00004896 <strrev>:
    4896:	dc 01       	movw	r26, r24
    4898:	fc 01       	movw	r30, r24
    489a:	67 2f       	mov	r22, r23
    489c:	71 91       	ld	r23, Z+
    489e:	77 23       	and	r23, r23
    48a0:	e1 f7       	brne	.-8      	; 0x489a <strrev+0x4>
    48a2:	32 97       	sbiw	r30, 0x02	; 2
    48a4:	04 c0       	rjmp	.+8      	; 0x48ae <strrev+0x18>
    48a6:	7c 91       	ld	r23, X
    48a8:	6d 93       	st	X+, r22
    48aa:	70 83       	st	Z, r23
    48ac:	62 91       	ld	r22, -Z
    48ae:	ae 17       	cp	r26, r30
    48b0:	bf 07       	cpc	r27, r31
    48b2:	c8 f3       	brcs	.-14     	; 0x48a6 <strrev+0x10>
    48b4:	08 95       	ret

000048b6 <__subsf3>:
    48b6:	50 58       	subi	r21, 0x80	; 128

000048b8 <__addsf3>:
    48b8:	bb 27       	eor	r27, r27
    48ba:	aa 27       	eor	r26, r26
    48bc:	0e 94 73 24 	call	0x48e6	; 0x48e6 <__addsf3x>
    48c0:	0c 94 ed 25 	jmp	0x4bda	; 0x4bda <__fp_round>
    48c4:	0e 94 df 25 	call	0x4bbe	; 0x4bbe <__fp_pscA>
    48c8:	38 f0       	brcs	.+14     	; 0x48d8 <__addsf3+0x20>
    48ca:	0e 94 e6 25 	call	0x4bcc	; 0x4bcc <__fp_pscB>
    48ce:	20 f0       	brcs	.+8      	; 0x48d8 <__addsf3+0x20>
    48d0:	39 f4       	brne	.+14     	; 0x48e0 <__addsf3+0x28>
    48d2:	9f 3f       	cpi	r25, 0xFF	; 255
    48d4:	19 f4       	brne	.+6      	; 0x48dc <__addsf3+0x24>
    48d6:	26 f4       	brtc	.+8      	; 0x48e0 <__addsf3+0x28>
    48d8:	0c 94 dc 25 	jmp	0x4bb8	; 0x4bb8 <__fp_nan>
    48dc:	0e f4       	brtc	.+2      	; 0x48e0 <__addsf3+0x28>
    48de:	e0 95       	com	r30
    48e0:	e7 fb       	bst	r30, 7
    48e2:	0c 94 d6 25 	jmp	0x4bac	; 0x4bac <__fp_inf>

000048e6 <__addsf3x>:
    48e6:	e9 2f       	mov	r30, r25
    48e8:	0e 94 fe 25 	call	0x4bfc	; 0x4bfc <__fp_split3>
    48ec:	58 f3       	brcs	.-42     	; 0x48c4 <__addsf3+0xc>
    48ee:	ba 17       	cp	r27, r26
    48f0:	62 07       	cpc	r22, r18
    48f2:	73 07       	cpc	r23, r19
    48f4:	84 07       	cpc	r24, r20
    48f6:	95 07       	cpc	r25, r21
    48f8:	20 f0       	brcs	.+8      	; 0x4902 <__addsf3x+0x1c>
    48fa:	79 f4       	brne	.+30     	; 0x491a <__addsf3x+0x34>
    48fc:	a6 f5       	brtc	.+104    	; 0x4966 <__addsf3x+0x80>
    48fe:	0c 94 20 26 	jmp	0x4c40	; 0x4c40 <__fp_zero>
    4902:	0e f4       	brtc	.+2      	; 0x4906 <__addsf3x+0x20>
    4904:	e0 95       	com	r30
    4906:	0b 2e       	mov	r0, r27
    4908:	ba 2f       	mov	r27, r26
    490a:	a0 2d       	mov	r26, r0
    490c:	0b 01       	movw	r0, r22
    490e:	b9 01       	movw	r22, r18
    4910:	90 01       	movw	r18, r0
    4912:	0c 01       	movw	r0, r24
    4914:	ca 01       	movw	r24, r20
    4916:	a0 01       	movw	r20, r0
    4918:	11 24       	eor	r1, r1
    491a:	ff 27       	eor	r31, r31
    491c:	59 1b       	sub	r21, r25
    491e:	99 f0       	breq	.+38     	; 0x4946 <__addsf3x+0x60>
    4920:	59 3f       	cpi	r21, 0xF9	; 249
    4922:	50 f4       	brcc	.+20     	; 0x4938 <__addsf3x+0x52>
    4924:	50 3e       	cpi	r21, 0xE0	; 224
    4926:	68 f1       	brcs	.+90     	; 0x4982 <__addsf3x+0x9c>
    4928:	1a 16       	cp	r1, r26
    492a:	f0 40       	sbci	r31, 0x00	; 0
    492c:	a2 2f       	mov	r26, r18
    492e:	23 2f       	mov	r18, r19
    4930:	34 2f       	mov	r19, r20
    4932:	44 27       	eor	r20, r20
    4934:	58 5f       	subi	r21, 0xF8	; 248
    4936:	f3 cf       	rjmp	.-26     	; 0x491e <__addsf3x+0x38>
    4938:	46 95       	lsr	r20
    493a:	37 95       	ror	r19
    493c:	27 95       	ror	r18
    493e:	a7 95       	ror	r26
    4940:	f0 40       	sbci	r31, 0x00	; 0
    4942:	53 95       	inc	r21
    4944:	c9 f7       	brne	.-14     	; 0x4938 <__addsf3x+0x52>
    4946:	7e f4       	brtc	.+30     	; 0x4966 <__addsf3x+0x80>
    4948:	1f 16       	cp	r1, r31
    494a:	ba 0b       	sbc	r27, r26
    494c:	62 0b       	sbc	r22, r18
    494e:	73 0b       	sbc	r23, r19
    4950:	84 0b       	sbc	r24, r20
    4952:	ba f0       	brmi	.+46     	; 0x4982 <__addsf3x+0x9c>
    4954:	91 50       	subi	r25, 0x01	; 1
    4956:	a1 f0       	breq	.+40     	; 0x4980 <__addsf3x+0x9a>
    4958:	ff 0f       	add	r31, r31
    495a:	bb 1f       	adc	r27, r27
    495c:	66 1f       	adc	r22, r22
    495e:	77 1f       	adc	r23, r23
    4960:	88 1f       	adc	r24, r24
    4962:	c2 f7       	brpl	.-16     	; 0x4954 <__addsf3x+0x6e>
    4964:	0e c0       	rjmp	.+28     	; 0x4982 <__addsf3x+0x9c>
    4966:	ba 0f       	add	r27, r26
    4968:	62 1f       	adc	r22, r18
    496a:	73 1f       	adc	r23, r19
    496c:	84 1f       	adc	r24, r20
    496e:	48 f4       	brcc	.+18     	; 0x4982 <__addsf3x+0x9c>
    4970:	87 95       	ror	r24
    4972:	77 95       	ror	r23
    4974:	67 95       	ror	r22
    4976:	b7 95       	ror	r27
    4978:	f7 95       	ror	r31
    497a:	9e 3f       	cpi	r25, 0xFE	; 254
    497c:	08 f0       	brcs	.+2      	; 0x4980 <__addsf3x+0x9a>
    497e:	b0 cf       	rjmp	.-160    	; 0x48e0 <__addsf3+0x28>
    4980:	93 95       	inc	r25
    4982:	88 0f       	add	r24, r24
    4984:	08 f0       	brcs	.+2      	; 0x4988 <__addsf3x+0xa2>
    4986:	99 27       	eor	r25, r25
    4988:	ee 0f       	add	r30, r30
    498a:	97 95       	ror	r25
    498c:	87 95       	ror	r24
    498e:	08 95       	ret

00004990 <__cmpsf2>:
    4990:	0e 94 b2 25 	call	0x4b64	; 0x4b64 <__fp_cmp>
    4994:	08 f4       	brcc	.+2      	; 0x4998 <__cmpsf2+0x8>
    4996:	81 e0       	ldi	r24, 0x01	; 1
    4998:	08 95       	ret

0000499a <__divsf3>:
    499a:	0e 94 e1 24 	call	0x49c2	; 0x49c2 <__divsf3x>
    499e:	0c 94 ed 25 	jmp	0x4bda	; 0x4bda <__fp_round>
    49a2:	0e 94 e6 25 	call	0x4bcc	; 0x4bcc <__fp_pscB>
    49a6:	58 f0       	brcs	.+22     	; 0x49be <__divsf3+0x24>
    49a8:	0e 94 df 25 	call	0x4bbe	; 0x4bbe <__fp_pscA>
    49ac:	40 f0       	brcs	.+16     	; 0x49be <__divsf3+0x24>
    49ae:	29 f4       	brne	.+10     	; 0x49ba <__divsf3+0x20>
    49b0:	5f 3f       	cpi	r21, 0xFF	; 255
    49b2:	29 f0       	breq	.+10     	; 0x49be <__divsf3+0x24>
    49b4:	0c 94 d6 25 	jmp	0x4bac	; 0x4bac <__fp_inf>
    49b8:	51 11       	cpse	r21, r1
    49ba:	0c 94 21 26 	jmp	0x4c42	; 0x4c42 <__fp_szero>
    49be:	0c 94 dc 25 	jmp	0x4bb8	; 0x4bb8 <__fp_nan>

000049c2 <__divsf3x>:
    49c2:	0e 94 fe 25 	call	0x4bfc	; 0x4bfc <__fp_split3>
    49c6:	68 f3       	brcs	.-38     	; 0x49a2 <__divsf3+0x8>

000049c8 <__divsf3_pse>:
    49c8:	99 23       	and	r25, r25
    49ca:	b1 f3       	breq	.-20     	; 0x49b8 <__divsf3+0x1e>
    49cc:	55 23       	and	r21, r21
    49ce:	91 f3       	breq	.-28     	; 0x49b4 <__divsf3+0x1a>
    49d0:	95 1b       	sub	r25, r21
    49d2:	55 0b       	sbc	r21, r21
    49d4:	bb 27       	eor	r27, r27
    49d6:	aa 27       	eor	r26, r26
    49d8:	62 17       	cp	r22, r18
    49da:	73 07       	cpc	r23, r19
    49dc:	84 07       	cpc	r24, r20
    49de:	38 f0       	brcs	.+14     	; 0x49ee <__divsf3_pse+0x26>
    49e0:	9f 5f       	subi	r25, 0xFF	; 255
    49e2:	5f 4f       	sbci	r21, 0xFF	; 255
    49e4:	22 0f       	add	r18, r18
    49e6:	33 1f       	adc	r19, r19
    49e8:	44 1f       	adc	r20, r20
    49ea:	aa 1f       	adc	r26, r26
    49ec:	a9 f3       	breq	.-22     	; 0x49d8 <__divsf3_pse+0x10>
    49ee:	35 d0       	rcall	.+106    	; 0x4a5a <__divsf3_pse+0x92>
    49f0:	0e 2e       	mov	r0, r30
    49f2:	3a f0       	brmi	.+14     	; 0x4a02 <__divsf3_pse+0x3a>
    49f4:	e0 e8       	ldi	r30, 0x80	; 128
    49f6:	32 d0       	rcall	.+100    	; 0x4a5c <__divsf3_pse+0x94>
    49f8:	91 50       	subi	r25, 0x01	; 1
    49fa:	50 40       	sbci	r21, 0x00	; 0
    49fc:	e6 95       	lsr	r30
    49fe:	00 1c       	adc	r0, r0
    4a00:	ca f7       	brpl	.-14     	; 0x49f4 <__divsf3_pse+0x2c>
    4a02:	2b d0       	rcall	.+86     	; 0x4a5a <__divsf3_pse+0x92>
    4a04:	fe 2f       	mov	r31, r30
    4a06:	29 d0       	rcall	.+82     	; 0x4a5a <__divsf3_pse+0x92>
    4a08:	66 0f       	add	r22, r22
    4a0a:	77 1f       	adc	r23, r23
    4a0c:	88 1f       	adc	r24, r24
    4a0e:	bb 1f       	adc	r27, r27
    4a10:	26 17       	cp	r18, r22
    4a12:	37 07       	cpc	r19, r23
    4a14:	48 07       	cpc	r20, r24
    4a16:	ab 07       	cpc	r26, r27
    4a18:	b0 e8       	ldi	r27, 0x80	; 128
    4a1a:	09 f0       	breq	.+2      	; 0x4a1e <__divsf3_pse+0x56>
    4a1c:	bb 0b       	sbc	r27, r27
    4a1e:	80 2d       	mov	r24, r0
    4a20:	bf 01       	movw	r22, r30
    4a22:	ff 27       	eor	r31, r31
    4a24:	93 58       	subi	r25, 0x83	; 131
    4a26:	5f 4f       	sbci	r21, 0xFF	; 255
    4a28:	3a f0       	brmi	.+14     	; 0x4a38 <__divsf3_pse+0x70>
    4a2a:	9e 3f       	cpi	r25, 0xFE	; 254
    4a2c:	51 05       	cpc	r21, r1
    4a2e:	78 f0       	brcs	.+30     	; 0x4a4e <__divsf3_pse+0x86>
    4a30:	0c 94 d6 25 	jmp	0x4bac	; 0x4bac <__fp_inf>
    4a34:	0c 94 21 26 	jmp	0x4c42	; 0x4c42 <__fp_szero>
    4a38:	5f 3f       	cpi	r21, 0xFF	; 255
    4a3a:	e4 f3       	brlt	.-8      	; 0x4a34 <__divsf3_pse+0x6c>
    4a3c:	98 3e       	cpi	r25, 0xE8	; 232
    4a3e:	d4 f3       	brlt	.-12     	; 0x4a34 <__divsf3_pse+0x6c>
    4a40:	86 95       	lsr	r24
    4a42:	77 95       	ror	r23
    4a44:	67 95       	ror	r22
    4a46:	b7 95       	ror	r27
    4a48:	f7 95       	ror	r31
    4a4a:	9f 5f       	subi	r25, 0xFF	; 255
    4a4c:	c9 f7       	brne	.-14     	; 0x4a40 <__divsf3_pse+0x78>
    4a4e:	88 0f       	add	r24, r24
    4a50:	91 1d       	adc	r25, r1
    4a52:	96 95       	lsr	r25
    4a54:	87 95       	ror	r24
    4a56:	97 f9       	bld	r25, 7
    4a58:	08 95       	ret
    4a5a:	e1 e0       	ldi	r30, 0x01	; 1
    4a5c:	66 0f       	add	r22, r22
    4a5e:	77 1f       	adc	r23, r23
    4a60:	88 1f       	adc	r24, r24
    4a62:	bb 1f       	adc	r27, r27
    4a64:	62 17       	cp	r22, r18
    4a66:	73 07       	cpc	r23, r19
    4a68:	84 07       	cpc	r24, r20
    4a6a:	ba 07       	cpc	r27, r26
    4a6c:	20 f0       	brcs	.+8      	; 0x4a76 <__divsf3_pse+0xae>
    4a6e:	62 1b       	sub	r22, r18
    4a70:	73 0b       	sbc	r23, r19
    4a72:	84 0b       	sbc	r24, r20
    4a74:	ba 0b       	sbc	r27, r26
    4a76:	ee 1f       	adc	r30, r30
    4a78:	88 f7       	brcc	.-30     	; 0x4a5c <__divsf3_pse+0x94>
    4a7a:	e0 95       	com	r30
    4a7c:	08 95       	ret

00004a7e <__fixsfsi>:
    4a7e:	0e 94 46 25 	call	0x4a8c	; 0x4a8c <__fixunssfsi>
    4a82:	68 94       	set
    4a84:	b1 11       	cpse	r27, r1
    4a86:	0c 94 21 26 	jmp	0x4c42	; 0x4c42 <__fp_szero>
    4a8a:	08 95       	ret

00004a8c <__fixunssfsi>:
    4a8c:	0e 94 06 26 	call	0x4c0c	; 0x4c0c <__fp_splitA>
    4a90:	88 f0       	brcs	.+34     	; 0x4ab4 <__fixunssfsi+0x28>
    4a92:	9f 57       	subi	r25, 0x7F	; 127
    4a94:	98 f0       	brcs	.+38     	; 0x4abc <__fixunssfsi+0x30>
    4a96:	b9 2f       	mov	r27, r25
    4a98:	99 27       	eor	r25, r25
    4a9a:	b7 51       	subi	r27, 0x17	; 23
    4a9c:	b0 f0       	brcs	.+44     	; 0x4aca <__fixunssfsi+0x3e>
    4a9e:	e1 f0       	breq	.+56     	; 0x4ad8 <__fixunssfsi+0x4c>
    4aa0:	66 0f       	add	r22, r22
    4aa2:	77 1f       	adc	r23, r23
    4aa4:	88 1f       	adc	r24, r24
    4aa6:	99 1f       	adc	r25, r25
    4aa8:	1a f0       	brmi	.+6      	; 0x4ab0 <__fixunssfsi+0x24>
    4aaa:	ba 95       	dec	r27
    4aac:	c9 f7       	brne	.-14     	; 0x4aa0 <__fixunssfsi+0x14>
    4aae:	14 c0       	rjmp	.+40     	; 0x4ad8 <__fixunssfsi+0x4c>
    4ab0:	b1 30       	cpi	r27, 0x01	; 1
    4ab2:	91 f0       	breq	.+36     	; 0x4ad8 <__fixunssfsi+0x4c>
    4ab4:	0e 94 20 26 	call	0x4c40	; 0x4c40 <__fp_zero>
    4ab8:	b1 e0       	ldi	r27, 0x01	; 1
    4aba:	08 95       	ret
    4abc:	0c 94 20 26 	jmp	0x4c40	; 0x4c40 <__fp_zero>
    4ac0:	67 2f       	mov	r22, r23
    4ac2:	78 2f       	mov	r23, r24
    4ac4:	88 27       	eor	r24, r24
    4ac6:	b8 5f       	subi	r27, 0xF8	; 248
    4ac8:	39 f0       	breq	.+14     	; 0x4ad8 <__fixunssfsi+0x4c>
    4aca:	b9 3f       	cpi	r27, 0xF9	; 249
    4acc:	cc f3       	brlt	.-14     	; 0x4ac0 <__fixunssfsi+0x34>
    4ace:	86 95       	lsr	r24
    4ad0:	77 95       	ror	r23
    4ad2:	67 95       	ror	r22
    4ad4:	b3 95       	inc	r27
    4ad6:	d9 f7       	brne	.-10     	; 0x4ace <__fixunssfsi+0x42>
    4ad8:	3e f4       	brtc	.+14     	; 0x4ae8 <__fixunssfsi+0x5c>
    4ada:	90 95       	com	r25
    4adc:	80 95       	com	r24
    4ade:	70 95       	com	r23
    4ae0:	61 95       	neg	r22
    4ae2:	7f 4f       	sbci	r23, 0xFF	; 255
    4ae4:	8f 4f       	sbci	r24, 0xFF	; 255
    4ae6:	9f 4f       	sbci	r25, 0xFF	; 255
    4ae8:	08 95       	ret

00004aea <__floatunsisf>:
    4aea:	e8 94       	clt
    4aec:	09 c0       	rjmp	.+18     	; 0x4b00 <__floatsisf+0x12>

00004aee <__floatsisf>:
    4aee:	97 fb       	bst	r25, 7
    4af0:	3e f4       	brtc	.+14     	; 0x4b00 <__floatsisf+0x12>
    4af2:	90 95       	com	r25
    4af4:	80 95       	com	r24
    4af6:	70 95       	com	r23
    4af8:	61 95       	neg	r22
    4afa:	7f 4f       	sbci	r23, 0xFF	; 255
    4afc:	8f 4f       	sbci	r24, 0xFF	; 255
    4afe:	9f 4f       	sbci	r25, 0xFF	; 255
    4b00:	99 23       	and	r25, r25
    4b02:	a9 f0       	breq	.+42     	; 0x4b2e <__floatsisf+0x40>
    4b04:	f9 2f       	mov	r31, r25
    4b06:	96 e9       	ldi	r25, 0x96	; 150
    4b08:	bb 27       	eor	r27, r27
    4b0a:	93 95       	inc	r25
    4b0c:	f6 95       	lsr	r31
    4b0e:	87 95       	ror	r24
    4b10:	77 95       	ror	r23
    4b12:	67 95       	ror	r22
    4b14:	b7 95       	ror	r27
    4b16:	f1 11       	cpse	r31, r1
    4b18:	f8 cf       	rjmp	.-16     	; 0x4b0a <__floatsisf+0x1c>
    4b1a:	fa f4       	brpl	.+62     	; 0x4b5a <__floatsisf+0x6c>
    4b1c:	bb 0f       	add	r27, r27
    4b1e:	11 f4       	brne	.+4      	; 0x4b24 <__floatsisf+0x36>
    4b20:	60 ff       	sbrs	r22, 0
    4b22:	1b c0       	rjmp	.+54     	; 0x4b5a <__floatsisf+0x6c>
    4b24:	6f 5f       	subi	r22, 0xFF	; 255
    4b26:	7f 4f       	sbci	r23, 0xFF	; 255
    4b28:	8f 4f       	sbci	r24, 0xFF	; 255
    4b2a:	9f 4f       	sbci	r25, 0xFF	; 255
    4b2c:	16 c0       	rjmp	.+44     	; 0x4b5a <__floatsisf+0x6c>
    4b2e:	88 23       	and	r24, r24
    4b30:	11 f0       	breq	.+4      	; 0x4b36 <__floatsisf+0x48>
    4b32:	96 e9       	ldi	r25, 0x96	; 150
    4b34:	11 c0       	rjmp	.+34     	; 0x4b58 <__floatsisf+0x6a>
    4b36:	77 23       	and	r23, r23
    4b38:	21 f0       	breq	.+8      	; 0x4b42 <__floatsisf+0x54>
    4b3a:	9e e8       	ldi	r25, 0x8E	; 142
    4b3c:	87 2f       	mov	r24, r23
    4b3e:	76 2f       	mov	r23, r22
    4b40:	05 c0       	rjmp	.+10     	; 0x4b4c <__floatsisf+0x5e>
    4b42:	66 23       	and	r22, r22
    4b44:	71 f0       	breq	.+28     	; 0x4b62 <__floatsisf+0x74>
    4b46:	96 e8       	ldi	r25, 0x86	; 134
    4b48:	86 2f       	mov	r24, r22
    4b4a:	70 e0       	ldi	r23, 0x00	; 0
    4b4c:	60 e0       	ldi	r22, 0x00	; 0
    4b4e:	2a f0       	brmi	.+10     	; 0x4b5a <__floatsisf+0x6c>
    4b50:	9a 95       	dec	r25
    4b52:	66 0f       	add	r22, r22
    4b54:	77 1f       	adc	r23, r23
    4b56:	88 1f       	adc	r24, r24
    4b58:	da f7       	brpl	.-10     	; 0x4b50 <__floatsisf+0x62>
    4b5a:	88 0f       	add	r24, r24
    4b5c:	96 95       	lsr	r25
    4b5e:	87 95       	ror	r24
    4b60:	97 f9       	bld	r25, 7
    4b62:	08 95       	ret

00004b64 <__fp_cmp>:
    4b64:	99 0f       	add	r25, r25
    4b66:	00 08       	sbc	r0, r0
    4b68:	55 0f       	add	r21, r21
    4b6a:	aa 0b       	sbc	r26, r26
    4b6c:	e0 e8       	ldi	r30, 0x80	; 128
    4b6e:	fe ef       	ldi	r31, 0xFE	; 254
    4b70:	16 16       	cp	r1, r22
    4b72:	17 06       	cpc	r1, r23
    4b74:	e8 07       	cpc	r30, r24
    4b76:	f9 07       	cpc	r31, r25
    4b78:	c0 f0       	brcs	.+48     	; 0x4baa <__fp_cmp+0x46>
    4b7a:	12 16       	cp	r1, r18
    4b7c:	13 06       	cpc	r1, r19
    4b7e:	e4 07       	cpc	r30, r20
    4b80:	f5 07       	cpc	r31, r21
    4b82:	98 f0       	brcs	.+38     	; 0x4baa <__fp_cmp+0x46>
    4b84:	62 1b       	sub	r22, r18
    4b86:	73 0b       	sbc	r23, r19
    4b88:	84 0b       	sbc	r24, r20
    4b8a:	95 0b       	sbc	r25, r21
    4b8c:	39 f4       	brne	.+14     	; 0x4b9c <__fp_cmp+0x38>
    4b8e:	0a 26       	eor	r0, r26
    4b90:	61 f0       	breq	.+24     	; 0x4baa <__fp_cmp+0x46>
    4b92:	23 2b       	or	r18, r19
    4b94:	24 2b       	or	r18, r20
    4b96:	25 2b       	or	r18, r21
    4b98:	21 f4       	brne	.+8      	; 0x4ba2 <__fp_cmp+0x3e>
    4b9a:	08 95       	ret
    4b9c:	0a 26       	eor	r0, r26
    4b9e:	09 f4       	brne	.+2      	; 0x4ba2 <__fp_cmp+0x3e>
    4ba0:	a1 40       	sbci	r26, 0x01	; 1
    4ba2:	a6 95       	lsr	r26
    4ba4:	8f ef       	ldi	r24, 0xFF	; 255
    4ba6:	81 1d       	adc	r24, r1
    4ba8:	81 1d       	adc	r24, r1
    4baa:	08 95       	ret

00004bac <__fp_inf>:
    4bac:	97 f9       	bld	r25, 7
    4bae:	9f 67       	ori	r25, 0x7F	; 127
    4bb0:	80 e8       	ldi	r24, 0x80	; 128
    4bb2:	70 e0       	ldi	r23, 0x00	; 0
    4bb4:	60 e0       	ldi	r22, 0x00	; 0
    4bb6:	08 95       	ret

00004bb8 <__fp_nan>:
    4bb8:	9f ef       	ldi	r25, 0xFF	; 255
    4bba:	80 ec       	ldi	r24, 0xC0	; 192
    4bbc:	08 95       	ret

00004bbe <__fp_pscA>:
    4bbe:	00 24       	eor	r0, r0
    4bc0:	0a 94       	dec	r0
    4bc2:	16 16       	cp	r1, r22
    4bc4:	17 06       	cpc	r1, r23
    4bc6:	18 06       	cpc	r1, r24
    4bc8:	09 06       	cpc	r0, r25
    4bca:	08 95       	ret

00004bcc <__fp_pscB>:
    4bcc:	00 24       	eor	r0, r0
    4bce:	0a 94       	dec	r0
    4bd0:	12 16       	cp	r1, r18
    4bd2:	13 06       	cpc	r1, r19
    4bd4:	14 06       	cpc	r1, r20
    4bd6:	05 06       	cpc	r0, r21
    4bd8:	08 95       	ret

00004bda <__fp_round>:
    4bda:	09 2e       	mov	r0, r25
    4bdc:	03 94       	inc	r0
    4bde:	00 0c       	add	r0, r0
    4be0:	11 f4       	brne	.+4      	; 0x4be6 <__fp_round+0xc>
    4be2:	88 23       	and	r24, r24
    4be4:	52 f0       	brmi	.+20     	; 0x4bfa <__fp_round+0x20>
    4be6:	bb 0f       	add	r27, r27
    4be8:	40 f4       	brcc	.+16     	; 0x4bfa <__fp_round+0x20>
    4bea:	bf 2b       	or	r27, r31
    4bec:	11 f4       	brne	.+4      	; 0x4bf2 <__fp_round+0x18>
    4bee:	60 ff       	sbrs	r22, 0
    4bf0:	04 c0       	rjmp	.+8      	; 0x4bfa <__fp_round+0x20>
    4bf2:	6f 5f       	subi	r22, 0xFF	; 255
    4bf4:	7f 4f       	sbci	r23, 0xFF	; 255
    4bf6:	8f 4f       	sbci	r24, 0xFF	; 255
    4bf8:	9f 4f       	sbci	r25, 0xFF	; 255
    4bfa:	08 95       	ret

00004bfc <__fp_split3>:
    4bfc:	57 fd       	sbrc	r21, 7
    4bfe:	90 58       	subi	r25, 0x80	; 128
    4c00:	44 0f       	add	r20, r20
    4c02:	55 1f       	adc	r21, r21
    4c04:	59 f0       	breq	.+22     	; 0x4c1c <__fp_splitA+0x10>
    4c06:	5f 3f       	cpi	r21, 0xFF	; 255
    4c08:	71 f0       	breq	.+28     	; 0x4c26 <__fp_splitA+0x1a>
    4c0a:	47 95       	ror	r20

00004c0c <__fp_splitA>:
    4c0c:	88 0f       	add	r24, r24
    4c0e:	97 fb       	bst	r25, 7
    4c10:	99 1f       	adc	r25, r25
    4c12:	61 f0       	breq	.+24     	; 0x4c2c <__fp_splitA+0x20>
    4c14:	9f 3f       	cpi	r25, 0xFF	; 255
    4c16:	79 f0       	breq	.+30     	; 0x4c36 <__fp_splitA+0x2a>
    4c18:	87 95       	ror	r24
    4c1a:	08 95       	ret
    4c1c:	12 16       	cp	r1, r18
    4c1e:	13 06       	cpc	r1, r19
    4c20:	14 06       	cpc	r1, r20
    4c22:	55 1f       	adc	r21, r21
    4c24:	f2 cf       	rjmp	.-28     	; 0x4c0a <__fp_split3+0xe>
    4c26:	46 95       	lsr	r20
    4c28:	f1 df       	rcall	.-30     	; 0x4c0c <__fp_splitA>
    4c2a:	08 c0       	rjmp	.+16     	; 0x4c3c <__fp_splitA+0x30>
    4c2c:	16 16       	cp	r1, r22
    4c2e:	17 06       	cpc	r1, r23
    4c30:	18 06       	cpc	r1, r24
    4c32:	99 1f       	adc	r25, r25
    4c34:	f1 cf       	rjmp	.-30     	; 0x4c18 <__fp_splitA+0xc>
    4c36:	86 95       	lsr	r24
    4c38:	71 05       	cpc	r23, r1
    4c3a:	61 05       	cpc	r22, r1
    4c3c:	08 94       	sec
    4c3e:	08 95       	ret

00004c40 <__fp_zero>:
    4c40:	e8 94       	clt

00004c42 <__fp_szero>:
    4c42:	bb 27       	eor	r27, r27
    4c44:	66 27       	eor	r22, r22
    4c46:	77 27       	eor	r23, r23
    4c48:	cb 01       	movw	r24, r22
    4c4a:	97 f9       	bld	r25, 7
    4c4c:	08 95       	ret

00004c4e <__gesf2>:
    4c4e:	0e 94 b2 25 	call	0x4b64	; 0x4b64 <__fp_cmp>
    4c52:	08 f4       	brcc	.+2      	; 0x4c56 <__gesf2+0x8>
    4c54:	8f ef       	ldi	r24, 0xFF	; 255
    4c56:	08 95       	ret

00004c58 <__mulsf3>:
    4c58:	0e 94 3f 26 	call	0x4c7e	; 0x4c7e <__mulsf3x>
    4c5c:	0c 94 ed 25 	jmp	0x4bda	; 0x4bda <__fp_round>
    4c60:	0e 94 df 25 	call	0x4bbe	; 0x4bbe <__fp_pscA>
    4c64:	38 f0       	brcs	.+14     	; 0x4c74 <__mulsf3+0x1c>
    4c66:	0e 94 e6 25 	call	0x4bcc	; 0x4bcc <__fp_pscB>
    4c6a:	20 f0       	brcs	.+8      	; 0x4c74 <__mulsf3+0x1c>
    4c6c:	95 23       	and	r25, r21
    4c6e:	11 f0       	breq	.+4      	; 0x4c74 <__mulsf3+0x1c>
    4c70:	0c 94 d6 25 	jmp	0x4bac	; 0x4bac <__fp_inf>
    4c74:	0c 94 dc 25 	jmp	0x4bb8	; 0x4bb8 <__fp_nan>
    4c78:	11 24       	eor	r1, r1
    4c7a:	0c 94 21 26 	jmp	0x4c42	; 0x4c42 <__fp_szero>

00004c7e <__mulsf3x>:
    4c7e:	0e 94 fe 25 	call	0x4bfc	; 0x4bfc <__fp_split3>
    4c82:	70 f3       	brcs	.-36     	; 0x4c60 <__mulsf3+0x8>

00004c84 <__mulsf3_pse>:
    4c84:	95 9f       	mul	r25, r21
    4c86:	c1 f3       	breq	.-16     	; 0x4c78 <__mulsf3+0x20>
    4c88:	95 0f       	add	r25, r21
    4c8a:	50 e0       	ldi	r21, 0x00	; 0
    4c8c:	55 1f       	adc	r21, r21
    4c8e:	62 9f       	mul	r22, r18
    4c90:	f0 01       	movw	r30, r0
    4c92:	72 9f       	mul	r23, r18
    4c94:	bb 27       	eor	r27, r27
    4c96:	f0 0d       	add	r31, r0
    4c98:	b1 1d       	adc	r27, r1
    4c9a:	63 9f       	mul	r22, r19
    4c9c:	aa 27       	eor	r26, r26
    4c9e:	f0 0d       	add	r31, r0
    4ca0:	b1 1d       	adc	r27, r1
    4ca2:	aa 1f       	adc	r26, r26
    4ca4:	64 9f       	mul	r22, r20
    4ca6:	66 27       	eor	r22, r22
    4ca8:	b0 0d       	add	r27, r0
    4caa:	a1 1d       	adc	r26, r1
    4cac:	66 1f       	adc	r22, r22
    4cae:	82 9f       	mul	r24, r18
    4cb0:	22 27       	eor	r18, r18
    4cb2:	b0 0d       	add	r27, r0
    4cb4:	a1 1d       	adc	r26, r1
    4cb6:	62 1f       	adc	r22, r18
    4cb8:	73 9f       	mul	r23, r19
    4cba:	b0 0d       	add	r27, r0
    4cbc:	a1 1d       	adc	r26, r1
    4cbe:	62 1f       	adc	r22, r18
    4cc0:	83 9f       	mul	r24, r19
    4cc2:	a0 0d       	add	r26, r0
    4cc4:	61 1d       	adc	r22, r1
    4cc6:	22 1f       	adc	r18, r18
    4cc8:	74 9f       	mul	r23, r20
    4cca:	33 27       	eor	r19, r19
    4ccc:	a0 0d       	add	r26, r0
    4cce:	61 1d       	adc	r22, r1
    4cd0:	23 1f       	adc	r18, r19
    4cd2:	84 9f       	mul	r24, r20
    4cd4:	60 0d       	add	r22, r0
    4cd6:	21 1d       	adc	r18, r1
    4cd8:	82 2f       	mov	r24, r18
    4cda:	76 2f       	mov	r23, r22
    4cdc:	6a 2f       	mov	r22, r26
    4cde:	11 24       	eor	r1, r1
    4ce0:	9f 57       	subi	r25, 0x7F	; 127
    4ce2:	50 40       	sbci	r21, 0x00	; 0
    4ce4:	9a f0       	brmi	.+38     	; 0x4d0c <__mulsf3_pse+0x88>
    4ce6:	f1 f0       	breq	.+60     	; 0x4d24 <__mulsf3_pse+0xa0>
    4ce8:	88 23       	and	r24, r24
    4cea:	4a f0       	brmi	.+18     	; 0x4cfe <__mulsf3_pse+0x7a>
    4cec:	ee 0f       	add	r30, r30
    4cee:	ff 1f       	adc	r31, r31
    4cf0:	bb 1f       	adc	r27, r27
    4cf2:	66 1f       	adc	r22, r22
    4cf4:	77 1f       	adc	r23, r23
    4cf6:	88 1f       	adc	r24, r24
    4cf8:	91 50       	subi	r25, 0x01	; 1
    4cfa:	50 40       	sbci	r21, 0x00	; 0
    4cfc:	a9 f7       	brne	.-22     	; 0x4ce8 <__mulsf3_pse+0x64>
    4cfe:	9e 3f       	cpi	r25, 0xFE	; 254
    4d00:	51 05       	cpc	r21, r1
    4d02:	80 f0       	brcs	.+32     	; 0x4d24 <__mulsf3_pse+0xa0>
    4d04:	0c 94 d6 25 	jmp	0x4bac	; 0x4bac <__fp_inf>
    4d08:	0c 94 21 26 	jmp	0x4c42	; 0x4c42 <__fp_szero>
    4d0c:	5f 3f       	cpi	r21, 0xFF	; 255
    4d0e:	e4 f3       	brlt	.-8      	; 0x4d08 <__mulsf3_pse+0x84>
    4d10:	98 3e       	cpi	r25, 0xE8	; 232
    4d12:	d4 f3       	brlt	.-12     	; 0x4d08 <__mulsf3_pse+0x84>
    4d14:	86 95       	lsr	r24
    4d16:	77 95       	ror	r23
    4d18:	67 95       	ror	r22
    4d1a:	b7 95       	ror	r27
    4d1c:	f7 95       	ror	r31
    4d1e:	e7 95       	ror	r30
    4d20:	9f 5f       	subi	r25, 0xFF	; 255
    4d22:	c1 f7       	brne	.-16     	; 0x4d14 <__mulsf3_pse+0x90>
    4d24:	fe 2b       	or	r31, r30
    4d26:	88 0f       	add	r24, r24
    4d28:	91 1d       	adc	r25, r1
    4d2a:	96 95       	lsr	r25
    4d2c:	87 95       	ror	r24
    4d2e:	97 f9       	bld	r25, 7
    4d30:	08 95       	ret

00004d32 <__mulsi3>:
    4d32:	db 01       	movw	r26, r22
    4d34:	8f 93       	push	r24
    4d36:	9f 93       	push	r25
    4d38:	0e 94 c1 26 	call	0x4d82	; 0x4d82 <__muluhisi3>
    4d3c:	bf 91       	pop	r27
    4d3e:	af 91       	pop	r26
    4d40:	a2 9f       	mul	r26, r18
    4d42:	80 0d       	add	r24, r0
    4d44:	91 1d       	adc	r25, r1
    4d46:	a3 9f       	mul	r26, r19
    4d48:	90 0d       	add	r25, r0
    4d4a:	b2 9f       	mul	r27, r18
    4d4c:	90 0d       	add	r25, r0
    4d4e:	11 24       	eor	r1, r1
    4d50:	08 95       	ret

00004d52 <__tablejump2__>:
    4d52:	ee 0f       	add	r30, r30
    4d54:	ff 1f       	adc	r31, r31
    4d56:	88 1f       	adc	r24, r24
    4d58:	8b bf       	out	0x3b, r24	; 59
    4d5a:	07 90       	elpm	r0, Z+
    4d5c:	f6 91       	elpm	r31, Z
    4d5e:	e0 2d       	mov	r30, r0
    4d60:	1b be       	out	0x3b, r1	; 59
    4d62:	19 94       	eijmp

00004d64 <__umulhisi3>:
    4d64:	a2 9f       	mul	r26, r18
    4d66:	b0 01       	movw	r22, r0
    4d68:	b3 9f       	mul	r27, r19
    4d6a:	c0 01       	movw	r24, r0
    4d6c:	a3 9f       	mul	r26, r19
    4d6e:	70 0d       	add	r23, r0
    4d70:	81 1d       	adc	r24, r1
    4d72:	11 24       	eor	r1, r1
    4d74:	91 1d       	adc	r25, r1
    4d76:	b2 9f       	mul	r27, r18
    4d78:	70 0d       	add	r23, r0
    4d7a:	81 1d       	adc	r24, r1
    4d7c:	11 24       	eor	r1, r1
    4d7e:	91 1d       	adc	r25, r1
    4d80:	08 95       	ret

00004d82 <__muluhisi3>:
    4d82:	0e 94 b2 26 	call	0x4d64	; 0x4d64 <__umulhisi3>
    4d86:	a5 9f       	mul	r26, r21
    4d88:	90 0d       	add	r25, r0
    4d8a:	b4 9f       	mul	r27, r20
    4d8c:	90 0d       	add	r25, r0
    4d8e:	a4 9f       	mul	r26, r20
    4d90:	80 0d       	add	r24, r0
    4d92:	91 1d       	adc	r25, r1
    4d94:	11 24       	eor	r1, r1
    4d96:	08 95       	ret

00004d98 <_exit>:
    4d98:	f8 94       	cli

00004d9a <__stop_program>:
    4d9a:	ff cf       	rjmp	.-2      	; 0x4d9a <__stop_program>
