{
  "[[1, 0, 0, 0], [0, 1, 0, 0], [0, 0, 1, 0], [0, 0, 0, 1]]": {
    "Q": [[1, 0, 0, 0], [0, 1, 0, 0], [0, 0, 1, 0], [0, 0, 0, 1]],
    "R": 0.01,
    "K": [[-9.25934327292018, -18.431329405004522, 69.59523674403096, 17.37077300559456]],
    "notes": ""
  },
  "[[10, 0, 0, 0], [0, 1, 0, 0], [0, 0, 100, 0], [0, 0, 0, 1]]": {
    "Q": [[10, 0, 0, 0], [0, 1, 0, 0], [0, 0, 100, 0], [0, 0, 0, 1]],
    "R": 0.01,
    "K": [[-29.194906814604682, -33.920943785639196, 141.54768759637454, 24.667406911496055]],
    "notes": ""
  }
}